# data_column_name,cf_standard_name,imos_vocabulary_name,unit_name,unit_short_name,uv.definition
# AIRT,air_temperature,Temperature of the atmosphere,Degrees Celsius,degC                                                                                                          ,
# ATMP,air_pressure,Pressure (measured variable) exerted by the atmosphere,Millibars,mbar                                                                                                          ,
# CNDC_2,sea_water_electrical_conductivity,Electrical conductivity of the water body,Siemens per metre,S m-1                                                                                                         ,
# CNDC_3,sea_water_electrical_conductivity,Electrical conductivity of the water body,Siemens per metre,S m-1                                                                                                         ,
# CNDC,sea_water_electrical_conductivity,Electrical conductivity of the water body,Siemens per metre,S m-1                                                                                                         ,
# DEWT,dew_point_temperature,Dew point temperature of the atmosphere,Degrees Celsius,degC                                                                                                          ,
# GPS_HEIGHT,,,Metres,m                                                                                                             ,
# LATITUDE,latitude,Latitude north,Degrees,deg                                                                                                           ,
# LONGITUDE,longitude,Longitude east,Degrees,deg                                                                                                           ,
# PL_CRS,platform_course,Direction of motion (over ground) of measurement platform,Degrees True,deg T                                                                                                         ,
# PL_SPD,platform_speed_wrt_ground,Speed (over ground) of measurement platform,Metres per second,m s-1                                                                                                         ,
# PL_WDIR,,Wind direction (relative to moving platform) in the atmosphere,Degrees True,deg T                                                                                                         ,
# PL_WSPD,,Wind speed (relative to moving platform) in the atmosphere,Metres per second,m s-1                                                                                                         ,
# PSAL_2,sea_water_salinity,Practical salinity of the water body,Practical Salinity Unit,PSU                                                                                                           ,
# PSAL_3,sea_water_salinity,Practical salinity of the water body,Practical Salinity Unit,PSU                                                                                                           ,
# PSAL,sea_water_salinity,Practical salinity of the water body,Practical Salinity Unit,PSU                                                                                                           ,
# RAD_PAR,surface_downwelling_photosynthetic_radiative_flux_in_air,Downwelling vector irradiance as photons (PAR wavelengths) in the atmosphere,Micromoles per second per square metre,umol s-1 m-2                                                                                                  ,
# RELH,relative_humidity,Relative humidity of the atmosphere,Percent,%                                                                                                             ,
# TEMP_2,sea_water_temperature,Temperature of the water body,Degrees Celsius,degC                                                                                                          ,
# TEMP_3,sea_water_temperature,Temperature of the water body,Degrees Celsius,degC                                                                                                          ,
# TEMP_4,sea_water_temperature,Temperature of the water body,Degrees Celsius,degC                                                                                                          ,
# TEMP,sea_water_temperature,Temperature of the water body,Degrees Celsius,degC                                                                                                          ,
# WDIR,wind_from_direction,Wind from direction in the atmosphere,Degrees True,deg T                                                                                                         ,
# WETT,wet_bulb_temperature,Wet bulb temperature of the atmosphere,Degrees Celsius,degC                                                                                                          ,
# WSPD,wind_speed,Wind speed in the atmosphere,Metres per second,m s-1                                                                                                         ,
#
# qc_scheme_short_name,flag_value,flag_meaning,flag_description
# BOM,B,Value out of bounds ,
# BOM,C,Time not sequential ,
# BOM,D,Failed T > Tw > Td test (see Verein 2008) ,This test is not realised yet
# BOM,E,Failed resultant wind recomputation test ,This test gets applied to SST data product
# BOM,F,Platform velocity unrealistic ,
# BOM,G,Value exceeds (climatological) threshold ,
# BOM,H,Discontinuity in data ,
# BOM,J,Erroneous value ,
# BOM,K,Suspect value (visual) ,
# BOM,L,Value located over land ,
# BOM,M,Instrument malfunction ,
# BOM,Q,Pre-flagged as suspect ,
# BOM,S,Spike in data (visual) ,
# BOM,T,Time duplicate ,
# BOM,U,Suspect data (statistical) ,
# BOM,V,Spike in data (statistical) ,
# BOM,X,Step in data (statistical) ,
# BOM,Z,Value passes all test ,

FID,trajectory_id,measurement_id,platform_code,vessel_name,voyage_number,TIME,TIME_quality_control,LATITUDE,LATITUDE_quality_control,LONGITUDE,LONGITUDE_quality_control,AIRT,AIRT_quality_control,ATMP,ATMP_quality_control,CNDC,CNDC_quality_control,CNDC_2,CNDC_2_quality_control,CNDC_3,CNDC_3_quality_control,DEWT,DEWT_quality_control,GPS_HEIGHT,GPS_HEIGHT_quality_control,PL_CRS,PL_CRS_quality_control,PL_SPD,PL_SPD_quality_control,PL_WDIR,PL_WDIR_quality_control,PL_WSPD,PL_WSPD_quality_control,PSAL,PSAL_quality_control,PSAL_2,PSAL_2_quality_control,PSAL_3,PSAL_3_quality_control,RELH,RELH_quality_control,TEMP,TEMP_quality_control,TEMP_2,TEMP_2_quality_control,TEMP_3,TEMP_3_quality_control,TEMP_4,TEMP_4_quality_control,WDIR,WDIR_quality_control,WETT,WETT_quality_control,WSPD,WSPD_quality_control,AIRT_b,ATMP_b,CNDC_b,DEWT_b,PL_CRS_b,PL_SPD_b,PL_WDIR_b,PL_WSPD_b,PSAL_b,RELH_b,TEMP_b,WDIR_b,WETT_b,WSPD_b,geom
soop_sst_nrt_trajectory_data.fid--1f707f45_1989dc45aa9_7613,7,144,9HA2479,Pacific Sun,undefined,2010-12-18T18:00:00Z,Z,-33.8,Z,151.5,Z,19.2,Z,1004.4,Z,,,,,,,12,Z,,,225,Z,9.26,Z,,,,,,,,,,,,,20.2,Z,,,,,,,100,Z,14.9,Z,3.6011,Z,true,true,false,true,true,true,false,false,false,false,true,true,true,true,POINT (151.5 -33.79999923706055)
soop_sst_nrt_trajectory_data.fid--1f707f45_1989dc45aa9_7614,7,145,9HA2479,Pacific Sun,undefined,2010-12-18T19:00:00Z,Z,-33.8,Z,151.3,Z,19,Z,1004.1,Z,,,,,,,12.9,Z,,,225,Z,6.6878,Z,,,,,,,,,,,,,19.5,Z,,,,,,,70,Z,15.3,Z,3.6011,Z,true,true,false,true,true,true,false,false,false,false,true,true,true,true,POINT (151.3000030517578 -33.79999923706055)
soop_sst_nrt_trajectory_data.fid--1f707f45_1989dc45aa9_7615,8,155,9HA2479,Pacific Sun,undefined,2010-12-19T06:00:00Z,Z,-33.8,Z,151.3,Z,23.9,Z,993.6,Z,,,,,,,10.8,Z,,,90,Z,6.6878,Z,,,,,,,,,,,,,19.7,Z,,,,,,,350,Z,16,Z,15.9478,Z,true,true,false,true,true,true,false,false,false,false,true,true,true,true,POINT (151.3000030517578 -33.79999923706055)
soop_sst_nrt_trajectory_data.fid--1f707f45_1989dc45aa9_7616,8,156,9HA2479,Pacific Sun,undefined,2010-12-19T07:00:00Z,Z,-33.7,Z,151.6,Z,22,Z,994.5,Z,,,,,,,14.6,Z,,,45,Z,9.26,Z,,,,,,,,,,,,,20.7,Z,,,,,,,340,Z,17.3,Z,18.0056,Z,true,true,false,true,true,true,false,false,false,false,true,true,true,true,POINT (151.60000610351562 -33.70000076293945)
soop_sst_nrt_trajectory_data.fid--1f707f45_1989dc45aa9_7617,17,372,9HA2479,Pacific Sun,undefined,2010-12-28T18:00:00Z,Z,-33.8,Z,151.5,Z,19.1,Z,1017.6,Z,,,,,,,15.4,Z,,,225,Z,9.26,Z,,,,,,,,,,,,,20.1,Z,,,,,,,300,Z,16.8,Z,3.0867,Z,true,true,false,true,true,true,false,false,false,false,true,true,true,true,POINT (151.5 -33.79999923706055)
soop_sst_nrt_trajectory_data.fid--1f707f45_1989dc45aa9_7618,17,373,9HA2479,Pacific Sun,undefined,2010-12-28T19:00:00Z,Z,-33.8,Z,151.3,Z,17.7,Z,1018.4,Z,,,,,,,12.7,Z,,,225,Z,6.6878,Z,,,,,,,,,,,,,20,Z,,,,,,,270,Z,14.7,Z,3.0867,Z,true,true,false,true,true,true,false,false,false,false,true,true,true,true,POINT (151.3000030517578 -33.79999923706055)
soop_sst_nrt_trajectory_data.fid--1f707f45_1989dc45aa9_7619,18,384,9HA2479,Pacific Sun,undefined,2010-12-29T07:00:00Z,Z,-33.7,Z,151.6,Z,21.4,Z,1014.4,Z,,,,,,,16.4,Z,,,45,Z,9.26,Z,,,,,,,,,,,,,20.6,Z,,,,,,,40,Z,18.2,Z,11.8322,Z,true,true,false,true,true,true,false,false,false,false,true,true,true,true,POINT (151.60000610351562 -33.70000076293945)
soop_sst_nrt_trajectory_data.fid--1f707f45_1989dc45aa9_761a,29,643,9HA2479,Pacific Sun,undefined,2011-01-09T18:00:00Z,Z,-33.8,Z,151.5,Z,23.1,Z,1015.7,Z,,,,,,,20.4,Z,,,225,Z,9.26,Z,,,,,,,,,,,,,23,Z,,,,,,,70,Z,21.2,Z,9.7744,Z,true,true,false,true,true,true,false,false,false,false,true,true,true,true,POINT (151.5 -33.79999923706055)
soop_sst_nrt_trajectory_data.fid--1f707f45_1989dc45aa9_761b,29,644,9HA2479,Pacific Sun,undefined,2011-01-09T19:00:00Z,Z,-33.8,Z,151.3,Z,22.8,Z,1016.4,Z,,,,,,,20.3,Z,,,225,Z,4.1156,Z,,,,,,,,,,,,,22.7,Z,,,,,,,90,Z,21,Z,6.6878,Z,true,true,false,true,true,true,false,false,false,false,true,true,true,true,POINT (151.3000030517578 -33.79999923706055)
soop_sst_nrt_trajectory_data.fid--1f707f45_1989dc45aa9_761c,30,655,9HA2479,Pacific Sun,undefined,2011-01-10T07:00:00Z,Z,-33.7,Z,151.5,Z,23.2,Z,1014,Z,,,,,,,19.2,Z,,,45,Z,9.26,Z,,,,,,,,,,,,,22.9,Z,,,,,,,90,Z,20.5,Z,11.8322,Z,true,true,false,true,true,true,false,false,false,false,true,true,true,true,POINT (151.5 -33.70000076293945)
soop_sst_nrt_trajectory_data.fid--1f707f45_1989dc45aa9_761d,36,793,9HA2479,Pacific Sun,undefined,2011-01-17T18:00:00Z,Z,-33.8,Z,151.5,Z,22.1,Z,1004.9,Z,,,,,,,16.2,Z,,,225,Z,9.26,Z,,,,,,,,,,,,,25.5,Z,,,,,,,140,Z,18.2,Z,14.4044,Z,true,true,false,true,true,true,false,false,false,false,true,true,true,true,POINT (151.5 -33.79999923706055)
soop_sst_nrt_trajectory_data.fid--1f707f45_1989dc45aa9_761e,36,794,9HA2479,Pacific Sun,undefined,2011-01-17T19:00:00Z,Z,-33.8,Z,151.3,Z,20,Z,1006.6,Z,,,,,,,15.7,Z,,,225,Z,4.1156,Z,,,,,,,,,,,,,23.1,Z,,,,,,,220,Z,17.2,Z,7.7167,Z,true,true,false,true,true,true,false,false,false,false,true,true,true,true,POINT (151.3000030517578 -33.79999923706055)
soop_sst_nrt_trajectory_data.fid--1f707f45_1989dc45aa9_761f,37,803,9HA2479,Pacific Sun,undefined,2011-01-18T06:00:00Z,Z,-33.8,Z,151.3,Z,22.3,Z,1007.8,Z,,,,,,,15.8,Z,,,90,Z,6.6878,Z,,,,,,,,,,,,,23.9,Z,,,,,,,110,Z,18.1,Z,8.7456,Z,true,true,false,true,true,true,false,false,false,false,true,true,true,true,POINT (151.3000030517578 -33.79999923706055)
soop_sst_nrt_trajectory_data.fid--1f707f45_1989dc45aa9_7620,37,804,9HA2479,Pacific Sun,undefined,2011-01-18T07:00:00Z,Z,-33.7,Z,151.5,Z,22.4,Z,1007.5,Z,,,,,,,16,Z,,,45,Z,9.26,Z,,,,,,,,,,,,,25.3,Z,,,,,,,110,Z,18.2,Z,9.26,Z,true,true,false,true,true,true,false,false,false,false,true,true,true,true,POINT (151.5 -33.70000076293945)
soop_sst_nrt_trajectory_data.fid--1f707f45_1989dc45aa9_7621,46,1003,9HA2479,Pacific Sun,undefined,2011-01-27T18:00:00Z,H,-33.8,Z,151.5,Z,23.1,Z,1016,Z,,,,,,,17.9,Z,,,225,Z,9.26,Z,,,,,,,,,,,,,24.3,Z,,,,,,,140,Z,19.7,Z,15.9478,Z,true,true,false,true,true,true,false,false,false,false,true,true,true,true,POINT (151.5 -33.79999923706055)
soop_sst_nrt_trajectory_data.fid--1f707f45_1989dc45aa9_7622,47,1014,9HA2479,Pacific Sun,undefined,2011-01-28T07:00:00Z,Z,-33.8,Z,151.3,Z,22,Z,1019.2,Z,,,,,,,15.6,Z,,,90,Z,6.6878,Z,,,,,,,,,,,,,23.6,Z,,,,,,,170,Z,17.9,Z,10.8033,Z,true,true,false,true,true,true,false,false,false,false,true,true,true,true,POINT (151.3000030517578 -33.79999923706055)
soop_sst_nrt_trajectory_data.fid--1f707f45_1989dc45aa9_7623,53,1148,9HA2479,Pacific Sun,undefined,2011-02-03T20:00:00Z,Z,-33.7,Z,151.6,Z,23.9,Z,1014.8,Z,,,,,,,22.1,Z,,,225,Z,9.26,Z,,,,,,,,,,,,,24.1,Z,,,,,,,250,Z,22.6,Z,3.0867,Z,true,true,false,true,true,true,false,false,false,false,true,true,true,true,POINT (151.60000610351562 -33.70000076293945)
soop_sst_nrt_trajectory_data.fid--1f707f45_1989dc45aa9_7624,53,1149,9HA2479,Pacific Sun,undefined,2011-02-03T21:00:00Z,Z,-33.8,Z,151.4,Z,23.5,Z,1014.6,Z,,,,,,,21.8,Z,,,270,Z,6.6878,Z,,,,,,,,,,,,,23.4,Z,,,,,,,330,Z,22.3,Z,2.5722,Z,true,true,false,true,true,true,false,false,false,false,true,true,true,true,POINT (151.39999389648438 -33.79999923706055)
soop_sst_nrt_trajectory_data.fid--1f707f45_1989dc45aa9_7625,54,1160,9HA2479,Pacific Sun,undefined,2011-02-04T08:00:00Z,Z,-33.8,Z,151.2,Z,25.9,Z,1010.7,Z,,,,,,,22,Z,,,90,Z,4.1156,Z,,,,,,,,,,,,,25.2,Z,,,,,,,80,Z,23.1,Z,8.2311,Z,true,true,false,true,true,true,false,false,false,false,true,true,true,true,POINT (151.1999969482422 -33.79999923706055)
soop_sst_nrt_trajectory_data.fid--1f707f45_1989dc45aa9_7626,54,1161,9HA2479,Pacific Sun,undefined,2011-02-04T09:00:00Z,Z,-33.8,Z,151.3,Z,24.2,Z,1011,Z,,,,,,,22.8,Z,,,90,Z,6.6878,Z,,,,,,,,,,,,,24.2,Z,,,,,,,10,Z,23.2,Z,9.26,Z,true,true,false,true,true,true,false,false,false,false,true,true,true,true,POINT (151.3000030517578 -33.79999923706055)
soop_sst_nrt_trajectory_data.fid--1f707f45_1989dc45aa9_7627,84,1859,9HA2479,Pacific Sun,undefined,2011-03-06T16:00:00Z,Z,-33.7,Z,151.8,Z,20.4,Z,1024.6,Z,,,,,,,12.6,Z,,,180,Z,4.1156,Z,,,,,,,,,,,,,23,Z,,,,,,,110,Z,15.6,Z,11.3178,Z,true,true,false,true,true,true,false,false,false,false,true,true,true,true,POINT (151.8000030517578 -33.70000076293945)
soop_sst_nrt_trajectory_data.fid--1f707f45_1989dc45aa9_7628,84,1860,9HA2479,Pacific Sun,undefined,2011-03-06T17:00:00Z,Z,-33.8,Z,151.7,Z,20.1,Z,1024.5,Z,,,,,,,11,Z,,,180,Z,6.6878,Z,,,,,,,,,,,,,22.8,Z,,,,,,,100,Z,14.7,Z,8.2311,Z,true,true,false,true,true,true,false,false,false,false,true,true,true,true,POINT (151.6999969482422 -33.79999923706055)
soop_sst_nrt_trajectory_data.fid--1f707f45_1989dc45aa9_7629,85,1876,9HA2479,Pacific Sun,undefined,2011-03-07T09:00:00Z,Z,-33.8,Z,151.5,Z,21.3,Z,1021.5,Z,,,,,,,14.2,Z,,,315,Z,4.1156,Z,,,,,,,,,,,,,22.8,Z,,,,,,,80,Z,16.9,Z,7.2022,Z,true,true,false,true,true,true,false,false,false,false,true,true,true,true,POINT (151.5 -33.79999923706055)
soop_sst_nrt_trajectory_data.fid--1f707f45_1989dc45aa9_762a,85,1877,9HA2479,Pacific Sun,undefined,2011-03-07T10:00:00Z,Z,-33.8,Z,151.3,Z,21.1,Z,1021.9,Z,,,,,,,14,Z,,,270,Z,4.1156,Z,,,,,,,,,,,,,22.5,Z,,,,,,,60,Z,16.7,Z,7.7167,Z,true,true,false,true,true,true,false,false,false,false,true,true,true,true,POINT (151.3000030517578 -33.79999923706055)
soop_sst_nrt_trajectory_data.fid--1f707f45_1989dc45aa9_762b,86,1897,9HA2479,Pacific Sun,undefined,2011-03-08T06:00:00Z,Z,-33.8,Z,151.2,Z,23.7,Z,1015.1,Z,,,,,,,16.5,Z,,,90,Z,4.1156,Z,,,,,,,,,,,,,23.4,Z,,,,,,,40,Z,18.9,Z,8.7456,Z,true,true,false,true,true,true,false,false,false,false,true,true,true,true,POINT (151.1999969482422 -33.79999923706055)
soop_sst_nrt_trajectory_data.fid--1f707f45_1989dc45aa9_762c,86,1898,9HA2479,Pacific Sun,undefined,2011-03-08T07:00:00Z,Z,-33.8,Z,151.4,Z,22.8,Z,1015.3,Z,,,,,,,17.7,Z,,,45,Z,4.1156,Z,,,,,,,,,,,,,22.7,Z,,,,,,,30,Z,19.4,Z,14.4044,Z,true,true,false,true,true,true,false,false,false,false,true,true,true,true,POINT (151.39999389648438 -33.79999923706055)
soop_sst_nrt_trajectory_data.fid--1f707f45_1989dc45aa9_762d,86,1899,9HA2479,Pacific Sun,undefined,2011-03-08T08:00:00Z,Z,-33.7,Z,151.5,Z,22.9,Z,1015.1,Z,,,,,,,17.6,Z,,,45,Z,6.6878,Z,,,,,,,,,,,,,22.9,Z,,,,,,,30,Z,19.3,Z,15.4333,Z,true,true,false,true,true,true,false,false,false,false,true,true,true,true,POINT (151.5 -33.70000076293945)
soop_sst_nrt_trajectory_data.fid--1f707f45_1989dc45aa9_762e,92,2047,9HA2479,Pacific Sun,undefined,2011-03-14T21:00:00Z,Z,-33.8,Z,151.4,Z,21.3,Z,1021.6,Z,,,,,,,17,Z,,,180,Z,6.6878,Z,,,,,,,,,,,,,22.8,Z,,,,,,,180,Z,18.5,Z,9.26,Z,true,true,false,true,true,true,false,false,false,false,true,true,true,true,POINT (151.39999389648438 -33.79999923706055)
soop_sst_nrt_trajectory_data.fid--1f707f45_1989dc45aa9_762f,92,2048,9HA2479,Pacific Sun,undefined,2011-03-14T22:00:00Z,Z,-33.8,Z,151.3,Z,20.8,Z,1022,Z,,,,,,,17.2,Z,,,225,Z,6.6878,Z,,,,,,,,,,,,,22.6,Z,,,,,,,210,Z,18.5,Z,5.6589,Z,true,true,false,true,true,true,false,false,false,false,true,true,true,true,POINT (151.3000030517578 -33.79999923706055)
soop_sst_nrt_trajectory_data.fid--1f707f45_1989dc45aa9_7630,93,2058,9HA2479,Pacific Sun,undefined,2011-03-15T08:00:00Z,Z,-33.8,Z,151.3,Z,21.2,Z,1018,Z,,,,,,,16.9,Z,,,90,Z,4.1156,Z,,,,,,,,,,,,,22.8,Z,,,,,,,90,Z,18.4,Z,4.1156,Z,true,true,false,true,true,true,false,false,false,false,true,true,true,true,POINT (151.3000030517578 -33.79999923706055)
soop_sst_nrt_trajectory_data.fid--1f707f45_1989dc45aa9_7631,93,2059,9HA2479,Pacific Sun,undefined,2011-03-15T09:00:00Z,Z,-33.7,Z,151.5,Z,21.3,Z,1018.2,Z,,,,,,,16.8,Z,,,45,Z,6.6878,Z,,,,,,,,,,,,,23.1,Z,,,,,,,100,Z,18.4,Z,5.1444,Z,true,true,false,true,true,true,false,false,false,false,true,true,true,true,POINT (151.5 -33.70000076293945)
soop_sst_nrt_trajectory_data.fid--1f707f45_1989dc45aa9_7632,102,2278,9HA2479,Pacific Sun,undefined,2011-03-24T18:00:00Z,Z,-33.8,Z,151.4,Z,19.6,Z,1005.7,Z,,,,,,,12.3,Z,,,225,Z,6.6878,Z,,,,,,,,,,,,,22.4,Z,,,,,,,300,Z,15.2,Z,9.7744,Z,true,true,false,true,true,true,false,false,false,false,true,true,true,true,POINT (151.39999389648438 -33.79999923706055)
soop_sst_nrt_trajectory_data.fid--1f707f45_1989dc45aa9_7633,102,2279,9HA2479,Pacific Sun,undefined,2011-03-24T19:00:00Z,Z,-33.8,Z,151.3,Z,18.7,Z,1006.7,Z,,,,,,,11.8,Z,,,225,Z,6.6878,Z,,,,,,,,,,,,,22.4,Z,,,,,,,290,Z,14.5,Z,4.63,Z,true,true,false,true,true,true,false,false,false,false,true,true,true,true,POINT (151.3000030517578 -33.79999923706055)
soop_sst_nrt_trajectory_data.fid--1f707f45_1989dc45aa9_7634,103,2290,9HA2479,Pacific Sun,undefined,2011-03-25T06:00:00Z,Z,-33.8,Z,151.3,Z,22.8,Z,1010,Z,,,,,,,12.2,Z,,,90,Z,4.1156,Z,,,,,,,,,,,,,22.7,Z,,,,,,,150,Z,16.3,Z,9.26,Z,true,true,false,true,true,true,false,false,false,false,true,true,true,true,POINT (151.3000030517578 -33.79999923706055)
soop_sst_nrt_trajectory_data.fid--1f707f45_1989dc45aa9_7635,103,2291,9HA2479,Pacific Sun,undefined,2011-03-25T07:00:00Z,Z,-33.7,Z,151.5,Z,22.9,Z,1010.8,Z,,,,,,,13.1,Z,,,45,Z,6.6878,Z,,,,,,,,,,,,,22.5,Z,,,,,,,180,Z,16.8,Z,7.2022,Z,true,true,false,true,true,true,false,false,false,false,true,true,true,true,POINT (151.5 -33.70000076293945)
soop_sst_nrt_trajectory_data.fid--1f707f45_1989dc45aa9_7636,171,3825,9HA2479,Pacific Sun,undefined,2011-06-20T19:00:00Z,Z,-33.8,Z,151.4,Z,14.5,Z,1008.3,Z,,,,,,,5.9,Z,,,225,Z,6.6878,Z,,,,,,,,,,,,,19.9,Z,,,,,,,360,Z,10,Z,12.8611,Z,true,true,false,true,true,true,false,false,false,false,true,true,true,true,POINT (151.39999389648438 -33.79999923706055)
soop_sst_nrt_trajectory_data.fid--1f707f45_1989dc45aa9_7637,171,3826,9HA2479,Pacific Sun,undefined,2011-06-20T20:00:00Z,Z,-33.8,Z,151.3,Z,11.4,Z,1007.7,Z,,,,,,,4.7,Z,,,225,Z,6.6878,Z,,,,,,,,,,,,,16.6,Z,,,,,,,20,Z,8.1,Z,9.7744,Z,true,true,false,true,true,true,false,false,false,false,true,true,true,true,POINT (151.3000030517578 -33.79999923706055)
soop_sst_nrt_trajectory_data.fid--1f707f45_1989dc45aa9_7638,172,3843,9HA2479,Pacific Sun,undefined,2011-06-21T13:00:00Z,Z,-33.8,Z,151.3,Z,11.2,Z,1008.6,Z,,,,,,,-0.4,Z,,,45,Z,6.6878,Z,,,,,,,,,,,,,17.2,Z,,,,,,,260,Z,6,Z,10.2889,Z,true,true,false,true,true,true,false,false,false,false,true,true,true,true,POINT (151.3000030517578 -33.79999923706055)
soop_sst_nrt_trajectory_data.fid--1f707f45_1989dc45aa9_7639,172,3844,9HA2479,Pacific Sun,undefined,2011-06-21T14:00:00Z,Z,-33.7,Z,151.6,Z,12.2,Z,1009.4,Z,,,,,,,2.5,Z,,,45,Z,9.26,Z,,,,,,,,,,,,,20.1,Z,,,,,,,270,Z,7.5,Z,14.4044,Z,true,true,false,true,true,true,false,false,false,false,true,true,true,true,POINT (151.60000610351562 -33.70000076293945)
soop_sst_nrt_trajectory_data.fid--1f707f45_1989dc45aa9_763a,181,4057,9HA2479,Pacific Sun,undefined,2011-06-30T18:00:00Z,Z,-33.8,Z,151.5,Z,15.5,Z,1030.7,Z,,,,,,,8.5,Z,,,225,Z,6.6878,Z,,,,,,,,,,,,,20.7,Z,,,,,,,150,Z,11.7,Z,10.2889,Z,true,true,false,true,true,true,false,false,false,false,true,true,true,true,POINT (151.5 -33.79999923706055)
soop_sst_nrt_trajectory_data.fid--1f707f45_1989dc45aa9_763b,181,4058,9HA2479,Pacific Sun,undefined,2011-06-30T19:00:00Z,Z,-33.8,Z,151.3,Z,12.1,Z,1031.2,Z,,,,,,,10.5,Z,,,270,Z,4.1156,Z,,,,,,,,,,,,,18,Z,,,,,,,270,Z,11.2,Z,5.6589,Z,true,true,false,true,true,true,false,false,false,false,true,true,true,true,POINT (151.3000030517578 -33.79999923706055)
soop_sst_nrt_trajectory_data.fid--1f707f45_1989dc45aa9_763c,182,4070,9HA2479,Pacific Sun,undefined,2011-07-01T07:00:00Z,Z,-33.8,Z,151.3,Z,15.6,Z,1027.7,Z,,,,,,,9.9,Z,,,90,Z,6.6878,Z,,,,,,,,,,,,,17.3,Z,,,,,,,190,Z,12.4,Z,6.6878,Z,true,true,false,true,true,true,false,false,false,false,true,true,true,true,POINT (151.3000030517578 -33.79999923706055)
soop_sst_nrt_trajectory_data.fid--1f707f45_1989dc45aa9_763d,182,4071,9HA2479,Pacific Sun,undefined,2011-07-01T08:00:00Z,Z,-33.8,Z,151.5,Z,14,Z,1027.9,Z,,,,,,,12.7,Z,,,45,Z,9.26,Z,,,,,,,,,,,,,20.5,Z,,,,,,,170,Z,13.2,Z,12.8611,Z,true,true,false,true,true,true,false,false,false,false,true,true,true,true,POINT (151.5 -33.79999923706055)
soop_sst_nrt_trajectory_data.fid--1f707f45_1989dc45aa9_763e,189,4246,9HA2479,Pacific Sun,undefined,2011-07-08T20:00:00Z,Z,-33.8,Z,151.4,Z,10.2,Z,1017.6,Z,,,,,,,1.6,Z,,,225,Z,6.6878,Z,,,,,,,,,,,,,19.7,Z,,,,,,,270,Z,6.3,Z,15.9478,Z,true,true,false,true,true,true,false,false,false,false,true,true,true,true,POINT (151.39999389648438 -33.79999923706055)
soop_sst_nrt_trajectory_data.fid--1f707f45_1989dc45aa9_763f,189,4247,9HA2479,Pacific Sun,undefined,2011-07-08T21:00:00Z,Z,-33.8,Z,151.2,Z,8.4,Z,1018,Z,,,,,,,-0.5,Z,,,270,Z,4.1156,Z,,,,,,,,,,,,,15.9,Z,,,,,,,250,Z,4.6,Z,11.3178,Z,true,true,false,true,true,true,false,false,false,false,true,true,true,true,POINT (151.1999969482422 -33.79999923706055)
soop_sst_nrt_trajectory_data.fid--1f707f45_1989dc45aa9_7640,190,4257,9HA2479,Pacific Sun,undefined,2011-07-09T07:00:00Z,Z,-33.8,Z,151.3,Z,14.4,Z,1016.5,Z,,,,,,,1.3,Z,,,45,Z,6.6878,Z,,,,,,,,,,,,,17.3,Z,,,,,,,240,Z,8.2,Z,8.2311,Z,true,true,false,true,true,true,false,false,false,false,true,true,true,true,POINT (151.3000030517578 -33.79999923706055)
soop_sst_nrt_trajectory_data.fid--1f707f45_1989dc45aa9_7641,190,4258,9HA2479,Pacific Sun,undefined,2011-07-09T08:00:00Z,Z,-33.7,Z,151.5,Z,14.4,Z,1016.9,Z,,,,,,,3.4,Z,,,45,Z,9.26,Z,,,,,,,,,,,,,20,Z,,,,,,,240,Z,9,Z,11.8322,Z,true,true,false,true,true,true,false,false,false,false,true,true,true,true,POINT (151.5 -33.70000076293945)
soop_sst_nrt_trajectory_data.fid--1f707f45_1989dc45aa9_7642,197,4428,9HA2479,Pacific Sun,undefined,2011-07-16T19:00:00Z,Z,-33.8,Z,151.5,Z,13.9,Z,1024.8,Z,,,,,,,11.7,Z,,,225,Z,9.26,Z,,,,,,,,,,,,,18.1,Z,,,,,,,130,Z,12.6,Z,3.0867,Z,true,true,false,true,true,true,false,false,false,false,true,true,true,true,POINT (151.5 -33.79999923706055)
soop_sst_nrt_trajectory_data.fid--1f707f45_1989dc45aa9_7643,197,4429,9HA2479,Pacific Sun,undefined,2011-07-16T20:00:00Z,Z,-33.8,Z,151.3,Z,11.9,Z,1025.3,Z,,,,,,,10.4,Z,,,225,Z,6.6878,Z,,,,,,,,,,,,,17.4,Z,,,,,,,230,Z,11.1,Z,4.1156,Z,true,true,false,true,true,true,false,false,false,false,true,true,true,true,POINT (151.3000030517578 -33.79999923706055)
soop_sst_nrt_trajectory_data.fid--1f707f45_1989dc45aa9_7644,198,4440,9HA2479,Pacific Sun,undefined,2011-07-17T07:00:00Z,Z,-33.8,Z,151.3,Z,14.3,Z,1021.5,Z,,,,,,,12.1,Z,,,90,Z,4.1156,Z,,,,,,,,,,,,,17.2,Z,,,,,,,350,Z,13,Z,2.0578,Z,true,true,false,true,true,true,false,false,false,false,true,true,true,true,POINT (151.3000030517578 -33.79999923706055)
soop_sst_nrt_trajectory_data.fid--1f707f45_1989dc45aa9_7645,205,4609,9HA2479,Pacific Sun,undefined,2011-07-24T18:00:00Z,Z,-33.7,Z,151.7,Z,13.5,Z,1017.1,Z,,,,,,,7.3,Z,,,225,Z,9.26,Z,,,,,,,,,,,,,19.2,Z,,,,,,,260,Z,10.2,Z,5.6589,Z,true,true,false,true,true,true,false,false,false,false,true,true,true,true,POINT (151.6999969482422 -33.70000076293945)
soop_sst_nrt_trajectory_data.fid--1f707f45_1989dc45aa9_7646,205,4610,9HA2479,Pacific Sun,undefined,2011-07-24T19:00:00Z,Z,-33.8,Z,151.4,Z,12.5,Z,1016.9,Z,,,,,,,7.2,Z,,,270,Z,6.6878,Z,,,,,,,,,,,,,19,Z,,,,,,,290,Z,9.7,Z,6.1733,Z,true,true,false,true,true,true,false,false,false,false,true,true,true,true,POINT (151.39999389648438 -33.79999923706055)
soop_sst_nrt_trajectory_data.fid--1f707f45_1989dc45aa9_7647,205,4611,9HA2479,Pacific Sun,undefined,2011-07-24T20:00:00Z,Z,-33.8,Z,151.2,Z,9.1,Z,1017.6,Z,,,,,,,6,Z,,,270,Z,4.1156,Z,,,,,,,,,,,,,14.1,G,,,,,,,290,Z,7.6,Z,2.0578,Z,true,true,false,true,true,true,false,false,false,false,true,true,true,true,POINT (151.1999969482422 -33.79999923706055)
soop_sst_nrt_trajectory_data.fid--1f707f45_1989dc45aa9_7648,206,4622,9HA2479,Pacific Sun,undefined,2011-07-25T08:00:00Z,Z,-33.8,Z,151.3,Z,14,Z,1016.4,Z,,,,,,,7,Z,,,45,Z,4.1156,Z,,,,,,,,,,,,,15.1,G,,,,,,,210,Z,10.3,Z,5.1444,Z,true,true,false,true,true,true,false,false,false,false,true,true,true,true,POINT (151.3000030517578 -33.79999923706055)
soop_sst_nrt_trajectory_data.fid--1f707f45_1989dc45aa9_7649,206,4623,9HA2479,Pacific Sun,undefined,2011-07-25T09:00:00Z,Z,-33.7,Z,151.5,Z,15.8,Z,1017,Z,,,,,,,6.8,Z,,,45,Z,9.26,Z,,,,,,,,,,,,,19.1,Z,,,,,,,210,Z,11,Z,6.1733,Z,true,true,false,true,true,true,false,false,false,false,true,true,true,true,POINT (151.5 -33.70000076293945)
soop_sst_nrt_trajectory_data.fid--1f707f45_1989dc45aa9_764a,271,6075,9HA2479,Pacific Sun,undefined,2011-11-17T15:00:00Z,Z,-33.8,Z,151.5,Z,18.3,Z,1018.5,Z,,,,,,,17.4,Z,,,225,Z,6.6878,Z,,,,,,,,,,,,,19.8,Z,,,,,,,260,Z,17.7,Z,3.6011,Z,true,true,false,true,true,true,false,false,false,false,true,true,true,true,POINT (151.5 -33.79999923706055)
soop_sst_nrt_trajectory_data.fid--1f707f45_1989dc45aa9_764b,271,6076,9HA2479,Pacific Sun,undefined,2011-11-17T16:00:00Z,Z,-33.8,Z,151.3,Z,18.1,Z,1018.1,Z,,,,,,,17.5,Z,,,225,Z,6.6878,Z,,,,,,,,,,,,,19.7,Z,,,,,,,220,Z,17.7,Z,3.0867,Z,true,true,false,true,true,true,false,false,false,false,true,true,true,true,POINT (151.3000030517578 -33.79999923706055)
soop_sst_nrt_trajectory_data.fid--1f707f45_1989dc45aa9_764c,272,6097,9HA2479,Pacific Sun,undefined,2011-11-18T13:00:00Z,Z,-33.8,Z,151.3,Z,19.5,Z,1017.7,Z,,,,,,,17.5,Z,,,135,Z,4.1156,Z,,,,,,,,,,,,,20,Z,,,,,,,360,Z,18.2,Z,6.6878,Z,true,true,false,true,true,true,false,false,false,false,true,true,true,true,POINT (151.3000030517578 -33.79999923706055)
soop_sst_nrt_trajectory_data.fid--1f707f45_1989dc45aa9_764d,274,6139,9HA2479,Pacific Sun,undefined,2011-11-20T08:00:00Z,Z,-33.7,Z,151.8,Z,21,Z,1012.7,Z,,,,,,,18.9,Z,,,45,Z,6.6878,Z,,,,,,,,,,,,,20.9,Z,,,,,,,220,Z,19.6,Z,9.7744,Z,true,true,false,true,true,true,false,false,false,false,true,true,true,true,POINT (151.8000030517578 -33.70000076293945)
soop_sst_nrt_trajectory_data.fid--1f707f45_1989dc45aa9_764e,274,6148,9HA2479,Pacific Sun,undefined,2011-11-20T17:00:00Z,Z,-33.7,Z,151.7,Z,18.9,Z,1016.3,Z,,,,,,,14.6,Z,,,225,Z,6.6878,Z,,,,,,,,,,,,,20.2,Z,,,,,,,140,Z,16.2,Z,10.8033,Z,true,true,false,true,true,true,false,false,false,false,true,true,true,true,POINT (151.6999969482422 -33.70000076293945)
soop_sst_nrt_trajectory_data.fid--1f707f45_1989dc45aa9_764f,274,6149,9HA2479,Pacific Sun,undefined,2011-11-20T18:00:00Z,Z,-33.8,Z,151.5,Z,18.7,Z,1017,Z,,,,,,,13.8,Z,,,225,Z,6.6878,Z,,,,,,,,,,,,,19.8,Z,,,,,,,130,Z,15.7,Z,10.8033,Z,true,true,false,true,true,true,false,false,false,false,true,true,true,true,POINT (151.5 -33.79999923706055)
soop_sst_nrt_trajectory_data.fid--1f707f45_1989dc45aa9_7650,274,6150,9HA2479,Pacific Sun,undefined,2011-11-20T19:00:00Z,Z,-33.8,Z,151.3,Z,18.8,Z,1017.4,Z,,,,,,,12.7,Z,,,270,Z,6.6878,Z,,,,,,,,,,,,,19.5,Z,,,,,,,140,Z,15.1,Z,4.63,Z,true,true,false,true,true,true,false,false,false,false,true,true,true,true,POINT (151.3000030517578 -33.79999923706055)
soop_sst_nrt_trajectory_data.fid--1f707f45_1989dc45aa9_7651,284,6381,9HA2479,Pacific Sun,undefined,2011-11-30T18:00:00Z,Z,-33.8,Z,151.4,Z,17.3,Z,1016.8,Z,,,,,,,11.7,Z,,,225,Z,6.6878,Z,,,,,,,,,,,,,19.1,Z,,,,,,,170,Z,14,Z,18.0056,Z,true,true,false,true,true,true,false,false,false,false,true,true,true,true,POINT (151.39999389648438 -33.79999923706055)
soop_sst_nrt_trajectory_data.fid--1f707f45_1989dc45aa9_7652,284,6382,9HA2479,Pacific Sun,undefined,2011-11-30T19:00:00Z,Z,-33.8,Z,151.3,Z,16.9,Z,1018,Z,,,,,,,9.2,Z,,,225,Z,6.6878,Z,,,,,,,,,,,,,19.5,Z,,,,,,,170,Z,12.5,Z,14.4044,Z,true,true,false,true,true,true,false,false,false,false,true,true,true,true,POINT (151.3000030517578 -33.79999923706055)
soop_sst_nrt_trajectory_data.fid--1f707f45_1989dc45aa9_7653,285,6393,9HA2479,Pacific Sun,undefined,2011-12-01T07:00:00Z,H,-33.8,Z,151.3,Z,16.8,Z,1021.3,Z,,,,,,,8.5,Z,,,90,Z,4.1156,Z,,,,,,,,,,,,,18.9,Z,,,,,,,180,Z,12.2,Z,15.9478,Z,true,true,false,true,true,true,false,false,false,false,true,true,true,true,POINT (151.3000030517578 -33.79999923706055)
soop_sst_nrt_trajectory_data.fid--1f707f45_1989dc45aa9_7654,285,6394,9HA2479,Pacific Sun,undefined,2011-12-01T08:00:00Z,Z,-33.8,Z,151.5,Z,17.1,Z,1021.5,Z,,,,,,,9.7,Z,,,90,Z,4.1156,Z,,,,,,,,,,,,,18.9,Z,,,,,,,180,Z,12.9,Z,15.9478,Z,true,true,false,true,true,true,false,false,false,false,true,true,true,true,POINT (151.5 -33.79999923706055)
soop_sst_nrt_trajectory_data.fid--1f707f45_1989dc45aa9_7655,285,6395,9HA2479,Pacific Sun,undefined,2011-12-01T09:00:00Z,Z,-33.8,Z,151.6,Z,17.5,Z,1022.2,Z,,,,,,,9.9,Z,,,45,Z,4.1156,Z,,,,,,,,,,,,,19.1,Z,,,,,,,170,Z,13.1,Z,7.7167,Z,true,true,false,true,true,true,false,false,false,false,true,true,true,true,POINT (151.60000610351562 -33.79999923706055)
soop_sst_nrt_trajectory_data.fid--1f707f45_1989dc45aa9_7656,285,6396,9HA2479,Pacific Sun,undefined,2011-12-01T10:00:00Z,Z,-33.7,Z,151.7,Z,17.3,Z,1022.5,Z,,,,,,,9.4,Z,,,45,Z,4.1156,Z,,,,,,,,,,,,,19.2,Z,,,,,,,180,Z,12.8,Z,6.6878,Z,true,true,false,true,true,true,false,false,false,false,true,true,true,true,POINT (151.6999969482422 -33.70000076293945)
soop_sst_nrt_trajectory_data.fid--1f707f45_1989dc45aa9_7657,285,6399,9HA2479,Pacific Sun,undefined,2011-12-01T13:00:00Z,Z,-33.7,Z,151.7,Z,17.5,Z,1022.1,Z,,,,,,,8.1,Z,,,180,Z,4.1156,Z,,,,,,,,,,,,,19.4,Z,,,,,,,140,Z,12.3,Z,11.8322,Z,true,true,false,true,true,true,false,false,false,false,true,true,true,true,POINT (151.6999969482422 -33.70000076293945)
soop_sst_nrt_trajectory_data.fid--1f707f45_1989dc45aa9_7658,285,6400,9HA2479,Pacific Sun,undefined,2011-12-01T14:00:00Z,Z,-33.8,Z,151.6,Z,17.3,Z,1021.6,Z,,,,,,,6.7,Z,,,180,Z,4.1156,Z,,,,,,,,,,,,,18.6,Z,,,,,,,150,Z,11.6,Z,10.8033,Z,true,true,false,true,true,true,false,false,false,false,true,true,true,true,POINT (151.60000610351562 -33.79999923706055)
soop_sst_nrt_trajectory_data.fid--1f707f45_1989dc45aa9_7659,287,6448,9HA2479,Pacific Sun,undefined,2011-12-03T16:00:00Z,Z,-33.7,Z,151.8,Z,18.1,Z,1014,Z,,,,,,,12.7,Z,,,270,Z,6.6878,Z,,,,,,,,,,,,,19.8,Z,,,,,,,40,Z,14.9,Z,9.7744,Z,true,true,false,true,true,true,false,false,false,false,true,true,true,true,POINT (151.8000030517578 -33.70000076293945)
soop_sst_nrt_trajectory_data.fid--1f707f45_1989dc45aa9_765a,287,6449,9HA2479,Pacific Sun,undefined,2011-12-03T17:00:00Z,Z,-33.8,Z,151.6,Z,17.8,Z,1013.3,Z,,,,,,,13.2,Z,,,225,Z,6.6878,Z,,,,,,,,,,,,,19.3,Z,,,,,,,360,Z,15,Z,10.8033,Z,true,true,false,true,true,true,false,false,false,false,true,true,true,true,POINT (151.60000610351562 -33.79999923706055)
soop_sst_nrt_trajectory_data.fid--1f707f45_1989dc45aa9_765b,287,6450,9HA2479,Pacific Sun,undefined,2011-12-03T18:00:00Z,Z,-33.8,Z,151.4,Z,17,Z,1013.2,Z,,,,,,,12.6,Z,,,270,Z,4.1156,Z,,,,,,,,,,,,,18.5,Z,,,,,,,360,Z,14.4,Z,5.6589,Z,true,true,false,true,true,true,false,false,false,false,true,true,true,true,POINT (151.39999389648438 -33.79999923706055)
soop_sst_nrt_trajectory_data.fid--1f707f45_1989dc45aa9_765c,287,6451,9HA2479,Pacific Sun,undefined,2011-12-03T19:00:00Z,Z,-33.8,Z,151.2,Z,16,Z,1013.6,Z,,,,,,,11.5,Z,,,0,Z,0,Z,,,,,,,,,,,,,20.4,Z,,,,,,,300,Z,13.4,Z,2.0578,Z,true,true,false,true,true,true,false,false,false,false,true,true,true,true,POINT (151.1999969482422 -33.79999923706055)
soop_sst_nrt_trajectory_data.fid--1f707f45_1989dc45aa9_765d,288,6462,9HA2479,Pacific Sun,undefined,2011-12-04T06:00:00Z,Z,-33.8,Z,151.3,Z,16.2,Z,1015.7,Z,,,,,,,9.6,Z,,,90,Z,4.1156,Z,,,,,,,,,,,,,18.5,Z,,,,,,,190,Z,12.5,Z,22.6356,Z,true,true,false,true,true,true,false,false,false,false,true,true,true,true,POINT (151.3000030517578 -33.79999923706055)
soop_sst_nrt_trajectory_data.fid--1f707f45_1989dc45aa9_765e,294,6612,9HA2479,Pacific Sun,undefined,2011-12-10T18:00:00Z,Z,-33.8,Z,151.5,Z,19,Z,1003.9,Z,,,,,,,17.7,Z,,,225,Z,9.26,Z,,,,,,,,,,,,,19.8,Z,,,,,,,350,Z,18.1,Z,7.2022,Z,true,true,false,true,true,true,false,false,false,false,true,true,true,true,POINT (151.5 -33.79999923706055)
soop_sst_nrt_trajectory_data.fid--1f707f45_1989dc45aa9_765f,294,6613,9HA2479,Pacific Sun,undefined,2011-12-10T19:00:00Z,Z,-33.8,Z,151.3,Z,18.1,Z,1004.2,Z,,,,,,,16.2,Z,,,225,Z,6.6878,Z,,,,,,,,,,,,,19.5,Z,,,,,,,360,Z,16.8,Z,4.63,Z,true,true,false,true,true,true,false,false,false,false,true,true,true,true,POINT (151.3000030517578 -33.79999923706055)
soop_sst_nrt_trajectory_data.fid--1f707f45_1989dc45aa9_7660,295,6624,9HA2479,Pacific Sun,undefined,2011-12-11T06:00:00Z,Z,-33.8,Z,151.3,Z,20,Z,1003.4,Z,,,,,,,17.3,Z,,,135,Z,6.6878,Z,,,,,,,,,,,,,19.8,Z,,,,,,,210,Z,18.2,Z,3.6011,Z,true,true,false,true,true,true,false,false,false,false,true,true,true,true,POINT (151.3000030517578 -33.79999923706055)
soop_sst_nrt_trajectory_data.fid--1f707f45_1989dc45aa9_7661,295,6625,9HA2479,Pacific Sun,undefined,2011-12-11T07:00:00Z,Z,-33.7,Z,151.6,Z,19.8,Z,1002.8,Z,,,,,,,18.5,Z,,,45,Z,9.26,Z,,,,,,,,,,,,,20.5,Z,,,,,,,190,Z,18.9,Z,2.0578,Z,true,true,false,true,true,true,false,false,false,false,true,true,true,true,POINT (151.60000610351562 -33.70000076293945)
soop_sst_nrt_trajectory_data.fid--1f707f45_1989dc45aa9_7662,302,6792,9HA2479,Pacific Sun,undefined,2011-12-18T18:00:00Z,Z,-33.8,Z,151.5,Z,20.2,Z,1011.5,Z,,,,,,,17.4,Z,,,225,Z,9.26,Z,,,,,,,,,,,,,20.6,Z,,,,,,,40,Z,18.3,Z,10.2889,Z,true,true,false,true,true,true,false,false,false,false,true,true,true,true,POINT (151.5 -33.79999923706055)
soop_sst_nrt_trajectory_data.fid--1f707f45_1989dc45aa9_7663,302,6793,9HA2479,Pacific Sun,undefined,2011-12-18T19:00:00Z,Z,-33.8,Z,151.3,Z,19.6,Z,1011.4,Z,,,,,,,16.6,Z,,,225,Z,6.6878,Z,,,,,,,,,,,,,,Z,,,,,,,30,Z,17.7,Z,6.6878,Z,true,true,false,true,true,true,false,false,false,false,true,true,true,true,POINT (151.3000030517578 -33.79999923706055)
soop_sst_nrt_trajectory_data.fid--1f707f45_1989dc45aa9_7664,303,6803,9HA2479,Pacific Sun,undefined,2011-12-19T06:00:00Z,Z,-33.8,Z,151.2,Z,19.2,Z,1008.4,Z,,,,,,,17.6,Z,,,90,Z,4.1156,Z,,,,,,,,,,,,,20.4,Z,,,,,,,60,Z,18.1,Z,4.63,Z,true,true,false,true,true,true,false,false,false,false,true,true,true,true,POINT (151.1999969482422 -33.79999923706055)
soop_sst_nrt_trajectory_data.fid--1f707f45_1989dc45aa9_7665,312,6980,9HA2479,Pacific Sun,undefined,2011-12-28T18:00:00Z,Z,-33.8,Z,151.5,Z,20.2,Z,1012.7,Z,,,,,,,12.2,Z,,,225,Z,6.6878,Z,,,,,,,,,,,,,22.7,Z,,,,,,,150,Z,15.3,Z,13.89,Z,true,true,false,true,true,true,false,false,false,false,true,true,true,true,POINT (151.5 -33.79999923706055)
soop_sst_nrt_trajectory_data.fid--1f707f45_1989dc45aa9_7666,312,6981,9HA2479,Pacific Sun,undefined,2011-12-28T19:00:00Z,Z,-33.8,Z,151.3,Z,19,Z,1014,Z,,,,,,,13.7,Z,,,225,Z,4.1156,Z,,,,,,,,,,,,,20.8,Z,,,,,,,210,Z,15.7,Z,6.1733,Z,true,true,false,true,true,true,false,false,false,false,true,true,true,true,POINT (151.3000030517578 -33.79999923706055)
soop_sst_nrt_trajectory_data.fid--1f707f45_1989dc45aa9_7667,313,6992,9HA2479,Pacific Sun,undefined,2011-12-29T07:00:00Z,Z,-33.8,Z,151.3,Z,20.3,Z,1015.9,Z,,,,,,,13.4,Z,,,90,Z,4.1156,Z,,,,,,,,,,,,,21.5,Z,,,,,,,170,Z,16,Z,11.8322,Z,true,true,false,true,true,true,false,false,false,false,true,true,true,true,POINT (151.3000030517578 -33.79999923706055)
soop_sst_nrt_trajectory_data.fid--1f707f45_1989dc45aa9_7668,313,6993,9HA2479,Pacific Sun,undefined,2011-12-29T08:00:00Z,Z,-33.7,Z,151.6,Z,20.5,Z,1016.1,Z,,,,,,,12.9,Z,,,45,Z,9.26,Z,,,,,,,,,,,,,23,Z,,,,,,,150,Z,15.8,Z,13.3756,Z,true,true,false,true,true,true,false,false,false,false,true,true,true,true,POINT (151.60000610351562 -33.70000076293945)
soop_sst_nrt_trajectory_data.fid--1f707f45_1989dc45aa9_7669,324,511927691,9HA2479,Pacific Sun,undefined,2012-01-09T18:00:00Z,Z,-33.8,Z,151.4,Z,20.5,Z,1009.3,Z,,,,,,,17.5,Z,,,225,Z,9.26,Z,,,,,,,,,,,,,22.2,Z,,,,,,,290,Z,18.5,Z,7.2022,Z,true,true,false,true,true,true,false,false,false,false,true,true,true,true,POINT (151.39999389648438 -33.79999923706055)
soop_sst_nrt_trajectory_data.fid--1f707f45_1989dc45aa9_766a,324,511927692,9HA2479,Pacific Sun,undefined,2012-01-09T19:00:00Z,Z,-33.8,Z,151.3,Z,20.2,Z,1009.3,Z,,,,,,,17.1,Z,,,225,Z,4.1156,Z,,,,,,,,,,,,,22.2,Z,,,,,,,270,Z,18.1,Z,5.1444,Z,true,true,false,true,true,true,false,false,false,false,true,true,true,true,POINT (151.3000030517578 -33.79999923706055)
soop_sst_nrt_trajectory_data.fid--1f707f45_1989dc45aa9_766b,325,516620942,9HA2479,Pacific Sun,undefined,2012-01-10T06:00:00Z,Z,-33.8,Z,151.3,Z,22.7,Z,1007.2,Z,,,,,,,11.9,Z,,,90,Z,6.6878,Z,,,,,,,,,,,,,22.7,Z,,,,,,,70,Z,16.1,Z,6.1733,Z,true,true,false,true,true,true,false,false,false,false,true,true,true,true,POINT (151.3000030517578 -33.79999923706055)
soop_sst_nrt_trajectory_data.fid--1f707f45_1989dc45aa9_766c,325,516620943,9HA2479,Pacific Sun,undefined,2012-01-10T07:00:00Z,Z,-33.7,Z,151.6,Z,22.8,Z,1006.6,Z,,,,,,,13.3,Z,,,45,Z,9.26,Z,,,,,,,,,,,,,22.9,Z,,,,,,,40,Z,16.9,Z,8.7456,Z,true,true,false,true,true,true,false,false,false,false,true,true,true,true,POINT (151.60000610351562 -33.70000076293945)
soop_sst_nrt_trajectory_data.fid--1f707f45_1989dc45aa9_766d,332,516600621,9HA2479,Pacific Sun,undefined,2012-01-17T18:00:00Z,Z,-33.8,Z,151.5,Z,21.8,Z,1017.7,Z,,,,,,,18.9,Z,,,225,Z,6.6878,Z,,,,,,,,,,,,,22.8,Z,,,,,,,50,Z,19.8,Z,6.1733,Z,true,true,false,true,true,true,false,false,false,false,true,true,true,true,POINT (151.5 -33.79999923706055)
soop_sst_nrt_trajectory_data.fid--1f707f45_1989dc45aa9_766e,332,516600622,9HA2479,Pacific Sun,undefined,2012-01-17T19:00:00Z,Z,-33.8,Z,151.3,Z,20.3,Z,1018.1,Z,,,,,,,18.9,Z,,,225,Z,4.1156,Z,,,,,,,,,,,,,22.1,Z,,,,,,,260,Z,19.4,Z,3.0867,Z,true,true,false,true,true,true,false,false,false,false,true,true,true,true,POINT (151.3000030517578 -33.79999923706055)
soop_sst_nrt_trajectory_data.fid--1f707f45_1989dc45aa9_766f,333,511927881,9HA2479,Pacific Sun,undefined,2012-01-18T06:00:00Z,Z,-33.8,Z,151.3,Z,23.1,Z,1013.8,Z,,,,,,,20,Z,,,90,Z,4.1156,Z,,,,,,,,,,,,,23.4,Z,,,,,,,80,Z,20.9,Z,7.7167,Z,true,true,false,true,true,true,false,false,false,false,true,true,true,true,POINT (151.3000030517578 -33.79999923706055)
soop_sst_nrt_trajectory_data.fid--1f707f45_1989dc45aa9_7670,333,511927882,9HA2479,Pacific Sun,undefined,2012-01-18T07:00:00Z,Z,-33.7,Z,151.5,Z,22.7,Z,1013.3,Z,,,,,,,19.9,Z,,,45,Z,9.26,Z,,,,,,,,,,,,,23.2,Z,,,,,,,70,Z,20.8,Z,8.7456,Z,true,true,false,true,true,true,false,false,false,false,true,true,true,true,POINT (151.5 -33.70000076293945)
soop_sst_nrt_trajectory_data.fid--1f707f45_1989dc45aa9_7671,339,511928019,9HA2479,Pacific Sun,undefined,2012-01-24T18:00:00Z,Z,-33.8,Z,151.5,Z,22.6,Z,1013.5,Z,,,,,,,20.3,Z,,,225,Z,6.6878,Z,,,,,,,,,,,,,23.6,Z,,,,,,,40,Z,21,Z,4.1156,Z,true,true,false,true,true,true,false,false,false,false,true,true,true,true,POINT (151.5 -33.79999923706055)
soop_sst_nrt_trajectory_data.fid--1f707f45_1989dc45aa9_7672,339,511928020,9HA2479,Pacific Sun,undefined,2012-01-24T19:00:00Z,Z,-33.8,Z,151.3,Z,22.3,Z,1013.3,Z,,,,,,,20.4,Z,,,225,Z,4.1156,Z,,,,,,,,,,,,,22.8,Z,,,,,,,30,Z,21,Z,4.63,Z,true,true,false,true,true,true,false,false,false,false,true,true,true,true,POINT (151.3000030517578 -33.79999923706055)
soop_sst_nrt_trajectory_data.fid--1f707f45_1989dc45aa9_7673,340,511928030,9HA2479,Pacific Sun,undefined,2012-01-25T06:00:00Z,Z,-33.8,Z,151.3,Z,22.2,Z,1012.4,Z,,,,,,,21,Z,,,135,Z,4.1156,Z,,,,,,,,,,,,,22.8,Z,,,,,,,60,Z,21.4,Z,6.1733,Z,true,true,false,true,true,true,false,false,false,false,true,true,true,true,POINT (151.3000030517578 -33.79999923706055)
soop_sst_nrt_trajectory_data.fid--1f707f45_1989dc45aa9_7674,340,511928031,9HA2479,Pacific Sun,undefined,2012-01-25T07:00:00Z,Z,-33.8,Z,151.5,Z,20.3,Z,1012.7,Z,,,,,,,19.7,Z,,,45,Z,6.6878,Z,,,,,,,,,,,,,23.6,Z,,,,,,,20,Z,19.9,Z,12.8611,Z,true,true,false,true,true,true,false,false,false,false,true,true,true,true,POINT (151.5 -33.79999923706055)
soop_sst_nrt_trajectory_data.fid--1f707f45_1989dc45aa9_7675,340,511928041,9HA2479,Pacific Sun,undefined,2012-01-25T17:00:00Z,Z,-33.7,Z,151.6,Z,21.8,Z,1012.6,Z,,,,,,,20.5,Z,,,225,Z,6.6878,Z,,,,,,,,,,,,,23.4,Z,,,,,,,60,Z,20.9,Z,6.1733,Z,true,true,false,true,true,true,false,false,false,false,true,true,true,true,POINT (151.60000610351562 -33.70000076293945)
soop_sst_nrt_trajectory_data.fid--1f707f45_1989dc45aa9_7676,340,511928042,9HA2479,Pacific Sun,undefined,2012-01-25T18:00:00Z,Z,-33.8,Z,151.4,Z,21.2,Z,1012.5,Z,,,,,,,19.4,Z,,,270,Z,4.1156,Z,,,,,,,,,,,,,23.1,Z,,,,,,,360,Z,20,Z,6.6878,Z,true,true,false,true,true,true,false,false,false,false,true,true,true,true,POINT (151.39999389648438 -33.79999923706055)
soop_sst_nrt_trajectory_data.fid--1f707f45_1989dc45aa9_7677,340,511928043,9HA2479,Pacific Sun,undefined,2012-01-25T19:00:00Z,Z,-33.8,Z,151.2,Z,21.1,Z,1013.1,Z,,,,,,,20.2,Z,,,0,Z,0,Z,,,,,,,,,,,,,22.8,Z,,,,,,,120,Z,20.5,Z,2.0578,Z,true,true,false,true,true,true,false,false,false,false,true,true,true,true,POINT (151.1999969482422 -33.79999923706055)
soop_sst_nrt_trajectory_data.fid--1f707f45_1989dc45aa9_7678,340,511928044,9HA2479,Pacific Sun,undefined,2012-01-25T20:00:00Z,Z,-33.8,Z,151.2,Z,21.2,Z,1013.5,Z,,,,,,,20.2,Z,,,0,Z,0,Z,,,,,,,,,,,,,23.1,Z,,,,,,,170,Z,20.5,Z,1.5433,Z,true,true,false,true,true,true,false,false,false,false,true,true,true,true,POINT (151.1999969482422 -33.79999923706055)
soop_sst_nrt_trajectory_data.fid--1f707f45_1989dc45aa9_7679,340,511928045,9HA2479,Pacific Sun,undefined,2012-01-25T21:00:00Z,Z,-33.8,Z,151.2,Z,21.7,Z,1014.2,Z,,,,,,,20.4,Z,,,0,Z,0,Z,,,,,,,,,,,,,23,Z,,,,,,,170,Z,20.8,Z,3.0867,Z,true,true,false,true,true,true,false,false,false,false,true,true,true,true,POINT (151.1999969482422 -33.79999923706055)
soop_sst_nrt_trajectory_data.fid--1f707f45_1989dc45aa9_767a,340,511928046,9HA2479,Pacific Sun,undefined,2012-01-25T22:00:00Z,Z,-33.8,Z,151.2,Z,22.1,Z,1014.6,Z,,,,,,,20.4,Z,,,0,Z,0,Z,,,,,,,,,,,,,23.1,Z,,,,,,,150,Z,20.9,Z,3.6011,Z,true,true,false,true,true,true,false,false,false,false,true,true,true,true,POINT (151.1999969482422 -33.79999923706055)
soop_sst_nrt_trajectory_data.fid--1f707f45_1989dc45aa9_767b,340,511928047,9HA2479,Pacific Sun,undefined,2012-01-25T23:00:00Z,Z,-33.8,Z,151.2,Z,22.1,Z,1014.6,Z,,,,,,,20.4,Z,,,0,Z,0,Z,,,,,,,,,,,,,23.1,Z,,,,,,,140,Z,20.9,Z,3.6011,Z,true,true,false,true,true,true,false,false,false,false,true,true,true,true,POINT (151.1999969482422 -33.79999923706055)
soop_sst_nrt_trajectory_data.fid--1f707f45_1989dc45aa9_767c,341,516548852,9HA2479,Pacific Sun,undefined,2012-01-26T00:00:00Z,Z,-33.8,Z,151.2,Z,22.7,Z,1014.2,Z,,,,,,,20.2,Z,,,0,Z,0,Z,,,,,,,,,,,,,23.1,Z,,,,,,,130,Z,21,Z,3.0867,Z,true,true,false,true,true,true,false,false,false,false,true,true,true,true,POINT (151.1999969482422 -33.79999923706055)
soop_sst_nrt_trajectory_data.fid--1f707f45_1989dc45aa9_767d,341,516548853,9HA2479,Pacific Sun,undefined,2012-01-26T01:00:00Z,Z,-33.8,Z,151.2,Z,22.6,Z,1014.3,Z,,,,,,,20.7,Z,,,0,Z,0,Z,,,,,,,,,,,,,23,Z,,,,,,,60,Z,21.3,Z,1.5433,Z,true,true,false,true,true,true,false,false,false,false,true,true,true,true,POINT (151.1999969482422 -33.79999923706055)
soop_sst_nrt_trajectory_data.fid--1f707f45_1989dc45aa9_767e,341,516548854,9HA2479,Pacific Sun,undefined,2012-01-26T02:00:00Z,Z,-33.8,Z,151.2,Z,23.4,Z,1014.2,Z,,,,,,,20.1,Z,,,0,Z,0,Z,,,,,,,,,,,,,22.9,Z,,,,,,,90,Z,21.1,Z,3.0867,Z,true,true,false,true,true,true,false,false,false,false,true,true,true,true,POINT (151.1999969482422 -33.79999923706055)
soop_sst_nrt_trajectory_data.fid--1f707f45_1989dc45aa9_767f,341,516548855,9HA2479,Pacific Sun,undefined,2012-01-26T03:00:00Z,Z,-33.8,Z,151.2,Z,25.1,Z,1014.2,Z,,,,,,,19.8,Z,,,0,Z,0,Z,,,,,,,,,,,,,23.1,Z,,,,,,,70,Z,21.4,Z,2.5722,Z,true,true,false,true,true,true,false,false,false,false,true,true,true,true,POINT (151.1999969482422 -33.79999923706055)
soop_sst_nrt_trajectory_data.fid--1f707f45_1989dc45aa9_7680,341,516548856,9HA2479,Pacific Sun,undefined,2012-01-26T04:00:00Z,Z,-33.8,Z,151.2,Z,25.9,Z,1014.1,Z,,,,,,,19.9,Z,,,0,Z,0,Z,,,,,,,,,,,,,23.3,Z,,,,,,,70,Z,21.7,Z,4.1156,Z,true,true,false,true,true,true,false,false,false,false,true,true,true,true,POINT (151.1999969482422 -33.79999923706055)
soop_sst_nrt_trajectory_data.fid--1f707f45_1989dc45aa9_7681,341,516548857,9HA2479,Pacific Sun,undefined,2012-01-26T05:00:00Z,Z,-33.8,Z,151.2,Z,23.2,Z,1014.1,Z,,,,,,,20.3,Z,,,0,Z,0,Z,,,,,,,,,,,,,23.1,Z,,,,,,,70,Z,21.2,Z,3.6011,Z,true,true,false,true,true,true,false,false,false,false,true,true,true,true,POINT (151.1999969482422 -33.79999923706055)
soop_sst_nrt_trajectory_data.fid--1f707f45_1989dc45aa9_7682,341,516548858,9HA2479,Pacific Sun,undefined,2012-01-26T06:00:00Z,Z,-33.8,Z,151.2,Z,24.3,Z,1014.3,Z,,,,,,,20.5,Z,,,270,Z,4.1156,Z,,,,,,,,,,,,,23.2,Z,,,,,,,100,Z,21.6,Z,4.63,Z,true,true,false,true,true,true,false,false,false,false,true,true,true,true,POINT (151.1999969482422 -33.79999923706055)
soop_sst_nrt_trajectory_data.fid--1f707f45_1989dc45aa9_7683,341,516548865,9HA2479,Pacific Sun,undefined,2012-01-26T13:00:00Z,Z,-33.8,Z,151.3,Z,23.1,Z,1016.6,Z,,,,,,,19.9,Z,,,45,Z,6.6878,Z,,,,,,,,,,,,,23.1,Z,,,,,,,120,Z,20.9,Z,6.1733,Z,true,true,false,true,true,true,false,false,false,false,true,true,true,true,POINT (151.3000030517578 -33.79999923706055)
soop_sst_nrt_trajectory_data.fid--1f707f45_1989dc45aa9_7684,341,516548866,9HA2479,Pacific Sun,undefined,2012-01-26T14:00:00Z,Z,-33.8,Z,151.5,Z,23.2,Z,1016.2,Z,,,,,,,19.6,Z,,,45,Z,6.6878,Z,,,,,,,,,,,,,22.5,Z,,,,,,,120,Z,20.8,Z,7.2022,Z,true,true,false,true,true,true,false,false,false,false,true,true,true,true,POINT (151.5 -33.79999923706055)
soop_sst_nrt_trajectory_data.fid--1f707f45_1989dc45aa9_7685,342,511928089,9HA2479,Pacific Sun,undefined,2012-01-27T17:00:00Z,Z,-33.7,Z,151.7,Z,22.5,Z,1015.2,Z,,,,,,,17.2,Z,,,225,Z,6.6878,Z,,,,,,,,,,,,,25.3,Z,,,,,,,100,Z,19,Z,9.7744,Z,true,true,false,true,true,true,false,false,false,false,true,true,true,true,POINT (151.6999969482422 -33.70000076293945)
soop_sst_nrt_trajectory_data.fid--1f707f45_1989dc45aa9_7686,342,511928090,9HA2479,Pacific Sun,undefined,2012-01-27T18:00:00Z,Z,-33.8,Z,151.5,Z,22.2,Z,1015.2,Z,,,,,,,18,Z,,,225,Z,6.6878,Z,,,,,,,,,,,,,25.1,Z,,,,,,,110,Z,19.4,Z,11.8322,Z,true,true,false,true,true,true,false,false,false,false,true,true,true,true,POINT (151.5 -33.79999923706055)
soop_sst_nrt_trajectory_data.fid--1f707f45_1989dc45aa9_7687,342,511928091,9HA2479,Pacific Sun,undefined,2012-01-27T19:00:00Z,Z,-33.8,Z,151.3,Z,21.9,Z,1015.4,Z,,,,,,,17.8,Z,,,225,Z,6.6878,Z,,,,,,,,,,,,,22.9,Z,,,,,,,100,Z,19.1,Z,7.7167,Z,true,true,false,true,true,true,false,false,false,false,true,true,true,true,POINT (151.3000030517578 -33.79999923706055)
soop_sst_nrt_trajectory_data.fid--1f707f45_1989dc45aa9_7688,343,516371380,9HA2479,Pacific Sun,undefined,2012-01-28T06:00:00Z,Z,-33.8,Z,151.3,Z,22.7,Z,1012.8,Z,,,,,,,19.7,Z,,,45,Z,6.6878,Z,,,,,,,,,,,,,23.5,Z,,,,,,,90,Z,20.6,Z,6.6878,Z,true,true,false,true,true,true,false,false,false,false,true,true,true,true,POINT (151.3000030517578 -33.79999923706055)
soop_sst_nrt_trajectory_data.fid--1f707f45_1989dc45aa9_7689,343,516371381,9HA2479,Pacific Sun,undefined,2012-01-28T07:00:00Z,Z,-33.7,Z,151.6,Z,23.9,Z,1012.4,Z,,,,,,,19.3,Z,,,45,Z,9.26,Z,,,,,,,,,,,,,25.3,Z,,,,,,,50,Z,20.7,Z,8.7456,Z,true,true,false,true,true,true,false,false,false,false,true,true,true,true,POINT (151.60000610351562 -33.70000076293945)
soop_sst_nrt_trajectory_data.fid--1f707f45_1989dc45aa9_768a,352,516333320,9HA2479,Pacific Sun,undefined,2012-02-06T18:00:00Z,Z,-33.8,Z,151.5,Z,21.1,Z,1005,Z,,,,,,,19.4,Z,,,225,Z,6.6878,Z,,,,,,,,,,,,,22.7,Z,,,,,,,140,Z,19.9,Z,15.9478,Z,true,true,false,true,true,true,false,false,false,false,true,true,true,true,POINT (151.5 -33.79999923706055)
soop_sst_nrt_trajectory_data.fid--1f707f45_1989dc45aa9_768b,352,516333321,9HA2479,Pacific Sun,undefined,2012-02-06T19:00:00Z,Z,-33.8,Z,151.3,Z,21.3,Z,1006.3,Z,,,,,,,18,Z,,,225,Z,6.6878,Z,,,,,,,,,,,,,21.6,Z,,,,,,,140,Z,19.1,Z,8.7456,Z,true,true,false,true,true,true,false,false,false,false,true,true,true,true,POINT (151.3000030517578 -33.79999923706055)
soop_sst_nrt_trajectory_data.fid--1f707f45_1989dc45aa9_768c,353,511928338,9HA2479,Pacific Sun,undefined,2012-02-07T10:00:00Z,Z,-33.8,Z,151.3,Z,21.3,Z,1009.4,Z,,,,,,,16.4,Z,,,135,Z,6.6878,Z,,,,,,,,,,,,,21.8,Z,,,,,,,140,Z,18.1,Z,10.2889,Z,true,true,false,true,true,true,false,false,false,false,true,true,true,true,POINT (151.3000030517578 -33.79999923706055)
soop_sst_nrt_trajectory_data.fid--1f707f45_1989dc45aa9_768d,378,516579713,9HA2479,Pacific Sun,undefined,2012-03-04T09:00:00Z,Z,-33.8,Z,151.8,Z,21.8,Z,1012.9,Z,,,,,,,20.8,Z,,,180,Z,9.26,Z,,,,,,,,,,,,,21.5,Z,,,,,,,330,Z,21.1,Z,12.8611,Z,true,true,false,true,true,true,false,false,false,false,true,true,true,true,POINT (151.8000030517578 -33.79999923706055)
soop_sst_nrt_trajectory_data.fid--1f707f45_1989dc45aa9_768e,381,516484487,9HA2479,Pacific Sun,undefined,2012-03-07T18:00:00Z,Z,-33.8,Z,151.8,Z,16.9,Z,1008.4,Z,,,,,,,15.6,Z,,,360,Z,6.6878,Z,,,,,,,,,,,,,21.8,Z,,,,,,,240,Z,16.1,Z,12.8611,Z,true,true,false,true,true,true,false,false,false,false,true,true,true,true,POINT (151.8000030517578 -33.79999923706055)
soop_sst_nrt_trajectory_data.fid--1f707f45_1989dc45aa9_768f,522,11560,C6FS9,Stadacona,undefined,2009-12-01T09:00:00Z,Z,-33.8,Z,152.2,Z,16.8,Z,1017.6,Z,,,,,,,11.4,Z,,,45,Z,6.6878,Z,,,,,,,,,,,,,22.5,Z,,,,,,,190,Z,13.7,Z,11.3178,Z,true,true,false,true,true,true,false,false,false,false,true,true,true,true,POINT (152.1999969482422 -33.79999923706055)
soop_sst_nrt_trajectory_data.fid--1f707f45_1989dc45aa9_7690,527,11673,C6FS9,Stadacona,undefined,2009-12-06T06:00:00Z,Z,-33.7,Z,151.9,Z,21.7,Z,1015.2,Z,,,,,,,17.2,Z,,,225,Z,6.6878,Z,,,,,,,,,,,,,21.7,Z,,,,,,,60,Z,18.7,Z,7.2022,Z,true,true,false,true,true,true,false,false,false,false,true,true,true,true,POINT (151.89999389648438 -33.70000076293945)
soop_sst_nrt_trajectory_data.fid--1f707f45_1989dc45aa9_7691,540,11979,C6FS9,Stadacona,undefined,2009-12-19T11:00:00Z,Z,-33.8,Z,151.9,Z,20.7,Z,1019.7,Z,,,,,,,16.2,Z,,,45,Z,6.6878,Z,,,,,,,,,,,,,21.7,Z,,,,,,,140,Z,17.8,Z,11.3178,Z,true,true,false,true,true,true,false,false,false,false,true,true,true,true,POINT (151.89999389648438 -33.79999923706055)
soop_sst_nrt_trajectory_data.fid--1f707f45_1989dc45aa9_7692,546,12121,C6FS9,Stadacona,undefined,2009-12-25T12:00:00Z,Z,-33.7,Z,151.9,Z,20.1,Z,1012.5,Z,,,,,,,19.2,Z,,,225,Z,9.26,Z,,,,,,,,,,,,,23.6,Z,,,,,,,210,Z,19.5,Z,13.3756,Z,true,true,false,true,true,true,false,false,false,false,true,true,true,true,POINT (151.89999389648438 -33.70000076293945)
soop_sst_nrt_trajectory_data.fid--1f707f45_1989dc45aa9_7693,557,12336,C6FS9,Stadacona,undefined,2010-01-09T03:00:00Z,Z,-33.8,Z,151.6,Z,23.5,Z,1015.7,Z,,,,,,,21.2,Z,,,45,Z,6.6878,Z,,,,,,,,,,,,,23.4,Z,,,,,,,50,Z,21.9,Z,8.7456,Z,true,true,false,true,true,true,false,false,false,false,true,true,true,true,POINT (151.60000610351562 -33.79999923706055)
soop_sst_nrt_trajectory_data.fid--1f707f45_1989dc45aa9_7694,567,12574,C6FS9,Stadacona,undefined,2010-01-19T10:00:00Z,Z,-33.7,Z,152.2,Z,21.1,Z,1008,Z,,,,,,,12.7,Z,,,180,Z,6.6878,Z,,,,,,,,,,,,,23.8,Z,,,,,,,10,Z,16,Z,7.7167,Z,true,true,false,true,true,true,false,false,false,false,true,true,true,true,POINT (152.1999969482422 -33.70000076293945)
soop_sst_nrt_trajectory_data.fid--1f707f45_1989dc45aa9_7695,580,12871,C6FS9,Stadacona,undefined,2010-02-01T19:00:00Z,Z,-33.8,Z,151.8,Z,22.8,Z,1016.7,Z,,,,,,,15.7,Z,,,45,Z,6.6878,Z,,,,,,,,,,,,,24.8,Z,,,,,,,110,Z,18.2,Z,11.8322,Z,true,true,false,true,true,true,false,false,false,false,true,true,true,true,POINT (151.8000030517578 -33.79999923706055)
soop_sst_nrt_trajectory_data.fid--1f707f45_1989dc45aa9_7696,580,12872,C6FS9,Stadacona,undefined,2010-02-01T20:00:00Z,Z,-33.7,Z,151.9,Z,23.1,Z,1016.4,Z,,,,,,,15.6,Z,,,45,Z,6.6878,Z,,,,,,,,,,,,,24.3,Z,,,,,,,110,Z,18.3,Z,11.3178,Z,true,true,false,true,true,true,false,false,false,false,true,true,true,true,POINT (151.89999389648438 -33.70000076293945)
soop_sst_nrt_trajectory_data.fid--1f707f45_1989dc45aa9_7697,600,13314,C6FS9,Stadacona,undefined,2010-02-23T21:00:00Z,Z,-33.8,Z,151.8,Z,21.4,Z,1021,Z,,,,,,,13.5,Z,,,45,Z,6.6878,Z,,,,,,,,,,,,,24.3,Z,,,,,,,150,Z,16.5,Z,7.2022,Z,true,true,false,true,true,true,false,false,false,false,true,true,true,true,POINT (151.8000030517578 -33.79999923706055)
soop_sst_nrt_trajectory_data.fid--1f707f45_1989dc45aa9_7698,605,13432,C6FS9,Stadacona,undefined,2010-02-28T21:00:00Z,Z,-33.8,Z,151.8,Z,20.8,Z,1016.6,Z,,,,,,,15,Z,,,225,Z,6.6878,Z,,,,,,,,,,,,,23.3,Z,,,,,,,190,Z,17.1,Z,14.4044,Z,true,true,false,true,true,true,false,false,false,false,true,true,true,true,POINT (151.8000030517578 -33.79999923706055)
soop_sst_nrt_trajectory_data.fid--1f707f45_1989dc45aa9_7699,615,13648,C6FS9,Stadacona,undefined,2010-03-10T00:00:00Z,Z,-33.8,Z,151.3,Z,19.4,Z,1022,Z,,,,,,,16.4,Z,,,315,Z,6.6878,Z,,,,,,,,,,,,,21.6,Z,,,,,,,190,Z,17.5,Z,14.9189,Z,true,true,false,true,true,true,false,false,false,false,true,true,true,true,POINT (151.3000030517578 -33.79999923706055)
soop_sst_nrt_trajectory_data.fid--1f707f45_1989dc45aa9_769a,617,13701,C6FS9,Stadacona,undefined,2010-03-12T14:00:00Z,Z,-33.8,Z,151.2,Z,20.3,Z,1034.8,Z,,,,,,,12.4,Z,,,360,Z,4.1156,Z,,,,,,,,,,,,,22.4,Z,,,,,,,160,Z,15.5,Z,3.0867,Z,true,true,false,true,true,true,false,false,false,false,true,true,true,true,POINT (151.1999969482422 -33.79999923706055)
soop_sst_nrt_trajectory_data.fid--1f707f45_1989dc45aa9_769b,650,14416,C6FS9,Stadacona,undefined,2010-04-17T22:00:00Z,Z,-33.7,Z,151.9,Z,21.4,Z,1027.1,Z,,,,,,,17.8,Z,,,45,Z,6.6878,Z,,,,,,,,,,,,,23.5,Z,,,,,,,170,Z,19,Z,2.0578,Z,true,true,false,true,true,true,false,false,false,false,true,true,true,true,POINT (151.89999389648438 -33.70000076293945)
soop_sst_nrt_trajectory_data.fid--1f707f45_1989dc45aa9_769c,671,14894,C6FS9,Stadacona,undefined,2010-05-08T07:00:00Z,Z,-33.8,Z,152.2,Z,21.1,Z,1019.7,Z,,,,,,,12.1,Z,,,180,Z,9.26,Z,,,,,,,,,,,,,25.4,Z,,,,,,,240,Z,15.6,Z,3.6011,Z,true,true,false,true,true,true,false,false,false,false,true,true,true,true,POINT (152.1999969482422 -33.79999923706055)
soop_sst_nrt_trajectory_data.fid--1f707f45_1989dc45aa9_769d,692,15396,C6FS9,Stadacona,undefined,2010-05-29T23:00:00Z,Z,-33.8,Z,151.8,Z,15.9,Z,1003.2,Z,,,,,,,10,Z,,,225,Z,6.6878,Z,,,,,,,,,,,,,21.1,Z,,,,,,,300,Z,12.6,Z,13.89,Z,true,true,false,true,true,true,false,false,false,false,true,true,true,true,POINT (151.8000030517578 -33.79999923706055)
soop_sst_nrt_trajectory_data.fid--1f707f45_1989dc45aa9_769e,700,15552,C6FS9,Stadacona,undefined,2010-06-09T19:00:00Z,Z,-33.8,Z,151.8,Z,12.6,Z,1012.3,Z,,,,,,,4,Z,,,45,Z,6.6878,Z,,,,,,,,,,,,,21.3,Z,,,,,,,260,Z,8.4,Z,18.0056,Z,true,true,false,true,true,true,false,false,false,false,true,true,true,true,POINT (151.8000030517578 -33.79999923706055)
soop_sst_nrt_trajectory_data.fid--1f707f45_1989dc45aa9_769f,711,15794,C6FS9,Stadacona,undefined,2010-06-20T03:00:00Z,Z,-33.7,Z,152.2,Z,16.7,Z,1023.4,Z,,,,,,,10.8,Z,,,225,Z,9.26,Z,,,,,,,,,,,,,21.6,Z,,,,,,,260,Z,13.3,Z,6.1733,Z,true,true,false,true,true,true,false,false,false,false,true,true,true,true,POINT (152.1999969482422 -33.70000076293945)
soop_sst_nrt_trajectory_data.fid--1f707f45_1989dc45aa9_76a0,750,16671,C6FS9,Stadacona,undefined,2010-07-30T01:00:00Z,Z,-33.8,Z,151.4,Z,17.1,Z,1016.7,Z,,,,,,,14.3,Z,,,360,Z,4.1156,Z,,,,,,,,,,,,,17.5,Z,,,,,,,10,Z,15.3,Z,5.6589,Z,true,true,false,true,true,true,false,false,false,false,true,true,true,true,POINT (151.39999389648438 -33.79999923706055)
soop_sst_nrt_trajectory_data.fid--1f707f45_1989dc45aa9_76a1,750,16672,C6FS9,Stadacona,undefined,2010-07-30T02:00:00Z,Z,-33.8,Z,151.2,Z,19,Z,1015.9,Z,,,,,,,13.8,Z,,,270,Z,4.1156,Z,,,,,,,,,,,,,15.7,Z,,,,,,,330,Z,15.8,Z,2.5722,Z,true,true,false,true,true,true,false,false,false,false,true,true,true,true,POINT (151.1999969482422 -33.79999923706055)
soop_sst_nrt_trajectory_data.fid--1f707f45_1989dc45aa9_76a2,752,16719,C6FS9,Stadacona,undefined,2010-08-01T03:00:00Z,Z,-33.8,Z,151.3,Z,16.6,Z,1015.6,Z,,,,,,,5.7,Z,,,45,Z,6.6878,Z,,,,,,,,,,,,,16,Z,,,,,,,10,Z,10.8,Z,7.7167,Z,true,true,false,true,true,true,false,false,false,false,true,true,true,true,POINT (151.3000030517578 -33.79999923706055)
soop_sst_nrt_trajectory_data.fid--1f707f45_1989dc45aa9_76a3,760,16879,C6FS9,Stadacona,undefined,2010-08-12T01:00:00Z,Z,-33.7,Z,151.9,Z,13.5,Z,1002.8,Z,,,,,,,5.3,Z,,,45,Z,6.6878,Z,,,,,,,,,,,,,18.1,Z,,,,,,,270,Z,9.3,Z,15.9478,Z,true,true,false,true,true,true,false,false,false,false,true,true,true,true,POINT (151.89999389648438 -33.70000076293945)
soop_sst_nrt_trajectory_data.fid--1f707f45_1989dc45aa9_76a4,785,17449,C6FS9,Stadacona,undefined,2010-09-06T05:00:00Z,Z,-33.8,Z,151.9,Z,16.3,Z,1018.5,Z,,,,,,,5.3,Z,,,45,Z,6.6878,Z,,,,,,,,,,,,,16.7,Z,,,,,,,80,Z,10.6,Z,2.5722,Z,true,true,false,true,true,true,false,false,false,false,true,true,true,true,POINT (151.89999389648438 -33.79999923706055)
soop_sst_nrt_trajectory_data.fid--1f707f45_1989dc45aa9_76a5,791,17602,C6FS9,Stadacona,undefined,2010-09-12T16:00:00Z,Z,-33.7,Z,151.6,Z,16.8,Z,1015.5,Z,,,,,,,11.8,Z,,,225,Z,6.6878,Z,,,,,,,,,,,,,18.1,Z,,,,,,,300,Z,13.9,Z,8.2311,Z,true,true,false,true,true,true,false,false,false,false,true,true,true,true,POINT (151.60000610351562 -33.70000076293945)
soop_sst_nrt_trajectory_data.fid--1f707f45_1989dc45aa9_76a6,793,17644,C6FS9,Stadacona,undefined,2010-09-14T12:00:00Z,Z,-33.7,Z,151.7,Z,15.3,Z,1010.4,Z,,,,,,,14.2,Z,,,45,Z,6.6878,Z,,,,,,,,,,,,,18.1,Z,,,,,,,250,Z,14.6,Z,5.1444,Z,true,true,false,true,true,true,false,false,false,false,true,true,true,true,POINT (151.6999969482422 -33.70000076293945)
soop_sst_nrt_trajectory_data.fid--1f707f45_1989dc45aa9_76a7,832,18543,C6FS9,Stadacona,undefined,2010-10-23T20:00:00Z,Z,-33.7,Z,151.9,Z,16.2,Z,1018.9,Z,,,,,,,13.8,Z,,,45,Z,6.6878,Z,,,,,,,,,,,,,20.1,Z,,,,,,,160,Z,14.7,Z,14.9189,Z,true,true,false,true,true,true,false,false,false,false,true,true,true,true,POINT (151.89999389648438 -33.70000076293945)
soop_sst_nrt_trajectory_data.fid--1f707f45_1989dc45aa9_76a8,838,18671,C6FS9,Stadacona,undefined,2010-10-29T12:00:00Z,Z,-33.7,Z,151.9,Z,20,Z,1018.4,Z,,,,,,,13.9,Z,,,225,Z,9.26,Z,,,,,,,,,,,,,20.6,Z,,,,,,,40,Z,16.2,Z,11.3178,Z,true,true,false,true,true,true,false,false,false,false,true,true,true,true,POINT (151.89999389648438 -33.70000076293945)
soop_sst_nrt_trajectory_data.fid--1f707f45_1989dc45aa9_76a9,856,19055,C6FS9,Stadacona,undefined,2010-11-19T15:00:00Z,Z,-33.7,Z,151.7,Z,17.8,Z,1025.6,Z,,,,,,,9.2,Z,,,45,Z,6.6878,Z,,,,,,,,,,,,,19.8,Z,,,,,,,150,Z,13,Z,7.7167,Z,true,true,false,true,true,true,false,false,false,false,true,true,true,true,POINT (151.6999969482422 -33.70000076293945)
soop_sst_nrt_trajectory_data.fid--1f707f45_1989dc45aa9_76aa,915,20398,C6FS9,Stadacona,undefined,2011-01-19T12:00:00Z,Z,-33.8,Z,151.3,Z,23.5,Z,1013.2,Z,,,,,,,17.2,Z,,,225,Z,6.6878,Z,,,,,,,,,,,,,23.7,Z,,,,,,,,Z,19.3,Z,,Z,true,true,false,true,true,true,false,false,false,false,true,true,true,true,POINT (151.3000030517578 -33.79999923706055)
soop_sst_nrt_trajectory_data.fid--1f707f45_1989dc45aa9_76ab,917,20440,C6FS9,Stadacona,undefined,2011-01-21T07:00:00Z,Z,-33.8,Z,151.2,Z,24.2,Z,1012.3,Z,,,,,,,18.7,Z,,,90,Z,4.1156,Z,,,,,,,,,,,,,23.8,Z,,,,,,,240,Z,20.5,Z,13.89,Z,true,true,false,true,true,true,false,false,false,false,true,true,true,true,POINT (151.1999969482422 -33.79999923706055)
soop_sst_nrt_trajectory_data.fid--1f707f45_1989dc45aa9_76ac,925,20629,C6FS9,Stadacona,undefined,2011-01-29T13:00:00Z,Z,-33.8,Z,151.9,Z,22.6,Z,1023.2,Z,,,,,,,15.2,Z,,,45,Z,6.6878,Z,,,,,,,,,,,,,24.8,Z,,,,,,,60,Z,17.8,Z,8.2311,Z,true,true,false,true,true,true,false,false,false,false,true,true,true,true,POINT (151.89999389648438 -33.79999923706055)
soop_sst_nrt_trajectory_data.fid--1f707f45_1989dc45aa9_76ad,935,20875,C6FS9,Stadacona,undefined,2011-02-08T22:00:00Z,Z,-33.7,Z,151.9,Z,21,Z,1024.3,Z,,,,,,,15.6,Z,,,225,Z,6.6878,Z,,,,,,,,,,,,,24.3,Z,,,,,,,210,Z,17.6,Z,6.1733,Z,true,true,false,true,true,true,false,false,false,false,true,true,true,true,POINT (151.89999389648438 -33.70000076293945)
soop_sst_nrt_trajectory_data.fid--1f707f45_1989dc45aa9_76ae,935,20876,C6FS9,Stadacona,undefined,2011-02-08T23:00:00Z,Z,-33.8,Z,151.8,Z,21.2,Z,1024.5,Z,,,,,,,16.3,Z,,,225,Z,6.6878,Z,,,,,,,,,,,,,24.3,Z,,,,,,,180,Z,18.1,Z,4.1156,Z,true,true,false,true,true,true,false,false,false,false,true,true,true,true,POINT (151.8000030517578 -33.79999923706055)
soop_sst_nrt_trajectory_data.fid--1f707f45_1989dc45aa9_76af,950,21190,C6FS9,Stadacona,undefined,2011-05-24T07:00:00Z,Z,-33.8,Z,151.9,Z,14.8,Z,1006.6,Z,,,,,,,11.1,Z,,,45,Z,6.6878,Z,,,,,,,,,,,,,20.6,Z,,,,,,,170,Z,12.7,Z,5.1444,Z,true,true,false,true,true,true,false,false,false,false,true,true,true,true,POINT (151.89999389648438 -33.79999923706055)
soop_sst_nrt_trajectory_data.fid--1f707f45_1989dc45aa9_76b0,961,21437,C6FS9,Stadacona,undefined,2011-06-04T00:00:00Z,Z,-33.7,Z,151.9,Z,17.6,Z,1015.3,Z,,,,,,,11.7,Z,,,225,Z,6.6878,Z,,,,,,,,,,,,,21.8,Z,,,,,,,290,Z,14.1,Z,10.8033,Z,true,true,false,true,true,true,false,false,false,false,true,true,true,true,POINT (151.89999389648438 -33.70000076293945)
soop_sst_nrt_trajectory_data.fid--1f707f45_1989dc45aa9_76b1,972,21711,C6FS9,Stadacona,undefined,2011-06-15T21:00:00Z,H,-33.7,Z,151.9,Z,16.9,Z,1021.3,Z,,,,,,,11.1,Z,,,45,Z,6.6878,Z,,,,,,,,,,,,,22,Z,,,,,,,140,Z,13.5,Z,14.4044,Z,true,true,false,true,true,true,false,false,false,false,true,true,true,true,POINT (151.89999389648438 -33.70000076293945)
soop_sst_nrt_trajectory_data.fid--1f707f45_1989dc45aa9_76b2,985,22011,C6FS9,Stadacona,undefined,2011-06-28T19:00:00Z,Z,-33.7,Z,151.9,Z,17.2,Z,1034.2,Z,,,,,,,8.1,Z,,,225,Z,6.6878,Z,,,,,,,,,,,,,21.2,Z,,,,,,,140,Z,12.2,Z,11.3178,Z,true,true,false,true,true,true,false,false,false,false,true,true,true,true,POINT (151.89999389648438 -33.70000076293945)
soop_sst_nrt_trajectory_data.fid--1f707f45_1989dc45aa9_76b3,985,22012,C6FS9,Stadacona,undefined,2011-06-28T20:00:00Z,Z,-33.8,Z,151.8,Z,14.5,Z,1035.8,Z,,,,,,,11.1,Z,,,225,Z,6.6878,Z,,,,,,,,,,,,,19.9,Z,,,,,,,110,Z,12.5,Z,12.8611,Z,true,true,false,true,true,true,false,false,false,false,true,true,true,true,POINT (151.8000030517578 -33.79999923706055)
soop_sst_nrt_trajectory_data.fid--1f707f45_1989dc45aa9_76b4,1009,22514,C6FS9,Stadacona,undefined,2011-09-05T03:00:00Z,Z,-33.7,Z,151.7,Z,18.1,Z,1025.5,Z,,,,,,,12.8,Z,,,225,Z,6.6878,Z,,,,,,,,,,,,,18.6,Z,,,,,,,30,Z,14.9,Z,8.2311,Z,true,true,false,true,true,true,false,false,false,false,true,true,true,true,POINT (151.6999969482422 -33.70000076293945)
soop_sst_nrt_trajectory_data.fid--1f707f45_1989dc45aa9_76b5,1009,22515,C6FS9,Stadacona,undefined,2011-09-05T04:00:00Z,Z,-33.8,Z,151.6,Z,19.2,Z,1025,Z,,,,,,,14.1,Z,,,225,Z,6.6878,Z,,,,,,,,,,,,,18.2,Z,,,,,,,30,Z,16.1,Z,7.7167,Z,true,true,false,true,true,true,false,false,false,false,true,true,true,true,POINT (151.60000610351562 -33.79999923706055)
soop_sst_nrt_trajectory_data.fid--1f707f45_1989dc45aa9_76b6,1030,22999,C6FS9,Stadacona,undefined,2011-09-26T07:00:00Z,Z,-33.8,Z,151.8,Z,16.4,Z,1023.1,Z,,,,,,,9.8,Z,,,45,Z,6.6878,Z,,,,,,,,,,,,,19.1,Z,,,,,,,100,Z,12.7,Z,8.7456,Z,true,true,false,true,true,true,false,false,false,false,true,true,true,true,POINT (151.8000030517578 -33.79999923706055)
soop_sst_nrt_trajectory_data.fid--1f707f45_1989dc45aa9_76b7,1030,23000,C6FS9,Stadacona,undefined,2011-09-26T08:00:00Z,Z,-33.7,Z,151.9,Z,16.1,Z,1022.7,Z,,,,,,,9.6,Z,,,45,Z,6.6878,Z,,,,,,,,,,,,,19,Z,,,,,,,100,Z,12.4,Z,8.7456,Z,true,true,false,true,true,true,false,false,false,false,true,true,true,true,POINT (151.89999389648438 -33.70000076293945)
soop_sst_nrt_trajectory_data.fid--1f707f45_1989dc45aa9_76b8,1044,23324,C6FS9,Stadacona,undefined,2011-10-10T03:00:00Z,Z,-33.7,Z,151.9,Z,15.3,Z,1008.3,Z,,,,,,,10.3,Z,,,225,Z,6.6878,Z,,,,,,,,,,,,,19,Z,,,,,,,160,Z,12.4,Z,4.1156,Z,true,true,false,true,true,true,false,false,false,false,true,true,true,true,POINT (151.89999389648438 -33.70000076293945)
soop_sst_nrt_trajectory_data.fid--1f707f45_1989dc45aa9_76b9,1053,23526,C6FS9,Stadacona,undefined,2011-10-19T02:00:00Z,Z,-33.7,Z,152,Z,17.3,Z,1031.3,Z,,,,,,,9.8,Z,,,45,Z,6.6878,Z,,,,,,,,,,,,,20.6,Z,,,,,,,40,Z,13,Z,4.1156,Z,true,true,false,true,true,true,false,false,false,false,true,true,true,true,POINT (152 -33.70000076293945)
soop_sst_nrt_trajectory_data.fid--1f707f45_1989dc45aa9_76ba,1065,23803,C6FS9,Stadacona,undefined,2011-10-31T12:00:00Z,Z,-33.8,Z,151.9,Z,16.4,Z,1021.8,Z,,,,,,,12,Z,,,225,Z,6.6878,Z,,,,,,,,,,,,,19.4,Z,,,,,,,180,Z,13.8,Z,9.26,Z,true,true,false,true,true,true,false,false,false,false,true,true,true,true,POINT (151.89999389648438 -33.79999923706055)
soop_sst_nrt_trajectory_data.fid--1f707f45_1989dc45aa9_76bb,1082,24198,C6FS9,Stadacona,undefined,2011-11-17T23:00:00Z,Z,-33.8,Z,151.8,Z,18.7,Z,1019.7,Z,,,,,,,17.1,Z,,,45,Z,6.6878,Z,,,,,,,,,,,,,19.8,Z,,,,,,,110,Z,17.7,Z,5.6589,Z,true,true,false,true,true,true,false,false,false,false,true,true,true,true,POINT (151.8000030517578 -33.79999923706055)
soop_sst_nrt_trajectory_data.fid--1f707f45_1989dc45aa9_76bc,1118,24990,C6FS9,Stadacona,undefined,2011-12-23T10:00:00Z,Z,-33.8,Z,151.8,Z,21.8,Z,1014.6,Z,,,,,,,19.1,Z,,,225,Z,9.26,Z,,,,,,,,,,,,,22.5,Z,,,,,,,60,Z,19.9,Z,8.2311,Z,true,true,false,true,true,true,false,false,false,false,true,true,true,true,POINT (151.8000030517578 -33.79999923706055)
soop_sst_nrt_trajectory_data.fid--1f707f45_1989dc45aa9_76bd,1127,512043393,C6FS9,Stadacona,undefined,2012-01-01T16:00:00Z,Z,-33.8,Z,151.8,Z,21.4,Z,1017.3,Z,,,,,,,16.2,Z,,,45,Z,6.6878,Z,,,,,,,,,,,,,22.4,Z,,,,,,,60,Z,18,Z,8.7456,Z,true,true,false,true,true,true,false,false,false,false,true,true,true,true,POINT (151.8000030517578 -33.79999923706055)
soop_sst_nrt_trajectory_data.fid--1f707f45_1989dc45aa9_76be,1127,512043394,C6FS9,Stadacona,undefined,2012-01-01T17:00:00Z,Z,-33.7,Z,151.9,Z,21.5,Z,1017.2,Z,,,,,,,15.4,Z,,,45,Z,6.6878,Z,,,,,,,,,,,,,22.5,Z,,,,,,,60,Z,17.6,Z,8.7456,Z,true,true,false,true,true,true,false,false,false,false,true,true,true,true,POINT (151.89999389648438 -33.70000076293945)
soop_sst_nrt_trajectory_data.fid--1f707f45_1989dc45aa9_76bf,1133,516598550,C6FS9,Stadacona,undefined,2012-01-07T02:00:00Z,Z,-33.7,Z,151.9,Z,21.8,Z,1014.9,Z,,,,,,,13.6,Z,,,225,Z,9.26,Z,,,,,,,,,,,,,23.1,Z,,,,,,,20,Z,16.7,Z,5.1444,Z,true,true,false,true,true,true,false,false,false,false,true,true,true,true,POINT (151.89999389648438 -33.70000076293945)
soop_sst_nrt_trajectory_data.fid--1f707f45_1989dc45aa9_76c0,1145,516318750,C6FS9,Stadacona,undefined,2012-02-21T08:00:00Z,Z,-33.7,Z,151.9,Z,22.3,Z,1011.8,Z,,,,,,,18,Z,,,45,Z,6.6878,Z,,,,,,,,,,,,,23.4,Z,,,,,,,200,Z,19.4,Z,9.26,Z,true,true,false,true,true,true,false,false,false,false,true,true,true,true,POINT (151.89999389648438 -33.70000076293945)
soop_sst_nrt_trajectory_data.fid--1f707f45_1989dc45aa9_76c1,1174,512044445,C6FS9,Stadacona,undefined,2012-03-21T13:00:00Z,Z,-33.8,Z,152.1,Z,22.6,Z,1005.6,Z,,,,,,,20.2,Z,,,180,Z,6.6878,Z,,,,,,,,,,,,,22.9,Z,,,,,,,350,Z,21,Z,9.26,Z,true,true,false,true,true,true,false,false,false,false,true,true,true,true,POINT (152.10000610351562 -33.79999923706055)
soop_sst_nrt_trajectory_data.fid--1f707f45_1989dc45aa9_76c2,1185,516600599,C6FS9,Stadacona,undefined,2012-04-01T19:00:00Z,Z,-33.8,Z,152.1,Z,22.1,Z,1016.2,Z,,,,,,,15,Z,,,360,Z,6.6878,Z,,,,,,,,,,,,,25.2,Z,,,,,,,210,Z,17.5,Z,5.6589,Z,true,true,false,true,true,true,false,false,false,false,true,true,true,true,POINT (152.10000610351562 -33.79999923706055)
soop_sst_nrt_trajectory_data.fid--1f707f45_1989dc45aa9_76c3,1271,512046685,C6FS9,Stadacona,undefined,2012-06-27T21:00:00Z,Z,-33.7,Z,152.2,Z,14.1,Z,1026.4,Z,,,,,,,12.5,Z,,,225,Z,6.6878,Z,,,,,,,,,,,,,19.3,Z,,,,,,,30,Z,13.1,Z,2.5722,Z,true,true,false,true,true,true,false,false,false,false,true,true,true,true,POINT (152.1999969482422 -33.70000076293945)
soop_sst_nrt_trajectory_data.fid--1f707f45_1989dc45aa9_76c4,1326,512047925,C6FS9,Stadacona,undefined,2012-08-21T08:00:00Z,Z,-33.7,Z,152.2,Z,17,Z,1017.9,Z,,,,,,,8.5,Z,,,180,Z,9.26,Z,,,,,,,,,,,,,18.5,Z,,,,,,,30,Z,12.2,Z,8.2311,Z,true,true,false,true,true,true,false,false,false,false,true,true,true,true,POINT (152.1999969482422 -33.70000076293945)
soop_sst_nrt_trajectory_data.fid--1f707f45_1989dc45aa9_76c5,1396,516593791,C6FS9,Stadacona,undefined,2012-10-31T05:00:00Z,Z,-33.8,Z,152.2,Z,19.3,Z,1014.8,Z,,,,,,,16.3,Z,,,180,Z,6.6878,Z,,,,,,,,,,,,,19.2,Z,,,,,,,60,Z,17.4,Z,4.63,Z,true,true,false,true,true,true,false,false,false,false,true,true,true,true,POINT (152.1999969482422 -33.79999923706055)
soop_sst_nrt_trajectory_data.fid--1f707f45_1989dc45aa9_76c6,1402,516574664,C6FS9,Stadacona,undefined,2012-11-06T23:00:00Z,Z,-33.7,Z,152.2,Z,20.5,Z,1014.8,Z,,,,,,,17.6,Z,,,45,Z,6.6878,Z,,,,,,,,,,,,,20.5,Z,,,,,,,30,Z,18.5,Z,13.89,Z,true,true,false,true,true,true,false,false,false,false,true,true,true,true,POINT (152.1999969482422 -33.70000076293945)
soop_sst_nrt_trajectory_data.fid--1f707f45_1989dc45aa9_76c7,1537,516245735,C6FS9,Stadacona,undefined,2013-07-28T01:00:00Z,Z,-33.8,Z,151.3,Z,14.3,Z,1029.6,Z,,,,,,,10.5,Z,,,360,Z,6.6878,Z,,,,,,,,,,,,,17.5,Z,,,,,,,20,Z,12.1,Z,4.63,Z,true,true,false,true,true,true,false,false,false,false,true,true,true,true,POINT (151.3000030517578 -33.79999923706055)
soop_sst_nrt_trajectory_data.fid--1f707f45_1989dc45aa9_76c8,1539,515731776,C6FS9,Stadacona,undefined,2013-07-30T20:00:00Z,Z,-33.8,Z,151.2,Z,12.6,Z,1023.1,Z,,,,,,,11.3,Z,,,135,Z,4.1156,Z,,,,,,,,,,,,,15.9,Z,,,,,,,240,Z,11.8,Z,3.0867,Z,true,true,false,true,true,true,false,false,false,false,true,true,true,true,POINT (151.1999969482422 -33.79999923706055)
soop_sst_nrt_trajectory_data.fid--1f707f45_1989dc45aa9_76c9,1582,516094299,C6FS9,Stadacona,undefined,2013-09-12T20:00:00Z,Z,-33.7,Z,152.1,Z,14.6,Z,1020.4,Z,,,,,,,9.9,Z,,,360,Z,6.6878,Z,,,,,,,,,,,,,22,Z,,,,,,,140,Z,12,Z,11.8322,Z,true,true,false,true,true,true,false,false,false,false,true,true,true,true,POINT (152.10000610351562 -33.70000076293945)
soop_sst_nrt_trajectory_data.fid--1f707f45_1989dc45aa9_76ca,1600,515889336,C6FS9,Stadacona,undefined,2013-09-30T08:00:00Z,Z,-33.8,Z,152.2,Z,21.8,Z,1011.2,Z,,,,,,,16.3,Z,,,360,Z,6.6878,Z,,,,,,,,,,,,,22.6,Z,,,,,,,40,Z,18.2,Z,13.89,Z,true,true,false,true,true,true,false,false,false,false,true,true,true,true,POINT (152.1999969482422 -33.79999923706055)
soop_sst_nrt_trajectory_data.fid--1f707f45_1989dc45aa9_76cb,1655,515691839,C6FS9,Stadacona,undefined,2013-11-26T07:00:00Z,Z,-33.8,Z,152.2,Z,18.6,Z,1015.8,Z,,,,,,,11.8,Z,,,180,Z,6.6878,Z,,,,,,,,,,,,,23.1,Z,,,,,,,190,Z,14.5,Z,10.2889,Z,true,true,false,true,true,true,false,false,false,false,true,true,true,true,POINT (152.1999969482422 -33.79999923706055)
soop_sst_nrt_trajectory_data.fid--1f707f45_1989dc45aa9_76cc,1662,515731721,C6FS9,Stadacona,undefined,2013-12-03T08:00:00Z,Z,-33.8,Z,152.1,Z,20.5,Z,1012.5,Z,,,,,,,14.2,Z,,,45,Z,4.1156,Z,,,,,,,,,,,,,23.1,Z,,,,,,,60,Z,16.5,Z,11.8322,Z,true,true,false,true,true,true,false,false,false,false,true,true,true,true,POINT (152.10000610351562 -33.79999923706055)
soop_sst_nrt_trajectory_data.fid--1f707f45_1989dc45aa9_76cd,1662,515731722,C6FS9,Stadacona,undefined,2013-12-03T09:00:00Z,Z,-33.7,Z,152.2,Z,20.6,Z,1012,Z,,,,,,,13.9,Z,,,45,Z,4.1156,Z,,,,,,,,,,,,,23.5,Z,,,,,,,60,Z,16.4,Z,12.8611,Z,true,true,false,true,true,true,false,false,false,false,true,true,true,true,POINT (152.1999969482422 -33.70000076293945)
soop_sst_nrt_trajectory_data.fid--1f707f45_1989dc45aa9_76ce,1734,515167400,C6FS9,Stadacona,undefined,2014-03-15T11:00:00Z,Z,-33.7,Z,152.2,Z,23.2,Z,1009.5,Z,,,,,,,20.5,Z,,,360,Z,6.6878,Z,,,,,,,,,,,,,26.1,Z,,,,,,,60,Z,21.3,Z,8.7456,Z,true,true,false,true,true,true,false,false,false,false,true,true,true,true,POINT (152.1999969482422 -33.70000076293945)
soop_sst_nrt_trajectory_data.fid--1f707f45_1989dc45aa9_76cf,1745,515439534,C6FS9,Stadacona,undefined,2014-03-26T01:00:00Z,Z,-33.8,Z,152.2,Z,24.2,Z,1023.4,Z,,,,,,,19.7,Z,,,180,Z,6.6878,Z,,,,,,,,,,,,,24.8,Z,,,,,,,50,Z,21.1,Z,9.7744,Z,true,true,false,true,true,true,false,false,false,false,true,true,true,true,POINT (152.1999969482422 -33.79999923706055)
soop_sst_nrt_trajectory_data.fid--1f707f45_1989dc45aa9_76d0,1777,515441602,C6FS9,Stadacona,undefined,2014-04-25T14:00:00Z,Z,-33.8,Z,152.2,Z,21.6,Z,1018.9,Z,,,,,,,15.3,Z,,,180,Z,6.6878,Z,,,,,,,,,,,,,24.7,Z,,,,,,,30,Z,17.5,Z,10.2889,Z,true,true,false,true,true,true,false,false,false,false,true,true,true,true,POINT (152.1999969482422 -33.79999923706055)
soop_sst_nrt_trajectory_data.fid--1f707f45_1989dc45aa9_76d1,1797,514955206,C6FS9,Stadacona,undefined,2014-06-01T07:00:00Z,Z,-33.8,Z,151.8,Z,20.2,Z,1017.4,Z,,,,,,,15.5,Z,,,360,Z,6.6878,Z,,,,,,,,,,,,,22.4,Z,,,,,,,50,Z,17.2,Z,10.2889,Z,true,true,false,true,true,true,false,false,false,false,true,true,true,true,POINT (151.8000030517578 -33.79999923706055)
soop_sst_nrt_trajectory_data.fid--1f707f45_1989dc45aa9_76d2,1849,514968886,C6FS9,Stadacona,undefined,2014-07-31T23:00:00Z,Z,-33.8,Z,152.1,Z,18.3,Z,1006.4,Z,,,,,,,8.9,Z,,,45,Z,6.6878,Z,,,,,,,,,,,,,18.5,Z,,,,,,,340,Z,12.9,Z,10.8033,Z,true,true,false,true,true,true,false,false,false,false,true,true,true,true,POINT (152.10000610351562 -33.79999923706055)
soop_sst_nrt_trajectory_data.fid--1f707f45_1989dc45aa9_76d3,1900,515458716,C6FS9,Stadacona,undefined,2014-09-21T14:00:00Z,Z,-33.7,Z,152.2,Z,16,Z,1030.6,Z,,,,,,,9.2,Z,,,360,Z,6.6878,Z,,,,,,,,,,,,,19.2,Z,,,,,,,180,Z,12.2,Z,5.1444,Z,true,true,false,true,true,true,false,false,false,false,true,true,true,true,POINT (152.1999969482422 -33.70000076293945)
soop_sst_nrt_trajectory_data.fid--1f707f45_1989dc45aa9_76d4,1914,514999639,C6FS9,Stadacona,undefined,2014-10-05T13:00:00Z,Z,-33.7,Z,151.8,Z,18.6,Z,1018.2,Z,,,,,,,16.5,Z,,,225,Z,6.6878,Z,,,,,,,,,,,,,20,Z,,,,,,,170,Z,17.3,Z,13.89,Z,true,true,false,true,true,true,false,false,false,false,true,true,true,true,POINT (151.8000030517578 -33.70000076293945)
soop_sst_nrt_trajectory_data.fid--1f707f45_1989dc45aa9_76d5,1918,515114729,C6FS9,Stadacona,undefined,2014-10-09T16:00:00Z,Z,-33.8,Z,151.7,Z,17.9,Z,1019.3,Z,,,,,,,13.1,Z,,,45,Z,6.6878,Z,,,,,,,,,,,,,19.6,Z,,,,,,,40,Z,15,Z,9.7744,Z,true,true,false,true,true,true,false,false,false,false,true,true,true,true,POINT (151.6999969482422 -33.79999923706055)
soop_sst_nrt_trajectory_data.fid--1f707f45_1989dc45aa9_76d6,9158,513679760,VNSZ,Spirit of Tasmania 2,undefined,2012-07-22T21:00:00Z,Z,-33.8,Z,151.3,Z,15.6,Z,1028.4,Z,,,,,,,5.5,Z,,,315,Z,6.6878,Z,,,,,,,,,,,,,18.7,K,,,,,,,150,Z,10.3,Z,9.7744,Z,true,true,false,true,true,true,false,false,false,false,true,true,true,true,POINT (151.3000030517578 -33.79999923706055)
soop_sst_nrt_trajectory_data.fid--1f707f45_1989dc45aa9_76d7,9772,514992128,VNSZ,Spirit of Tasmania 2,undefined,2014-07-20T21:00:00Z,Z,-33.8,Z,151.4,Z,11.9,Z,1025.3,Z,,,,,,,7,Z,,,225,Z,4.1156,Z,,,,,,,,,,,,,17.2,Z,,,,,,,,Z,9.4,Z,,Z,true,true,false,true,true,true,false,false,false,false,true,false,true,false,POINT (151.39999389648438 -33.79999923706055)
soop_sst_nrt_trajectory_data.fid--1f707f45_1989dc45aa9_76d8,9852,2307074,VNVR,Iron Yandi,undefined,2010-02-14T10:00:00Z,Z,-33.8,Z,151.6,Z,21.7,Z,1005.3,Z,,,,,,,20.5,Z,,,360,Z,6.6878,Z,,,,,,,,,,,,,25.1,Q,,,,,,,210,Z,20.9,Z,9.7744,Z,true,true,false,true,true,true,false,false,false,false,true,true,true,true,POINT (151.60000610351562 -33.79999923706055)
soop_sst_nrt_trajectory_data.fid--1f707f45_1989dc45aa9_76d9,9936,2308980,VNVR,Iron Yandi,undefined,2010-05-09T07:00:00Z,Z,-33.8,Z,151.6,Z,21.1,Z,1017.5,Z,,,,,,,10.8,Z,,,360,Z,6.6878,Z,,,,,,,,,,,,,22.9,Z,,,,,,,70,Z,15,Z,4.63,Z,true,true,false,true,true,true,false,false,false,false,true,true,true,true,POINT (151.60000610351562 -33.79999923706055)
soop_sst_nrt_trajectory_data.fid--1f707f45_1989dc45aa9_76da,10010,2310600,VNVR,Iron Yandi,undefined,2010-07-23T18:00:00Z,Z,-33.8,Z,151.7,Z,14.6,Z,1027.9,Z,,,,,,,12.3,Z,,,45,Z,6.6878,Z,,,,,,,,,,,,,18.1,Z,,,,,,,210,Z,13.2,Z,7.2022,Z,true,true,false,true,true,true,false,false,false,false,true,true,true,true,POINT (151.6999969482422 -33.79999923706055)
soop_sst_nrt_trajectory_data.fid--1f707f45_1989dc45aa9_76db,10419,2319550,VROB,Highland Chief,undefined,2009-10-05T01:00:00Z,Z,-33.8,Z,151.5,Z,15,Z,1019.5,Z,,,,,,,10.7,Z,,,45,Z,6.6878,Z,,,,,,,,,,,,,20.3,Z,,,,,,,340,Z,12.5,Z,2.0578,Z,true,true,false,true,true,true,false,false,false,false,true,true,true,true,POINT (151.5 -33.79999923706055)
soop_sst_nrt_trajectory_data.fid--1f707f45_1989dc45aa9_76dc,10442,2320092,VROB,Highland Chief,undefined,2009-10-28T21:00:00Z,Z,-33.8,Z,151.5,Z,17.5,Z,1025.7,Z,,,,,,,15.1,Z,,,225,Z,9.26,Z,,,,,,,,,,,,,19.2,Z,,,,,,,200,Z,16,Z,7.2022,Z,true,true,false,true,true,true,false,false,false,false,true,true,true,true,POINT (151.5 -33.79999923706055)
soop_sst_nrt_trajectory_data.fid--1f707f45_1989dc45aa9_76dd,10448,2320233,VROB,Highland Chief,undefined,2009-11-03T23:00:00Z,Z,-33.8,Z,151.8,Z,18.4,Z,1016.4,Z,,,,,,,13.3,Z,,,45,Z,6.6878,Z,,,,,,,,,,,,,20.8,Z,,,,,,,110,Z,15.3,Z,8.2311,Z,true,true,false,true,true,true,false,false,false,false,true,true,true,true,POINT (151.8000030517578 -33.79999923706055)
soop_sst_nrt_trajectory_data.fid--1f707f45_1989dc45aa9_76de,10474,2320809,VROB,Highland Chief,undefined,2009-11-29T06:00:00Z,Z,-33.7,Z,151.8,Z,23.2,Z,998.9,Z,,,,,,,16.7,Z,,,225,Z,9.26,Z,,,,,,,,,,,,,22.6,Z,,,,,,,100,Z,18.9,Z,5.1444,Z,true,true,false,true,true,true,false,false,false,false,true,true,true,true,POINT (151.8000030517578 -33.70000076293945)
soop_sst_nrt_trajectory_data.fid--1f707f45_1989dc45aa9_76df,10505,2321511,VROB,Highland Chief,undefined,2010-01-28T22:00:00Z,Z,-33.8,Z,151.8,Z,23.6,Z,1008.3,Z,,,,,,,19.7,Z,,,225,Z,9.26,Z,,,,,,,,,,,,,24.7,Z,,,,,,,360,Z,20.9,Z,2.0578,Z,true,true,false,true,true,true,false,false,false,false,true,true,true,true,POINT (151.8000030517578 -33.79999923706055)
soop_sst_nrt_trajectory_data.fid--1f707f45_1989dc45aa9_76e0,10513,2321667,VROB,Highland Chief,undefined,2010-02-05T05:00:00Z,Z,-33.8,Z,151.5,Z,22.8,Z,1008.5,Z,,,,,,,20.8,Z,,,45,Z,6.6878,Z,,,,,,,,,,,,,23.8,Z,,,,,,,220,Z,21.4,Z,17.4911,Z,true,true,false,true,true,true,false,false,false,false,true,true,true,true,POINT (151.5 -33.79999923706055)
soop_sst_nrt_trajectory_data.fid--1f707f45_1989dc45aa9_76e1,10542,2322341,VROB,Highland Chief,undefined,2010-03-07T19:00:00Z,Z,-33.7,Z,151.9,Z,24.3,Z,1010.7,Z,,,,,,,19.1,Z,,,225,Z,9.26,Z,,,,,,,,,,,,,23.9,Z,,,,,,,,Z,20.8,Z,-5143.9302,J,true,true,false,true,true,true,false,false,false,false,true,false,true,true,POINT (151.89999389648438 -33.70000076293945)
soop_sst_nrt_trajectory_data.fid--1f707f45_1989dc45aa9_76e2,10550,2322495,VROB,Highland Chief,undefined,2010-03-15T01:00:00Z,Z,-33.7,Z,151.6,Z,21.6,Z,1025.7,Z,,,,,,,15.2,Z,,,45,Z,6.6878,Z,,,,,,,,,,,,,22.8,Z,,,,,,,200,Z,17.6,Z,2.0578,Z,true,true,false,true,true,true,false,false,false,false,true,true,true,true,POINT (151.60000610351562 -33.70000076293945)
soop_sst_nrt_trajectory_data.fid--1f707f45_1989dc45aa9_76e3,10578,2323121,VROB,Highland Chief,undefined,2010-04-12T17:00:00Z,Z,-33.7,Z,151.7,Z,18.3,Z,1017.4,Z,,,,,,,9.3,Z,,,180,Z,6.6878,Z,,,,,,,,,,,,,22.5,Z,,,,,,,240,Z,13.2,Z,8.7456,Z,true,true,false,true,true,true,false,false,false,false,true,true,true,true,POINT (151.6999969482422 -33.70000076293945)
soop_sst_nrt_trajectory_data.fid--1f707f45_1989dc45aa9_76e4,10586,2323303,VROB,Highland Chief,undefined,2010-04-20T16:00:00Z,Z,-33.8,Z,151.5,Z,21.5,Z,1021.7,Z,,,,,,,17.5,Z,,,45,Z,6.6878,Z,,,,,,,,,,,,,23,Z,,,,,,,300,Z,18.9,Z,2.5722,Z,true,true,false,true,true,true,false,false,false,false,true,true,true,true,POINT (151.5 -33.79999923706055)
soop_sst_nrt_trajectory_data.fid--1f707f45_1989dc45aa9_76e5,10614,2323947,VROB,Highland Chief,undefined,2010-05-18T10:00:00Z,Z,-33.8,Z,151.8,Z,18.8,Z,1018,Z,,,,,,,9.9,Z,,,225,Z,6.6878,Z,,,,,,,,,,,,,23.4,Z,,,,,,,180,Z,13.6,Z,8.7456,Z,true,true,false,true,true,true,false,false,false,false,true,true,true,true,POINT (151.8000030517578 -33.79999923706055)
soop_sst_nrt_trajectory_data.fid--1f707f45_1989dc45aa9_76e6,10624,2324167,VROB,Highland Chief,undefined,2010-05-28T02:00:00Z,Z,-33.7,Z,151.6,Z,18.6,Z,1019.5,Z,,,,,,,12.9,Z,,,45,Z,6.6878,Z,,,,,,,,,,,,,21.8,Z,,,,,,,240,Z,15.1,Z,4.1156,Z,true,true,false,true,true,true,false,false,false,false,true,true,true,true,POINT (151.60000610351562 -33.70000076293945)
soop_sst_nrt_trajectory_data.fid--1f707f45_1989dc45aa9_76e7,10640,2324547,VROB,Highland Chief,undefined,2010-06-13T16:00:00Z,Z,-33.7,Z,152,Z,16.2,Z,1031.2,Z,,,,,,,5.2,Z,,,225,Z,6.6878,Z,,,,,,,,,,,,,19.8,Z,,,,,,,180,Z,10.5,Z,7.7167,Z,true,true,false,true,true,true,false,false,false,false,true,true,true,true,POINT (152 -33.70000076293945)
soop_sst_nrt_trajectory_data.fid--1f707f45_1989dc45aa9_76e8,10673,2325294,VROB,Highland Chief,undefined,2010-07-16T05:00:00Z,Z,-33.7,Z,152.1,Z,14.7,Z,1022.6,Z,,,,,,,7.8,Z,,,225,Z,6.6878,Z,,,,,,,,,,,,,18.2,Z,,,,,,,200,Z,11,Z,10.2889,Z,true,true,false,true,true,true,false,false,false,false,true,true,true,true,POINT (152.10000610351562 -33.70000076293945)
soop_sst_nrt_trajectory_data.fid--1f707f45_1989dc45aa9_76e9,10673,2325295,VROB,Highland Chief,undefined,2010-07-16T06:00:00Z,Z,-33.8,Z,151.9,Z,14.6,Z,1023.1,Z,,,,,,,6.8,Z,,,225,Z,6.6878,Z,,,,,,,,,,,,,18.7,Z,,,,,,,200,Z,10.4,Z,10.2889,Z,true,true,false,true,true,true,false,false,false,false,true,true,true,true,POINT (151.89999389648438 -33.79999923706055)
soop_sst_nrt_trajectory_data.fid--1f707f45_1989dc45aa9_76ea,10679,2325444,VROB,Highland Chief,undefined,2010-07-22T19:00:00Z,Z,-33.7,Z,151.6,Z,12.4,Z,1030.3,Z,,,,,,,9.3,Z,,,45,Z,9.26,Z,,,,,,,,,,,,,18,Z,,,,,,,230,Z,10.7,Z,8.2311,Z,true,true,false,true,true,true,false,false,false,false,true,true,true,true,POINT (151.60000610351562 -33.70000076293945)
soop_sst_nrt_trajectory_data.fid--1f707f45_1989dc45aa9_76eb,10700,2325895,VROB,Highland Chief,undefined,2010-08-18T11:00:00Z,H,-33.8,Z,151.9,Z,18.4,Z,1010.3,Z,,,,,,,13.3,Z,,,225,Z,6.6878,Z,,,,,,,,,,,,,18.5,Z,,,,,,,10,Z,15.3,Z,12.8611,Z,true,true,false,true,true,true,false,false,false,false,true,true,true,true,POINT (151.89999389648438 -33.79999923706055)
soop_sst_nrt_trajectory_data.fid--1f707f45_1989dc45aa9_76ec,10707,2326050,VROB,Highland Chief,undefined,2010-08-25T08:00:00Z,Z,-33.8,Z,152.2,Z,16.2,Z,1004.7,Z,,,,,,,2.1,Z,,,360,Z,6.6878,Z,,,,,,,,,,,,,20.3,Z,,,,,,,270,Z,9.3,Z,13.89,Z,true,true,false,true,true,true,false,false,false,false,true,true,true,true,POINT (152.1999969482422 -33.79999923706055)
soop_sst_nrt_trajectory_data.fid--1f707f45_1989dc45aa9_76ed,10733,2326637,VROB,Highland Chief,undefined,2010-09-20T04:00:00Z,Z,-33.7,Z,152,Z,16.8,Z,1023.5,Z,,,,,,,11,Z,,,225,Z,6.6878,Z,,,,,,,,,,,,,18.2,Z,,,,,,,120,Z,13.4,Z,5.6589,Z,true,true,false,true,true,true,false,false,false,false,true,true,true,true,POINT (152 -33.70000076293945)
soop_sst_nrt_trajectory_data.fid--1f707f45_1989dc45aa9_76ee,10733,2326638,VROB,Highland Chief,undefined,2010-09-20T05:00:00Z,Z,-33.8,Z,151.9,Z,16.1,Z,1023.1,Z,,,,,,,11.1,Z,,,225,Z,6.6878,Z,,,,,,,,,,,,,18.6,Z,,,,,,,130,Z,13.2,Z,7.7167,Z,true,true,false,true,true,true,false,false,false,false,true,true,true,true,POINT (151.89999389648438 -33.79999923706055)
soop_sst_nrt_trajectory_data.fid--1f707f45_1989dc45aa9_76ef,10739,2326772,VROB,Highland Chief,undefined,2010-09-26T00:00:00Z,Z,-33.8,Z,151.6,Z,17.6,Z,1020.6,Z,,,,,,,14.5,Z,,,45,Z,6.6878,Z,,,,,,,,,,,,,18.4,Z,,,,,,,200,Z,15.7,Z,5.1444,Z,true,true,false,true,true,true,false,false,false,false,true,true,true,true,POINT (151.60000610351562 -33.79999923706055)
soop_sst_nrt_trajectory_data.fid--1f707f45_1989dc45aa9_76f0,10742,2326838,VROB,Highland Chief,undefined,2010-09-29T00:00:00Z,Z,-33.7,Z,151.6,Z,14.8,Z,1017,Z,,,,,,,5.1,Z,,,225,Z,6.6878,Z,,,,,,,,,,,,,18,Z,,,,,,,190,Z,9.8,Z,9.26,Z,true,true,false,true,true,true,false,false,false,false,true,true,true,true,POINT (151.60000610351562 -33.70000076293945)
soop_sst_nrt_trajectory_data.fid--1f707f45_1989dc45aa9_76f1,10744,2326896,VROB,Highland Chief,undefined,2010-10-01T13:00:00Z,Z,-33.8,Z,151.6,Z,17.8,Z,1028.4,Z,,,,,,,11.8,Z,,,45,Z,6.6878,Z,,,,,,,,,,,,,17.7,Z,,,,,,,30,Z,14.2,Z,4.63,Z,true,true,false,true,true,true,false,false,false,false,true,true,true,true,POINT (151.60000610351562 -33.79999923706055)
soop_sst_nrt_trajectory_data.fid--1f707f45_1989dc45aa9_76f2,10769,2327461,VROB,Highland Chief,undefined,2010-10-26T05:00:00Z,Z,-33.7,Z,152,Z,20.4,Z,1015.5,Z,,,,,,,12.7,Z,,,225,Z,9.26,Z,,,,,,,,,,,,,21.1,Z,,,,,,,30,Z,15.7,Z,5.6589,Z,true,true,false,true,true,true,false,false,false,false,true,true,true,true,POINT (152 -33.70000076293945)
soop_sst_nrt_trajectory_data.fid--1f707f45_1989dc45aa9_76f3,10776,2327623,VROB,Highland Chief,undefined,2010-11-02T09:00:00Z,Z,-33.7,Z,151.8,Z,17.1,Z,1016.3,Z,,,,,,,7.8,Z,,,360,Z,6.6878,Z,,,,,,,,,,,,,19.9,Z,,,,,,,190,Z,12,Z,5.1444,Z,true,true,false,true,true,true,false,false,false,false,true,true,true,true,POINT (151.8000030517578 -33.70000076293945)
soop_sst_nrt_trajectory_data.fid--1f707f45_1989dc45aa9_76f4,10804,2328255,VROB,Highland Chief,undefined,2010-11-30T04:00:00Z,Z,-33.8,Z,151.9,Z,22,Z,1015,Z,,,,,,,17.9,Z,,,225,Z,9.26,Z,,,,,,,,,,,,,21.4,Z,,,,,,,60,Z,19.3,Z,7.2022,Z,true,true,false,true,true,true,false,false,false,false,true,true,true,true,POINT (151.89999389648438 -33.79999923706055)
soop_sst_nrt_trajectory_data.fid--1f707f45_1989dc45aa9_76f5,10809,2328379,VROB,Highland Chief,undefined,2010-12-05T16:00:00Z,Z,-33.7,Z,151.6,Z,21.1,Z,1012.5,Z,,,,,,,16.5,Z,,,45,Z,6.6878,Z,,,,,,,,,,,,,20.2,Z,,,,,,,70,Z,18.1,Z,3.6011,Z,true,true,false,true,true,true,false,false,false,false,true,true,true,true,POINT (151.60000610351562 -33.70000076293945)
soop_sst_nrt_trajectory_data.fid--1f707f45_1989dc45aa9_76f6,10859,2329506,VROB,Highland Chief,undefined,2011-01-24T21:00:00Z,Z,-33.8,Z,151.9,Z,23.7,Z,1007.5,Z,,,,,,,20.7,Z,,,225,Z,6.6878,Z,,,,,,,,,,,,,24.8,Z,,,,,,,230,Z,21.6,Z,4.1156,Z,true,true,false,true,true,true,false,false,false,false,true,true,true,true,POINT (151.89999389648438 -33.79999923706055)
soop_sst_nrt_trajectory_data.fid--1f707f45_1989dc45aa9_76f7,10866,2329652,VROB,Highland Chief,undefined,2011-01-31T03:00:00Z,Z,-33.8,Z,151.6,Z,23.5,Z,1013.3,Z,,,,,,,20.7,Z,,,360,Z,6.6878,Z,,,,,,,,,,,,,23.1,Z,,,,,,,40,Z,21.5,Z,6.6878,Z,true,true,false,true,true,true,false,false,false,false,true,true,true,true,POINT (151.60000610351562 -33.79999923706055)
soop_sst_nrt_trajectory_data.fid--1f707f45_1989dc45aa9_76f8,10892,2330264,VROB,Highland Chief,undefined,2011-02-26T12:00:00Z,Z,-33.7,Z,152,Z,24,Z,1010.4,Z,,,,,,,19.9,Z,,,225,Z,9.26,Z,,,,,,,,,,,,,23.6,Z,,,,,,,30,Z,21.1,Z,7.7167,Z,true,true,false,true,true,true,false,false,false,false,true,true,true,true,POINT (152 -33.70000076293945)
soop_sst_nrt_trajectory_data.fid--1f707f45_1989dc45aa9_76f9,10898,2330403,VROB,Highland Chief,undefined,2011-03-04T12:00:00Z,Z,-33.7,Z,151.7,Z,21,Z,1016.1,Z,,,,,,,15,Z,,,360,Z,6.6878,Z,,,,,,,,,,,,,23.6,Z,,,,,,,150,Z,17.2,Z,13.89,Z,true,true,false,true,true,true,false,false,false,false,true,true,true,true,POINT (151.6999969482422 -33.70000076293945)
soop_sst_nrt_trajectory_data.fid--1f707f45_1989dc45aa9_76fa,10926,2331022,VROB,Highland Chief,undefined,2011-04-01T06:00:00Z,Z,-33.7,Z,152.1,Z,21.9,Z,1020.8,Z,,,,,,,13.2,Z,,,225,Z,9.26,Z,,,,,,,,,,,,,25.2,Z,,,,,,,20,Z,16.5,Z,7.2022,Z,true,true,false,true,true,true,false,false,false,false,true,true,true,true,POINT (152.10000610351562 -33.70000076293945)
soop_sst_nrt_trajectory_data.fid--1f707f45_1989dc45aa9_76fb,10933,2331180,VROB,Highland Chief,undefined,2011-04-08T03:00:00Z,Z,-33.7,Z,151.6,Z,20.9,Z,1028.9,Z,,,,,,,12.9,Z,,,360,Z,9.26,Z,,,,,,,,,,,,,23.2,Z,,,,,,,170,Z,16,Z,5.1444,Z,true,true,false,true,true,true,false,false,false,false,true,true,true,true,POINT (151.60000610351562 -33.70000076293945)
soop_sst_nrt_trajectory_data.fid--1f707f45_1989dc45aa9_76fc,10955,2331704,VROB,Highland Chief,undefined,2011-04-30T23:00:00Z,Z,-33.8,Z,152,Z,20.7,Z,1017.5,Z,,,,,,,11.4,Z,,,225,Z,6.6878,Z,,,,,,,,,,,,,21.7,Z,,,,,,,170,Z,15.1,Z,8.7456,Z,true,true,false,true,true,true,false,false,false,false,true,true,true,true,POINT (152 -33.79999923706055)
soop_sst_nrt_trajectory_data.fid--1f707f45_1989dc45aa9_76fd,10962,2331854,VROB,Highland Chief,undefined,2011-05-07T11:00:00Z,Z,-33.8,Z,151.6,Z,18.4,Z,1015.6,Z,,,,,,,9.7,Z,,,45,Z,6.6878,Z,,,,,,,,,,,,,21.4,Z,,,,,,,10,Z,13.4,Z,5.1444,Z,true,true,false,true,true,true,false,false,false,false,true,true,true,true,POINT (151.60000610351562 -33.79999923706055)
soop_sst_nrt_trajectory_data.fid--1f707f45_1989dc45aa9_76fe,10985,2332400,VROB,Highland Chief,undefined,2011-05-30T20:00:00Z,Z,-33.8,Z,151.9,Z,19,Z,1017,Z,,,,,,,12.8,Z,,,180,Z,6.6878,Z,,,,,,,,,,,,,20.5,Z,,,,,,,130,Z,15.2,Z,13.89,Z,true,true,false,true,true,true,false,false,false,false,true,true,true,true,POINT (151.89999389648438 -33.79999923706055)
soop_sst_nrt_trajectory_data.fid--1f707f45_1989dc45aa9_76ff,10992,2332549,VROB,Highland Chief,undefined,2011-06-06T12:00:00Z,H,-33.7,Z,151.7,Z,14.9,Z,1019.5,Z,,,,,,,3.2,Z,,,45,Z,6.6878,Z,,,,,,,,,,,,,20.1,Z,,,,,,,210,Z,9.1,Z,6.1733,Z,true,true,false,true,true,true,false,false,false,false,true,true,true,true,POINT (151.6999969482422 -33.70000076293945)
soop_sst_nrt_trajectory_data.fid--1f707f45_1989dc45aa9_7700,11019,2333156,VROB,Highland Chief,undefined,2011-07-03T04:00:00Z,Z,-33.7,Z,152.1,Z,17.9,Z,1019.1,Z,,,,,,,10.2,Z,,,225,Z,9.26,Z,,,,,,,,,,,,,21.9,Z,,,,,,,350,Z,13.5,Z,6.6878,Z,true,true,false,true,true,true,false,false,false,false,true,true,true,true,POINT (152.10000610351562 -33.70000076293945)
soop_sst_nrt_trajectory_data.fid--1f707f45_1989dc45aa9_7701,11026,2333331,VROB,Highland Chief,undefined,2011-07-10T15:00:00Z,Z,-33.8,Z,151.6,Z,13.9,Z,1011.7,Z,,,,,,,4.4,Z,,,45,Z,6.6878,Z,,,,,,,,,,,,,21,Z,,,,,,,310,Z,9.1,Z,9.7744,Z,true,true,false,true,true,true,false,false,false,false,true,true,true,true,POINT (151.60000610351562 -33.79999923706055)
soop_sst_nrt_trajectory_data.fid--1f707f45_1989dc45aa9_7702,11054,2333965,VROB,Highland Chief,undefined,2011-08-07T17:00:00Z,Z,-33.7,Z,152,Z,16.7,Z,1010.1,Z,,,,,,,6.4,Z,,,225,Z,6.6878,Z,,,,,,,,,,,,,19.2,Z,,,,,,,270,Z,11.1,Z,10.2889,Z,true,true,false,true,true,true,false,false,false,false,true,true,true,true,POINT (152 -33.70000076293945)
soop_sst_nrt_trajectory_data.fid--1f707f45_1989dc45aa9_7703,11082,2334526,VROB,Highland Chief,undefined,2011-09-08T11:00:00Z,Z,-33.8,Z,152,Z,16.2,Z,1016.1,Z,,,,,,,14,Z,,,225,Z,6.6878,Z,,,,,,,,,,,,,18.6,Z,,,,,,,70,Z,14.8,Z,6.1733,Z,true,true,false,true,true,true,false,false,false,false,true,true,true,true,POINT (152 -33.79999923706055)
soop_sst_nrt_trajectory_data.fid--1f707f45_1989dc45aa9_7704,11089,2334683,VROB,Highland Chief,undefined,2011-09-15T13:00:00Z,Z,-33.8,Z,151.6,Z,16.7,Z,1019.4,Z,,,,,,,12.9,Z,,,45,Z,6.6878,Z,,,,,,,,,,,,,17.3,Z,,,,,,,340,Z,14.4,Z,4.1156,Z,true,true,false,true,true,true,false,false,false,false,true,true,true,true,POINT (151.60000610351562 -33.79999923706055)
soop_sst_nrt_trajectory_data.fid--1f707f45_1989dc45aa9_7705,11114,2335237,VROB,Highland Chief,undefined,2011-10-11T03:00:00Z,Z,-33.7,Z,152,Z,16.6,Z,1010.7,Z,,,,,,,5.2,Z,,,225,Z,6.6878,Z,,,,,,,,,,,,,18.5,Z,,,,,,,230,Z,10.7,Z,2.5722,Z,true,true,false,true,true,true,false,false,false,false,true,true,true,true,POINT (152 -33.70000076293945)
soop_sst_nrt_trajectory_data.fid--1f707f45_1989dc45aa9_7706,11119,2335366,VROB,Highland Chief,undefined,2011-10-16T18:00:00Z,Z,-33.7,Z,151.7,Z,16.9,Z,1026.8,Z,,,,,,,9.3,Z,,,360,Z,6.6878,Z,,,,,,,,,,,,,19.5,Z,,,,,,,150,Z,12.6,Z,4.63,Z,true,true,false,true,true,true,false,false,false,false,true,true,true,true,POINT (151.6999969482422 -33.70000076293945)
soop_sst_nrt_trajectory_data.fid--1f707f45_1989dc45aa9_7707,11151,2336073,VROB,Highland Chief,undefined,2011-11-17T16:00:00Z,Z,-33.7,Z,152.1,Z,18.5,Z,1017.6,Z,,,,,,,16.9,Z,,,225,Z,6.6878,Z,,,,,,,,,,,,,19.7,Z,,,,,,,90,Z,17.5,Z,4.1156,Z,true,true,false,true,true,true,false,false,false,false,true,true,true,true,POINT (152.10000610351562 -33.70000076293945)
soop_sst_nrt_trajectory_data.fid--1f707f45_1989dc45aa9_7708,11177,2336646,VROB,Highland Chief,undefined,2011-12-19T11:00:00Z,Z,-33.7,Z,152,Z,19.7,Z,1009.3,Z,,,,,,,17.3,Z,,,225,Z,9.26,Z,,,,,,,,,,,,,20.5,Z,,,,,,,350,Z,18.1,Z,7.2022,Z,true,true,false,true,true,true,false,false,false,false,true,true,true,true,POINT (152 -33.70000076293945)
soop_sst_nrt_trajectory_data.fid--1f707f45_1989dc45aa9_7709,11183,2336771,VROB,Highland Chief,undefined,2011-12-25T05:00:00Z,Z,-33.8,Z,151.8,Z,22.6,Z,1010.3,Z,,,,,,,17.5,Z,,,45,Z,6.6878,Z,,,,,,,,,,,,,23.6,Z,,,,,,,50,Z,19.2,Z,7.7167,Z,true,true,false,true,true,true,false,false,false,false,true,true,true,true,POINT (151.8000030517578 -33.79999923706055)
soop_sst_nrt_trajectory_data.fid--1f707f45_1989dc45aa9_770a,11211,516465347,VROB,Highland Chief,undefined,2012-01-22T08:00:00Z,Z,-33.7,Z,152,Z,22.1,Z,1020.8,Z,,,,,,,14.8,Z,,,225,Z,6.6878,Z,,,,,,,,,,,,,25.3,Z,,,,,,,140,Z,17.5,Z,9.7744,Z,true,true,false,true,true,true,false,false,false,false,true,true,true,true,POINT (152 -33.70000076293945)
soop_sst_nrt_trajectory_data.fid--1f707f45_1989dc45aa9_770b,11217,516364355,VROB,Highland Chief,undefined,2012-01-28T19:00:00Z,Z,-33.8,Z,151.6,Z,23.5,Z,1010.8,Z,,,,,,,18.4,Z,,,0,Z,0,Z,,,,,,,,,,,,,24.9,Z,,,,,,,30,Z,20.1,Z,8.7456,Z,true,true,false,true,true,true,false,false,false,false,true,true,true,true,POINT (151.60000610351562 -33.79999923706055)
soop_sst_nrt_trajectory_data.fid--1f707f45_1989dc45aa9_770c,11217,516364356,VROB,Highland Chief,undefined,2012-01-28T20:00:00Z,Z,-33.8,Z,151.6,Z,23.6,Z,1011.4,Z,,,,,,,18.6,Z,,,0,Z,0,Z,,,,,,,,,,,,,25,Z,,,,,,,360,Z,20.2,Z,4.1156,Z,true,true,false,true,true,true,false,false,false,false,true,true,true,true,POINT (151.60000610351562 -33.79999923706055)
soop_sst_nrt_trajectory_data.fid--1f707f45_1989dc45aa9_770d,11217,516364357,VROB,Highland Chief,undefined,2012-01-28T21:00:00Z,Z,-33.8,Z,151.6,Z,23.9,Z,1011.8,Z,,,,,,,18.5,Z,,,0,Z,0,Z,,,,,,,,,,,,,24.9,Z,,,,,,,20,Z,20.3,Z,5.1444,Z,true,true,false,true,true,true,false,false,false,false,true,true,true,true,POINT (151.60000610351562 -33.79999923706055)
soop_sst_nrt_trajectory_data.fid--1f707f45_1989dc45aa9_770e,11217,516364359,VROB,Highland Chief,undefined,2012-01-28T23:00:00Z,Z,-33.7,Z,151.6,Z,23.9,Z,1011.2,Z,,,,,,,18.1,Z,,,45,Z,6.6878,Z,,,,,,,,,,,,,24.9,Z,,,,,,,40,Z,20,Z,8.2311,Z,true,true,false,true,true,true,false,false,false,false,true,true,true,true,POINT (151.60000610351562 -33.70000076293945)
soop_sst_nrt_trajectory_data.fid--1f707f45_1989dc45aa9_770f,11276,516325108,VROB,Highland Chief,undefined,2012-09-22T02:00:00Z,Z,-33.8,Z,151.6,Z,18.2,Z,1015.1,Z,,,,,,,7,Z,,,45,Z,6.6878,Z,,,,,,,,,,,,,18.7,Z,,,,,,,220,Z,12.1,Z,4.1156,Z,true,true,false,true,true,true,false,false,false,false,true,true,true,true,POINT (151.60000610351562 -33.79999923706055)
soop_sst_nrt_trajectory_data.fid--1f707f45_1989dc45aa9_7710,11303,513710511,VROB,Highland Chief,undefined,2012-10-19T14:00:00Z,Z,-33.7,Z,152,Z,22.9,Z,1009.6,Z,,,,,,,12,Z,,,225,Z,9.26,Z,,,,,,,,,,,,,19.8,Z,,,,,,,40,Z,16.2,Z,10.8033,Z,true,true,false,true,true,true,false,false,false,false,true,true,true,true,POINT (152 -33.70000076293945)
soop_sst_nrt_trajectory_data.fid--1f707f45_1989dc45aa9_7711,11309,516593834,VROB,Highland Chief,undefined,2012-10-25T01:00:00Z,Z,-33.7,Z,151.6,Z,18.5,Z,1011,Z,,,,,,,13.5,Z,,,45,Z,6.6878,Z,,,,,,,,,,,,,18.8,Z,,,,,,,30,Z,15.4,Z,7.2022,Z,true,true,false,true,true,true,false,false,false,false,true,true,true,true,POINT (151.60000610351562 -33.70000076293945)
soop_sst_nrt_trajectory_data.fid--1f707f45_1989dc45aa9_7712,11343,516674400,VROB,Highland Chief,undefined,2012-11-28T19:00:00Z,Z,-33.8,Z,151.6,Z,20.8,Z,1015.7,Z,,,,,,,18.6,Z,,,45,Z,6.6878,Z,,,,,,,,,,,,,20.9,Z,,,,,,,280,Z,19.3,Z,2.0578,Z,true,true,false,true,true,true,false,false,false,false,true,true,true,true,POINT (151.60000610351562 -33.79999923706055)
soop_sst_nrt_trajectory_data.fid--1f707f45_1989dc45aa9_7713,11371,513712033,VROB,Highland Chief,undefined,2012-12-26T01:00:00Z,Z,-33.8,Z,151.6,Z,19.7,Z,1016.5,Z,,,,,,,12.2,Z,,,225,Z,6.6878,Z,,,,,,,,,,,,,20.7,Z,,,,,,,170,Z,15.2,Z,14.4044,Z,true,true,false,true,true,true,false,false,false,false,true,true,true,true,POINT (151.60000610351562 -33.79999923706055)
soop_sst_nrt_trajectory_data.fid--1f707f45_1989dc45aa9_7714,11376,513712148,VROB,Highland Chief,undefined,2012-12-31T02:00:00Z,Z,-33.7,Z,151.9,Z,22.6,Z,1015.9,Z,,,,,,,16.1,Z,,,45,Z,6.6878,Z,,,,,,,,,,,,,21.3,Z,,,,,,,20,Z,18.4,Z,10.2889,Z,true,true,false,true,true,true,false,false,false,false,true,true,true,true,POINT (151.89999389648438 -33.70000076293945)
soop_sst_nrt_trajectory_data.fid--1f707f45_1989dc45aa9_7715,11402,516091266,VROB,Highland Chief,undefined,2013-01-26T08:00:00Z,Z,-33.7,Z,152.2,Z,25.7,Z,1010.5,Z,,,,,,,19.4,Z,,,225,Z,9.26,Z,,,,,,,,,,,,,26.9,Z,,,,,,,30,Z,21.3,Z,10.2889,Z,true,true,false,true,true,true,false,false,false,false,true,true,true,true,POINT (152.1999969482422 -33.70000076293945)
soop_sst_nrt_trajectory_data.fid--1f707f45_1989dc45aa9_7716,11410,515894981,VROB,Highland Chief,undefined,2013-02-03T15:00:00Z,Z,-33.8,Z,151.5,Z,20.8,Z,1018,Z,,,,,,,14.3,Z,,,45,Z,6.6878,Z,,,,,,,,,,,,,21.5,Z,,,,,,,,Z,16.7,Z,,Z,true,true,false,true,true,true,false,false,false,false,true,false,true,false,POINT (151.5 -33.79999923706055)
soop_sst_nrt_trajectory_data.fid--1f707f45_1989dc45aa9_7717,11410,515894982,VROB,Highland Chief,undefined,2013-02-03T16:00:00Z,Z,-33.7,Z,151.6,Z,20.4,Z,1017.5,Z,,,,,,,14.8,Z,,,45,Z,6.6878,Z,,,,,,,,,,,,,21,Z,,,,,,,,Z,16.8,Z,,Z,true,true,false,true,true,true,false,false,false,false,true,false,true,false,POINT (151.60000610351562 -33.70000076293945)
soop_sst_nrt_trajectory_data.fid--1f707f45_1989dc45aa9_7718,11438,515776846,VROB,Highland Chief,undefined,2013-03-03T02:00:00Z,Z,-33.8,Z,152.1,Z,22.4,Z,1020.7,Z,,,,,,,15.8,Z,,,225,Z,6.6878,Z,,,,,,,,,,,,,25.4,Z,,,,,,,120,Z,18.1,Z,10.8033,Z,true,true,false,true,true,true,false,false,false,false,true,true,true,true,POINT (152.10000610351562 -33.79999923706055)
soop_sst_nrt_trajectory_data.fid--1f707f45_1989dc45aa9_7719,11443,515804896,VROB,Highland Chief,undefined,2013-03-08T04:00:00Z,Z,-33.8,Z,151.5,Z,22.9,Z,1020.9,Z,,,,,,,16.1,Z,,,45,Z,6.6878,Z,,,,,,,,,,,,,24.7,Z,,,,,,,80,Z,18.5,Z,9.7744,Z,true,true,false,true,true,true,false,false,false,false,true,true,true,true,POINT (151.5 -33.79999923706055)
soop_sst_nrt_trajectory_data.fid--1f707f45_1989dc45aa9_771a,11478,516275479,VROB,Highland Chief,undefined,2013-04-12T03:00:00Z,Z,-33.7,Z,151.6,Z,22.1,Z,1024.2,Z,,,,,,,13.4,Z,,,45,Z,6.6878,Z,,,,,,,,,,,,,23.9,Z,,,,,,,20,Z,16.7,Z,4.63,Z,true,true,false,true,true,true,false,false,false,false,true,true,true,true,POINT (151.60000610351562 -33.70000076293945)
soop_sst_nrt_trajectory_data.fid--1f707f45_1989dc45aa9_771b,11508,515990392,VROB,Highland Chief,undefined,2013-05-09T21:00:00Z,Z,-33.8,Z,152.1,Z,20.1,Z,1029.1,Z,,,,,,,12.5,Z,,,225,Z,9.26,Z,,,,,,,,,,,,,23.8,Z,,,,,,,,Z,15.5,Z,,Z,true,true,false,true,true,true,false,false,false,false,true,false,true,false,POINT (152.10000610351562 -33.79999923706055)
soop_sst_nrt_trajectory_data.fid--1f707f45_1989dc45aa9_771c,11514,516119487,VROB,Highland Chief,undefined,2013-05-16T06:00:00Z,Z,-33.8,Z,151.5,Z,19.3,Z,1007.7,Z,,,,,,,4.4,Z,,,45,Z,6.6878,Z,,,,,,,,,,,,,23.4,Z,,,,,,,,Z,11.5,Z,,Z,true,true,false,true,true,true,false,false,false,false,true,false,true,false,POINT (151.5 -33.79999923706055)
soop_sst_nrt_trajectory_data.fid--1f707f45_1989dc45aa9_771d,11518,515958906,VROB,Highland Chief,undefined,2013-05-20T02:00:00Z,Z,-33.7,Z,151.6,Z,15.6,Z,1016.9,Z,,,,,,,5.2,Z,,,225,Z,6.6878,Z,,,,,,,,,,,,,23.1,Z,,,,,,,,Z,10.2,Z,,Z,true,true,false,true,true,true,false,false,false,false,true,false,true,false,POINT (151.60000610351562 -33.70000076293945)
soop_sst_nrt_trajectory_data.fid--1f707f45_1989dc45aa9_771e,11519,516292262,VROB,Highland Chief,undefined,2013-05-21T08:00:00Z,Z,-33.8,Z,151.6,Z,19.1,Z,1014.7,Z,,,,,,,8.2,Z,,,45,Z,6.6878,Z,,,,,,,,,,,,,22.9,Z,,,,,,,,Z,13,Z,,Z,true,true,false,true,true,true,false,false,false,false,true,false,true,false,POINT (151.60000610351562 -33.79999923706055)
soop_sst_nrt_trajectory_data.fid--1f707f45_1989dc45aa9_771f,11519,516292263,VROB,Highland Chief,undefined,2013-05-21T09:00:00Z,Z,-33.7,Z,151.7,Z,19,Z,1014.9,Z,,,,,,,8.6,Z,,,45,Z,6.6878,Z,,,,,,,,,,,,,22.8,Z,,,,,,,,Z,13.1,Z,,Z,true,true,false,true,true,true,false,false,false,false,true,false,true,false,POINT (151.6999969482422 -33.70000076293945)
soop_sst_nrt_trajectory_data.fid--1f707f45_1989dc45aa9_7720,12317,2631392,VRZN9,Pacific Celebes,,2009-10-11T07:13:00Z,Z,-33.6043,Z,151.7048,Z,18.37,Z,1014.57,Z,,Z,,Z,,Z,,,,,213.1,Z,7.3566,Z,88,Z,0.75,Z,,Z,,Z,,Z,55.56,Z,,Z,,Z,,Z,19.0699,Z,27,Z,,,7.37,Z,true,true,true,false,true,true,true,true,true,true,true,true,false,true,POINT (151.704833984375 -33.60432434082031)
soop_sst_nrt_trajectory_data.fid--1f707f45_1989dc45aa9_7721,12317,2631393,VRZN9,Pacific Celebes,,2009-10-11T07:15:00Z,Z,-33.6109,Z,151.6998,Z,18.45,Z,1014.5,Z,,Z,,Z,,Z,,,,,212.9,Z,7.3566,Z,314,Z,0.72,Z,,Z,,Z,,Z,57.81,Z,,Z,,Z,,Z,19.066,Z,37,Z,,,6.88,Z,true,true,true,false,true,true,true,true,true,true,true,true,false,true,POINT (151.6997833251953 -33.610862731933594)
soop_sst_nrt_trajectory_data.fid--1f707f45_1989dc45aa9_7722,12317,2631394,VRZN9,Pacific Celebes,,2009-10-11T07:17:00Z,Z,-33.6177,Z,151.6945,Z,18.5,Z,1014.54,Z,,Z,,Z,,Z,,,,,212.9,Z,7.0993,Z,30,Z,0.62,Z,,Z,,Z,,Z,57.2,Z,,Z,,Z,,Z,19.1589,Z,30,Z,,,6.57,Z,true,true,true,false,true,true,true,true,true,true,true,true,false,true,POINT (151.6945343017578 -33.617652893066406)
soop_sst_nrt_trajectory_data.fid--1f707f45_1989dc45aa9_7723,12317,2631395,VRZN9,Pacific Celebes,,2009-10-11T07:19:00Z,Z,-33.6242,Z,151.6895,Z,18.52,Z,1014.41,Z,,Z,,Z,,Z,,,,,212.7,Z,7.2537,Z,65,Z,0.97,Z,,Z,,Z,,Z,57.52,Z,,Z,,Z,,Z,19.2513,Z,25,Z,,,6.9,Z,true,true,true,false,true,true,true,true,true,true,true,true,false,true,POINT (151.68951416015625 -33.62418746948242)
soop_sst_nrt_trajectory_data.fid--1f707f45_1989dc45aa9_7724,12317,2631396,VRZN9,Pacific Celebes,,2009-10-11T07:21:00Z,Z,-33.6306,Z,151.6844,Z,18.46,Z,1014.38,Z,,Z,,Z,,Z,,,,,213.4,Z,7.0993,Z,324,Z,1.28,Z,,Z,,Z,,Z,56.4,Z,,Z,,Z,,Z,19.2907,Z,41,Z,,,6.11,Z,true,true,true,false,true,true,true,true,true,true,true,true,false,true,POINT (151.68441772460938 -33.630645751953125)
soop_sst_nrt_trajectory_data.fid--1f707f45_1989dc45aa9_7725,12317,2631397,VRZN9,Pacific Celebes,,2009-10-11T07:23:00Z,Z,-33.6372,Z,151.6794,Z,18.48,Z,1014.45,Z,,Z,,Z,,Z,,,,,212.7,Z,7.0993,Z,29,Z,0.82,Z,,Z,,Z,,Z,55.06,Z,,Z,,Z,,Z,19.2993,Z,29,Z,,,6.39,Z,true,true,true,false,true,true,true,true,true,true,true,true,false,true,POINT (151.6793975830078 -33.637184143066406)
soop_sst_nrt_trajectory_data.fid--1f707f45_1989dc45aa9_7726,12317,2631398,VRZN9,Pacific Celebes,,2009-10-11T07:25:00Z,Z,-33.6437,Z,151.6743,Z,18.48,Z,1014.22,Z,,Z,,Z,,Z,,,,,213.1,Z,7.2537,Z,290,Z,0.82,Z,,Z,,Z,,Z,53.93,Z,,Z,,Z,,Z,19.289,Z,39,Z,,,7.02,Z,true,true,true,false,true,true,true,true,true,true,true,true,false,true,POINT (151.67431640625 -33.64369583129883)
soop_sst_nrt_trajectory_data.fid--1f707f45_1989dc45aa9_7727,12317,2631399,VRZN9,Pacific Celebes,,2009-10-11T07:27:00Z,Z,-33.6502,Z,151.6692,Z,18.45,Z,1014.39,Z,,Z,,Z,,Z,,,,,213.3,Z,7.2537,Z,44,Z,1.01,Z,,Z,,Z,,Z,52.91,Z,,Z,,Z,,Z,19.2758,Z,27,Z,,,6.56,Z,true,true,true,false,true,true,true,true,true,true,true,true,false,true,POINT (151.66917419433594 -33.65024948120117)
soop_sst_nrt_trajectory_data.fid--1f707f45_1989dc45aa9_7728,12317,2631400,VRZN9,Pacific Celebes,,2009-10-11T07:29:00Z,Z,-33.6568,Z,151.6639,Z,18.48,Z,1014.4,Z,,Z,,Z,,Z,,,,,213.7,Z,6.9964,Z,335,Z,0.66,Z,,Z,,Z,,Z,54.95,Z,,Z,,Z,,Z,19.261,Z,36,Z,,,6.4,Z,true,true,true,false,true,true,true,true,true,true,true,true,false,true,POINT (151.6639404296875 -33.65681457519531)
soop_sst_nrt_trajectory_data.fid--1f707f45_1989dc45aa9_7729,12317,2631401,VRZN9,Pacific Celebes,,2009-10-11T07:31:00Z,Z,-33.6634,Z,151.6588,Z,18.47,Z,1014.4,Z,,Z,,Z,,Z,,,,,213,Z,7.5109,Z,313,Z,0.72,Z,,Z,,Z,,Z,55.43,Z,,Z,,Z,,Z,19.2635,Z,37,Z,,,7.04,Z,true,true,true,false,true,true,true,true,true,true,true,true,false,true,POINT (151.65879821777344 -33.66344451904297)
soop_sst_nrt_trajectory_data.fid--1f707f45_1989dc45aa9_772a,12317,2631402,VRZN9,Pacific Celebes,,2009-10-11T07:33:00Z,Z,-33.6703,Z,151.6534,Z,18.47,Z,1014.52,Z,,Z,,Z,,Z,,,,,213.4,Z,7.2537,Z,29,Z,0.75,Z,,Z,,Z,,Z,55.88,Z,,Z,,Z,,Z,19.274,Z,30,Z,,,6.61,Z,true,true,true,false,true,true,true,true,true,true,true,true,false,true,POINT (151.65341186523438 -33.670284271240234)
soop_sst_nrt_trajectory_data.fid--1f707f45_1989dc45aa9_772b,12317,2631403,VRZN9,Pacific Celebes,,2009-10-11T07:35:00Z,Z,-33.6769,Z,151.6483,Z,18.38,Z,1014.52,Z,,Z,,Z,,Z,,,,,213.2,Z,7.0993,Z,84,Z,1,Z,,Z,,Z,,Z,54.77,Z,,Z,,Z,,Z,19.2989,Z,25,Z,,,7.07,Z,true,true,true,false,true,true,true,true,true,true,true,true,false,true,POINT (151.64825439453125 -33.6768798828125)
soop_sst_nrt_trajectory_data.fid--1f707f45_1989dc45aa9_772c,12317,2631404,VRZN9,Pacific Celebes,,2009-10-11T07:37:00Z,Z,-33.6835,Z,151.6432,Z,18.28,Z,1014.42,Z,,Z,,Z,,Z,,,,,212.6,Z,7.3566,Z,57,Z,2.03,Z,,Z,,Z,,Z,56.06,Z,,Z,,Z,,Z,19.3412,Z,17,Z,,,6.48,Z,true,true,true,false,true,true,true,true,true,true,true,true,false,true,POINT (151.64315795898438 -33.68353271484375)
soop_sst_nrt_trajectory_data.fid--1f707f45_1989dc45aa9_772d,12317,2631405,VRZN9,Pacific Celebes,,2009-10-11T07:39:00Z,Z,-33.6902,Z,151.638,Z,18.23,Z,1014.45,Z,,Z,,Z,,Z,,,,,212.8,Z,6.9964,Z,351,Z,0.72,Z,,Z,,Z,,Z,56.59,Z,,Z,,Z,,Z,19.3384,Z,34,Z,,,6.29,Z,true,true,true,false,true,true,true,true,true,true,true,true,false,true,POINT (151.63803100585938 -33.69019317626953)
soop_sst_nrt_trajectory_data.fid--1f707f45_1989dc45aa9_772e,12317,2631406,VRZN9,Pacific Celebes,,2009-10-11T07:41:00Z,Z,-33.6968,Z,151.6329,Z,18.11,Z,1014.58,Z,,Z,,Z,,Z,,,,,212.8,Z,7.4594,Z,71,Z,1.15,Z,,Z,,Z,,Z,55.74,Z,,Z,,Z,,Z,19.3297,Z,24,Z,,,7.17,Z,true,true,true,false,true,true,true,true,true,true,true,true,false,true,POINT (151.63290405273438 -33.69684600830078)
soop_sst_nrt_trajectory_data.fid--1f707f45_1989dc45aa9_772f,12317,2631407,VRZN9,Pacific Celebes,,2009-10-11T07:43:00Z,Z,-33.7035,Z,151.6278,Z,18.04,Z,1014.48,Z,,Z,,Z,,Z,,,,,212.9,Z,7.0993,Z,124,Z,1.37,Z,,Z,,Z,,Z,55.86,Z,,Z,,Z,,Z,19.3169,Z,25,Z,,,7.95,Z,true,true,true,false,true,true,true,true,true,true,true,true,false,true,POINT (151.6277618408203 -33.70349884033203)
soop_sst_nrt_trajectory_data.fid--1f707f45_1989dc45aa9_7730,12317,2631408,VRZN9,Pacific Celebes,,2009-10-11T07:45:00Z,Z,-33.7102,Z,151.6227,Z,17.96,Z,1014.43,Z,,Z,,Z,,Z,,,,,212.6,Z,7.5109,Z,82,Z,1.2,Z,,Z,,Z,,Z,55.29,Z,,Z,,Z,,Z,19.3102,Z,23,Z,,,7.44,Z,true,true,true,false,true,true,true,true,true,true,true,true,false,true,POINT (151.62266540527344 -33.71016311645508)
soop_sst_nrt_trajectory_data.fid--1f707f45_1989dc45aa9_7731,12317,2631409,VRZN9,Pacific Celebes,,2009-10-11T07:47:00Z,Z,-33.7169,Z,151.6177,Z,17.95,Z,1014.67,Z,,Z,,Z,,Z,,,,,211.9,Z,7.3566,Z,34,Z,1.03,Z,,Z,,Z,,Z,58.72,Z,,Z,,Z,,Z,19.3073,Z,27,Z,,,6.53,Z,true,true,true,false,true,true,true,true,true,true,true,true,false,true,POINT (151.61766052246094 -33.71688461303711)
soop_sst_nrt_trajectory_data.fid--1f707f45_1989dc45aa9_7732,12317,2631410,VRZN9,Pacific Celebes,,2009-10-11T07:49:00Z,Z,-33.7239,Z,151.6124,Z,17.85,Z,1014.35,Z,,Z,,Z,,Z,,,,,212.1,Z,7.2537,Z,94,Z,1.47,Z,,Z,,Z,,Z,59.41,Z,,Z,,Z,,Z,19.302,Z,21,Z,,,7.5,Z,true,true,true,false,true,true,true,true,true,true,true,true,false,true,POINT (151.6124267578125 -33.723854064941406)
soop_sst_nrt_trajectory_data.fid--1f707f45_1989dc45aa9_7733,12317,2631411,VRZN9,Pacific Celebes,,2009-10-11T07:51:00Z,Z,-33.7305,Z,151.6074,Z,17.79,Z,1014.51,Z,,Z,,Z,,Z,,,,,212.2,Z,7.2537,Z,88,Z,1,Z,,Z,,Z,,Z,59.27,Z,,Z,,Z,,Z,19.2891,Z,24,Z,,,7.29,Z,true,true,true,false,true,true,true,true,true,true,true,true,false,true,POINT (151.60740661621094 -33.73052215576172)
soop_sst_nrt_trajectory_data.fid--1f707f45_1989dc45aa9_7734,12317,2631412,VRZN9,Pacific Celebes,,2009-10-11T07:53:00Z,Z,-33.7372,Z,151.6024,Z,17.7,Z,1014.44,Z,,Z,,Z,,Z,,,,,212.2,Z,7.2537,Z,95,Z,1.12,Z,,Z,,Z,,Z,59.02,Z,,Z,,Z,,Z,19.2763,Z,24,Z,,,7.44,Z,true,true,true,false,true,true,true,true,true,true,true,true,false,true,POINT (151.6023712158203 -33.737213134765625)
soop_sst_nrt_trajectory_data.fid--1f707f45_1989dc45aa9_7735,12317,2631413,VRZN9,Pacific Celebes,,2009-10-11T07:55:00Z,Z,-33.7438,Z,151.5972,Z,17.64,Z,1014.2,Z,,Z,,Z,,Z,,,,,213.4,Z,7.0993,Z,113,Z,0.85,Z,,Z,,Z,,Z,58.88,Z,,Z,,Z,,Z,19.2599,Z,27,Z,,,7.47,Z,true,true,true,false,true,true,true,true,true,true,true,true,false,true,POINT (151.59715270996094 -33.74382019042969)
soop_sst_nrt_trajectory_data.fid--1f707f45_1989dc45aa9_7736,12317,2631414,VRZN9,Pacific Celebes,,2009-10-11T07:57:00Z,Z,-33.7504,Z,151.592,Z,17.57,Z,1014.34,Z,,Z,,Z,,Z,,,,,213.3,Z,7.4594,Z,108,Z,0.56,Z,,Z,,Z,,Z,59.38,Z,,Z,,Z,,Z,19.2465,Z,29,Z,,,7.65,Z,true,true,true,false,true,true,true,true,true,true,true,true,false,true,POINT (151.5919647216797 -33.75041580200195)
soop_sst_nrt_trajectory_data.fid--1f707f45_1989dc45aa9_7737,12317,2631415,VRZN9,Pacific Celebes,,2009-10-11T07:59:00Z,Z,-33.7571,Z,151.5869,Z,17.53,Z,1014.34,Z,,Z,,Z,,Z,,,,,212.5,Z,7.0993,Z,113,Z,1.58,Z,,Z,,Z,,Z,59.02,Z,,Z,,Z,,Z,19.2341,Z,22,Z,,,7.85,Z,true,true,true,false,true,true,true,true,true,true,true,true,false,true,POINT (151.5868682861328 -33.75708770751953)
soop_sst_nrt_trajectory_data.fid--1f707f45_1989dc45aa9_7738,12317,2631416,VRZN9,Pacific Celebes,,2009-10-11T08:01:00Z,Z,-33.7636,Z,151.5815,Z,17.46,Z,1014.52,Z,,Z,,Z,,Z,,,,,214.3,Z,7.2537,Z,77,Z,1.6,Z,,Z,,Z,,Z,59.5,Z,,Z,,Z,,Z,19.2233,Z,22,Z,,,7.07,Z,true,true,true,false,true,true,true,true,true,true,true,true,false,true,POINT (151.58152770996094 -33.763614654541016)
soop_sst_nrt_trajectory_data.fid--1f707f45_1989dc45aa9_7739,12317,2631417,VRZN9,Pacific Celebes,,2009-10-11T08:03:00Z,Z,-33.7702,Z,151.5762,Z,17.4,Z,1014.37,Z,,Z,,Z,,Z,,,,,213.8,Z,7.5109,Z,102,Z,1,Z,,Z,,Z,,Z,60.63,Z,,Z,,Z,,Z,19.2093,Z,27,Z,,,7.78,Z,true,true,true,false,true,true,true,true,true,true,true,true,false,true,POINT (151.5762481689453 -33.77019500732422)
soop_sst_nrt_trajectory_data.fid--1f707f45_1989dc45aa9_773a,12317,2631418,VRZN9,Pacific Celebes,,2009-10-11T08:05:00Z,Z,-33.777,Z,151.5708,Z,17.37,Z,1014.46,Z,,Z,,Z,,Z,,,,,213.7,Z,7.4594,Z,70,Z,1.9,Z,,Z,,Z,,Z,60.45,Z,,Z,,Z,,Z,19.1957,Z,19,Z,,,7.04,Z,true,true,true,false,true,true,true,true,true,true,true,true,false,true,POINT (151.57077026367188 -33.77704620361328)
soop_sst_nrt_trajectory_data.fid--1f707f45_1989dc45aa9_773b,12317,2631419,VRZN9,Pacific Celebes,,2009-10-11T08:07:00Z,Z,-33.7836,Z,151.5656,Z,17.31,Z,1014.58,Z,,Z,,Z,,Z,,,,,213.7,Z,7.3566,Z,84,Z,1.7,Z,,Z,,Z,,Z,60.83,Z,,Z,,Z,,Z,19.1904,Z,20,Z,,,7.38,Z,true,true,true,false,true,true,true,true,true,true,true,true,false,true,POINT (151.5655517578125 -33.783573150634766)
soop_sst_nrt_trajectory_data.fid--1f707f45_1989dc45aa9_773c,12317,2631420,VRZN9,Pacific Celebes,,2009-10-11T08:09:00Z,Z,-33.7901,Z,151.5604,Z,17.28,Z,1014.61,Z,,Z,,Z,,Z,,,,,213.4,Z,7.3566,Z,64,Z,1.42,Z,,Z,,Z,,Z,61.38,Z,,Z,,Z,,Z,19.1802,Z,23,Z,,,6.85,Z,true,true,true,false,true,true,true,true,true,true,true,true,false,true,POINT (151.56036376953125 -33.79014587402344)
soop_sst_nrt_trajectory_data.fid--1f707f45_1989dc45aa9_773d,12317,2631421,VRZN9,Pacific Celebes,,2009-10-11T08:11:00Z,Z,-33.7967,Z,151.5552,Z,17.23,Z,1014.42,Z,,Z,,Z,,Z,,,,,213.2,Z,7.6138,Z,62,Z,0.85,Z,,Z,,Z,,Z,61.22,Z,,Z,,Z,,Z,19.1723,Z,27,Z,,,7.25,Z,true,true,true,false,true,true,true,true,true,true,true,true,false,true,POINT (151.55520629882812 -33.79673767089844)
soop_sst_nrt_trajectory_data.fid--1f707f45_1989dc45aa9_773e,12317,2631422,VRZN9,Pacific Celebes,,2009-10-11T08:13:00Z,Z,-33.8033,Z,151.55,Z,17.2,Z,1014.58,Z,,Z,,Z,,Z,,,,,213.6,Z,7.2537,Z,82,Z,0.82,Z,,Z,,Z,,Z,61.52,Z,,Z,,Z,,Z,19.1678,Z,27,Z,,,7.19,Z,true,true,true,false,true,true,true,true,true,true,true,true,false,true,POINT (151.5500030517578 -33.803287506103516)
soop_sst_nrt_trajectory_data.fid--1f707f45_1989dc45aa9_773f,12317,2631423,VRZN9,Pacific Celebes,,2009-10-11T08:15:00Z,Z,-33.8098,Z,151.5448,Z,17.19,Z,1014.58,Z,,Z,,Z,,Z,,,,,213.6,Z,7.4594,Z,96,Z,1.55,Z,,Z,,Z,,Z,62.38,Z,,Z,,Z,,Z,19.1647,Z,22,Z,,,7.78,Z,true,true,true,false,true,true,true,true,true,true,true,true,false,true,POINT (151.5447998046875 -33.809818267822266)
soop_sst_nrt_trajectory_data.fid--1f707f45_1989dc45aa9_7740,12317,2631424,VRZN9,Pacific Celebes,,2009-10-11T08:17:00Z,Z,-33.8163,Z,151.5396,Z,17.15,Z,1014.58,Z,,Z,,Z,,Z,,,,,213.6,Z,7.5109,Z,357,Z,1.2,Z,,Z,,Z,,Z,62.2,Z,,Z,,Z,,Z,19.1603,Z,34,Z,,,6.31,Z,true,true,true,false,true,true,true,true,true,true,true,true,false,true,POINT (151.53961181640625 -33.81633758544922)
soop_sst_nrt_trajectory_data.fid--1f707f45_1989dc45aa9_7741,12317,2631425,VRZN9,Pacific Celebes,,2009-10-11T08:19:00Z,Z,-33.8231,Z,151.5342,Z,17.11,Z,1014.57,Z,,Z,,Z,,Z,,,,,213.7,Z,7.2537,Z,102,Z,1.87,Z,,Z,,Z,,Z,61.45,Z,,Z,,Z,,Z,19.1541,Z,20,Z,,,7.86,Z,true,true,true,false,true,true,true,true,true,true,true,true,false,true,POINT (151.53421020507812 -33.82310485839844)
soop_sst_nrt_trajectory_data.fid--1f707f45_1989dc45aa9_7742,12317,2631426,VRZN9,Pacific Celebes,,2009-10-11T08:21:00Z,Z,-33.8296,Z,151.529,Z,17.07,Z,1014.54,Z,,Z,,Z,,Z,,,,,213.6,Z,7.3566,Z,96,Z,1.6,Z,,Z,,Z,,Z,61.58,Z,,Z,,Z,,Z,19.1496,Z,22,Z,,,7.69,Z,true,true,true,false,true,true,true,true,true,true,true,true,false,true,POINT (151.52902221679688 -33.829620361328125)
soop_sst_nrt_trajectory_data.fid--1f707f45_1989dc45aa9_7743,12317,2631427,VRZN9,Pacific Celebes,,2009-10-11T08:23:00Z,Z,-33.8362,Z,151.5239,Z,17.04,Z,1014.64,Z,,Z,,Z,,Z,,,,,213.1,Z,7.7167,Z,61,Z,1.1,Z,,Z,,Z,,Z,61.72,Z,,Z,,Z,,Z,19.1447,Z,25,Z,,,7.25,Z,true,true,true,false,true,true,true,true,true,true,true,true,false,true,POINT (151.5238800048828 -33.836204528808594)
soop_sst_nrt_trajectory_data.fid--1f707f45_1989dc45aa9_7744,12317,2631428,VRZN9,Pacific Celebes,,2009-10-11T08:25:00Z,Z,-33.8428,Z,151.5187,Z,17.02,Z,1014.52,Z,,Z,,Z,,Z,,,,,213.1,Z,7.2537,Z,75,Z,1.51,Z,,Z,,Z,,Z,62.63,Z,,Z,,Z,,Z,19.1379,Z,21,Z,,,7.02,Z,true,true,true,false,true,true,true,true,true,true,true,true,false,true,POINT (151.5187225341797 -33.842803955078125)
soop_sst_nrt_trajectory_data.fid--1f707f45_1989dc45aa9_7745,12317,2631429,VRZN9,Pacific Celebes,,2009-10-11T08:27:00Z,Z,-33.8493,Z,151.5135,Z,17.02,Z,1014.52,Z,,Z,,Z,,Z,,,,,213.7,Z,7.2537,Z,67,Z,1.76,Z,,Z,,Z,,Z,64.55,Z,,Z,,Z,,Z,19.1314,Z,20,Z,,,6.76,Z,true,true,true,false,true,true,true,true,true,true,true,true,false,true,POINT (151.51348876953125 -33.84934997558594)
soop_sst_nrt_trajectory_data.fid--1f707f45_1989dc45aa9_7746,12317,2631430,VRZN9,Pacific Celebes,,2009-10-11T08:29:00Z,Z,-33.8559,Z,151.5083,Z,16.96,Z,1014.52,Z,,Z,,Z,,Z,,,,,213,Z,7.3566,Z,99,Z,2.45,Z,,Z,,Z,,Z,63.59,Z,,Z,,Z,,Z,19.1258,Z,16,Z,,,8.11,Z,true,true,true,false,true,true,true,true,true,true,true,true,false,true,POINT (151.5083465576172 -33.85594940185547)
soop_sst_nrt_trajectory_data.fid--1f707f45_1989dc45aa9_7747,12317,2631431,VRZN9,Pacific Celebes,,2009-10-11T08:31:00Z,Z,-33.8626,Z,151.5031,Z,16.92,Z,1014.62,Z,,Z,,Z,,Z,,,,,213.3,Z,7.4594,Z,94,Z,2.36,Z,,Z,,Z,,Z,63.24,Z,,Z,,Z,,Z,19.1236,Z,16,Z,,,7.98,Z,true,true,true,false,true,true,true,true,true,true,true,true,false,true,POINT (151.50314331054688 -33.86255645751953)
soop_sst_nrt_trajectory_data.fid--1f707f45_1989dc45aa9_7748,12317,2631432,VRZN9,Pacific Celebes,,2009-10-11T08:33:00Z,Z,-33.8692,Z,151.4979,Z,16.9,Z,1014.59,Z,,Z,,Z,,Z,,,,,213.4,Z,7.6138,Z,100,Z,1.62,Z,,Z,,Z,,Z,64.05,Z,,Z,,Z,,Z,19.123,Z,22,Z,,,8.05,Z,true,true,true,false,true,true,true,true,true,true,true,true,false,true,POINT (151.4979248046875 -33.86915969848633)
soop_sst_nrt_trajectory_data.fid--1f707f45_1989dc45aa9_7749,12317,2631433,VRZN9,Pacific Celebes,,2009-10-11T08:35:00Z,Z,-33.876,Z,151.4925,Z,16.89,Z,1014.57,Z,,Z,,Z,,Z,,,,,213.3,Z,7.2022,Z,62,Z,1.2,Z,,Z,,Z,,Z,64.8,Z,,Z,,Z,,Z,19.1314,Z,24,Z,,,6.72,Z,true,true,true,false,true,true,true,true,true,true,true,true,false,true,POINT (151.4925079345703 -33.876033782958984)
soop_sst_nrt_trajectory_data.fid--1f707f45_1989dc45aa9_774a,12317,2631434,VRZN9,Pacific Celebes,,2009-10-11T08:37:00Z,Z,-33.8827,Z,151.4874,Z,16.94,Z,1014.53,Z,,Z,,Z,,Z,,,,,212.9,Z,7.4594,Z,63,Z,1.76,Z,,Z,,Z,,Z,66.88,Z,,Z,,Z,,Z,19.1297,Z,20,Z,,,6.84,Z,true,true,true,false,true,true,true,true,true,true,true,true,false,true,POINT (151.4873504638672 -33.882694244384766)
soop_sst_nrt_trajectory_data.fid--1f707f45_1989dc45aa9_774b,12317,2631435,VRZN9,Pacific Celebes,,2009-10-11T08:39:00Z,Z,-33.8894,Z,151.4821,Z,16.9,Z,1014.44,Z,,Z,,Z,,Z,,,,,212.9,Z,7.871,Z,100,Z,1.5,Z,,Z,,Z,,Z,64.47,Z,,Z,,Z,,Z,19.1292,Z,23,Z,,,8.26,Z,true,true,true,false,true,true,true,true,true,true,true,true,false,true,POINT (151.4821319580078 -33.88941192626953)
soop_sst_nrt_trajectory_data.fid--1f707f45_1989dc45aa9_774c,12317,2631436,VRZN9,Pacific Celebes,,2009-10-11T08:42:00Z,H,-33.8961,Z,151.477,Z,16.89,Z,1014.69,Z,,Z,,Z,,Z,,,,,212.8,Z,7.3566,Z,85,Z,2,Z,,Z,,Z,,Z,64.22,Z,,Z,,Z,,Z,19.1287,Z,17,Z,,,7.45,Z,true,true,true,false,true,true,true,true,true,true,true,true,false,true,POINT (151.47698974609375 -33.89606475830078)
soop_sst_nrt_trajectory_data.fid--1f707f45_1989dc45aa9_774d,12378,2667639,VRZN9,Pacific Celebes,,2010-01-01T15:29:00Z,Z,-33.6011,Z,151.9886,Z,23.36,Z,1005.24,Z,5.2966,Z,5.3015,Z,5.3065,Z,,,,,209.7,Z,8.3854,Z,61,Z,3.32,Z,35.5141,Z,35.5434,Z,35.5896,Z,82.05,Z,24.2509,Z,24.2605,Z,24.2499,Z,24.192,Z,7,Z,,,7.37,Z,true,true,true,false,true,true,true,true,true,true,true,true,false,true,POINT (151.9886016845703 -33.60107421875)
soop_sst_nrt_trajectory_data.fid--1f707f45_1989dc45aa9_774e,12378,2667640,VRZN9,Pacific Celebes,,2010-01-01T15:31:00Z,Z,-33.609,Z,151.9832,Z,23.37,Z,1005.13,Z,5.2975,Z,5.3023,Z,5.307,Z,,,,,209.8,Z,8.3854,Z,73,Z,3.76,Z,35.5147,Z,35.5449,Z,35.588,Z,81.75,Z,24.2586,Z,24.2662,Z,24.2566,Z,24.1965,Z,4,Z,,,8.13,Z,true,true,true,false,true,true,true,true,true,true,true,true,false,true,POINT (151.98316955566406 -33.609004974365234)
soop_sst_nrt_trajectory_data.fid--1f707f45_1989dc45aa9_774f,12378,2667641,VRZN9,Pacific Celebes,,2010-01-01T15:33:00Z,Z,-33.6169,Z,151.9777,Z,23.42,Z,1005.15,Z,5.2986,Z,5.3038,Z,5.3083,Z,,,,,209.9,Z,8.3854,Z,49,Z,3.68,Z,35.5141,Z,35.5451,Z,35.5871,Z,82.08,Z,24.2699,Z,24.2802,Z,24.2701,Z,24.2056,Z,5,Z,,,6.59,Z,true,true,true,false,true,true,true,true,true,true,true,true,false,true,POINT (151.97772216796875 -33.61691665649414)
soop_sst_nrt_trajectory_data.fid--1f707f45_1989dc45aa9_7750,12378,2667642,VRZN9,Pacific Celebes,,2010-01-01T15:35:00Z,Z,-33.6252,Z,151.9722,Z,23.43,Z,1005.19,Z,5.2993,Z,5.3045,Z,5.3091,Z,,,,,209.3,Z,8.3854,Z,48,Z,4.03,Z,35.5131,Z,35.5449,Z,35.5868,Z,81.36,Z,24.2777,Z,24.2871,Z,24.278,Z,24.2123,Z,2,Z,,,6.43,Z,true,true,true,false,true,true,true,true,true,true,true,true,false,true,POINT (151.97216796875 -33.625205993652344)
soop_sst_nrt_trajectory_data.fid--1f707f45_1989dc45aa9_7751,12378,2667643,VRZN9,Pacific Celebes,,2010-01-01T15:37:00Z,Z,-33.6331,Z,151.9668,Z,23.47,Z,1005.22,Z,5.2995,Z,5.3047,Z,5.3092,Z,,,,,209.5,Z,8.3854,Z,61,Z,4.13,Z,35.5127,Z,35.5447,Z,35.5861,Z,81.73,Z,24.2801,Z,24.2893,Z,24.2799,Z,24.2136,Z,0,Z,,,7.33,Z,true,true,true,false,true,true,true,true,true,true,true,true,false,true,POINT (151.96682739257812 -33.633094787597656)
soop_sst_nrt_trajectory_data.fid--1f707f45_1989dc45aa9_7752,12378,2667644,VRZN9,Pacific Celebes,,2010-01-01T15:39:00Z,Z,-33.641,Z,151.9615,Z,23.46,Z,1005.16,Z,5.2995,Z,5.3047,Z,5.3096,Z,,,,,209.4,Z,8.334,Z,43,Z,3.66,Z,35.5121,Z,35.5423,Z,35.588,Z,81.55,Z,24.2809,Z,24.2922,Z,24.2813,Z,24.2135,Z,6,Z,,,6.18,Z,true,true,true,false,true,true,true,true,true,true,true,true,false,true,POINT (151.96148681640625 -33.64103317260742)
soop_sst_nrt_trajectory_data.fid--1f707f45_1989dc45aa9_7753,12378,2667645,VRZN9,Pacific Celebes,,2010-01-01T15:41:00Z,Z,-33.649,Z,151.9562,Z,23.47,Z,1005.13,Z,5.2992,Z,5.3046,Z,5.3092,Z,,,,,209.1,Z,8.334,Z,45,Z,4.01,Z,35.5099,Z,35.5433,Z,35.5854,Z,81.83,Z,24.2808,Z,24.2901,Z,24.2807,Z,24.2131,Z,2,Z,,,6.19,Z,true,true,true,false,true,true,true,true,true,true,true,true,false,true,POINT (151.95620727539062 -33.64895248413086)
soop_sst_nrt_trajectory_data.fid--1f707f45_1989dc45aa9_7754,12378,2667646,VRZN9,Pacific Celebes,,2010-01-01T15:43:00Z,Z,-33.6569,Z,151.9509,Z,23.45,Z,1005.01,Z,5.299,Z,5.3041,Z,5.3086,Z,,,,,209,Z,8.3854,Z,51,Z,3.57,Z,35.5098,Z,35.5408,Z,35.5818,Z,80.8,Z,24.279,Z,24.2885,Z,24.2796,Z,24.2118,Z,5,Z,,,6.74,Z,true,true,true,false,true,true,true,true,true,true,true,true,false,true,POINT (151.950927734375 -33.65691375732422)
soop_sst_nrt_trajectory_data.fid--1f707f45_1989dc45aa9_7755,12378,2667647,VRZN9,Pacific Celebes,,2010-01-01T15:45:00Z,Z,-33.6649,Z,151.9456,Z,23.45,Z,1004.94,Z,5.2986,Z,5.3039,Z,5.3081,Z,,,,,209.3,Z,8.334,Z,54,Z,3.5,Z,35.5086,Z,35.5408,Z,35.5803,Z,81.29,Z,24.2768,Z,24.2866,Z,24.2767,Z,24.2099,Z,5,Z,,,6.89,Z,true,true,true,false,true,true,true,true,true,true,true,true,false,true,POINT (151.94558715820312 -33.66486358642578)
soop_sst_nrt_trajectory_data.fid--1f707f45_1989dc45aa9_7756,12378,2667648,VRZN9,Pacific Celebes,,2010-01-01T15:47:00Z,Z,-33.6727,Z,151.94,Z,23.45,Z,1004.87,Z,5.2982,Z,5.3036,Z,5.3081,Z,,,,,210.5,Z,8.4883,Z,41,Z,3.3,Z,35.5066,Z,35.5396,Z,35.5814,Z,81.37,Z,24.2755,Z,24.2852,Z,24.2753,Z,24.2098,Z,11,Z,,,6.38,Z,true,true,true,false,true,true,true,true,true,true,true,true,false,true,POINT (151.94004821777344 -33.67273712158203)
soop_sst_nrt_trajectory_data.fid--1f707f45_1989dc45aa9_7757,12378,2667649,VRZN9,Pacific Celebes,,2010-01-01T15:49:00Z,Z,-33.681,Z,151.9342,Z,23.44,Z,1004.81,Z,5.2987,Z,5.3038,Z,5.3083,Z,,,,,210.5,Z,8.5398,Z,60,Z,4.28,Z,35.5072,Z,35.5368,Z,35.5787,Z,81.8,Z,24.2795,Z,24.2906,Z,24.2806,Z,24.2135,Z,0,Z,,,7.4,Z,true,true,true,false,true,true,true,true,true,true,true,true,false,true,POINT (151.93423461914062 -33.68098831176758)
soop_sst_nrt_trajectory_data.fid--1f707f45_1989dc45aa9_7758,12378,2667650,VRZN9,Pacific Celebes,,2010-01-01T15:51:00Z,Z,-33.6889,Z,151.9286,Z,23.45,Z,1004.81,Z,5.2987,Z,5.3039,Z,5.3082,Z,,,,,210.4,Z,8.5912,Z,53,Z,2.95,Z,35.5055,Z,35.5372,Z,35.5766,Z,82.75,Z,24.2816,Z,24.2911,Z,24.2823,Z,24.2151,Z,11,Z,,,7.21,Z,true,true,true,false,true,true,true,true,true,true,true,true,false,true,POINT (151.92864990234375 -33.68894958496094)
soop_sst_nrt_trajectory_data.fid--1f707f45_1989dc45aa9_7759,12378,2667651,VRZN9,Pacific Celebes,,2010-01-01T15:53:00Z,Z,-33.6969,Z,151.923,Z,23.43,Z,1004.77,Z,5.2985,Z,5.3038,Z,5.3081,Z,,,,,210.6,Z,8.5398,Z,35,Z,2.91,Z,35.5043,Z,35.5379,Z,35.5775,Z,82.08,Z,24.2812,Z,24.2892,Z,24.2802,Z,24.2124,Z,15,Z,,,6.38,Z,true,true,true,false,true,true,true,true,true,true,true,true,false,true,POINT (151.9230499267578 -33.696876525878906)
soop_sst_nrt_trajectory_data.fid--1f707f45_1989dc45aa9_775a,12378,2667652,VRZN9,Pacific Celebes,,2010-01-01T15:55:00Z,Z,-33.7047,Z,151.9173,Z,23.46,Z,1004.72,Z,5.2979,Z,5.3029,Z,5.3075,Z,,,,,211.6,Z,8.4883,Z,49,Z,3.22,Z,35.5032,Z,35.5336,Z,35.5752,Z,83,Z,24.2769,Z,24.2861,Z,24.2775,Z,24.2099,Z,11,Z,,,6.82,Z,true,true,true,false,true,true,true,true,true,true,true,true,false,true,POINT (151.9173126220703 -33.70468521118164)
soop_sst_nrt_trajectory_data.fid--1f707f45_1989dc45aa9_775b,12378,2667653,VRZN9,Pacific Celebes,,2010-01-01T15:57:00Z,Z,-33.7125,Z,151.9117,Z,23.44,Z,1004.69,Z,5.2973,Z,5.3025,Z,5.307,Z,,,,,211.2,Z,8.3854,Z,56,Z,3.09,Z,35.501,Z,35.5312,Z,35.5736,Z,82.76,Z,24.274,Z,24.2853,Z,24.2747,Z,24.2073,Z,10,Z,,,7.13,Z,true,true,true,false,true,true,true,true,true,true,true,true,false,true,POINT (151.91165161132812 -33.71249771118164)
soop_sst_nrt_trajectory_data.fid--1f707f45_1989dc45aa9_775c,12378,2667654,VRZN9,Pacific Celebes,,2010-01-01T15:59:00Z,Z,-33.7203,Z,151.906,Z,23.45,Z,1004.75,Z,5.2966,Z,5.3017,Z,5.3069,Z,,,,,211.3,Z,8.3854,Z,50,Z,2.82,Z,35.4997,Z,35.5304,Z,35.5784,Z,83.01,Z,24.269,Z,24.2788,Z,24.2677,Z,24.203,Z,13,Z,,,6.92,Z,true,true,true,false,true,true,true,true,true,true,true,true,false,true,POINT (151.90597534179688 -33.72028732299805)
soop_sst_nrt_trajectory_data.fid--1f707f45_1989dc45aa9_775d,12378,2667655,VRZN9,Pacific Celebes,,2010-01-01T16:01:00Z,Z,-33.728,Z,151.9001,Z,23.45,Z,1004.67,Z,5.2957,Z,5.3012,Z,5.3057,Z,,,,,212.6,Z,8.3854,Z,35,Z,2.78,Z,35.4971,Z,35.5298,Z,35.5727,Z,83.12,Z,24.2637,Z,24.2748,Z,24.2635,Z,24.1989,Z,18,Z,,,6.31,Z,true,true,true,false,true,true,true,true,true,true,true,true,false,true,POINT (151.9001007080078 -33.72795867919922)
soop_sst_nrt_trajectory_data.fid--1f707f45_1989dc45aa9_775e,12378,2667656,VRZN9,Pacific Celebes,,2010-01-01T16:03:00Z,Z,-33.7355,Z,151.894,Z,23.45,Z,1004.61,Z,5.2954,Z,5.3004,Z,5.3055,Z,,,,,213.8,Z,8.334,Z,56,Z,3.51,Z,35.4979,Z,35.5268,Z,35.5743,Z,82.44,Z,24.2599,Z,24.271,Z,24.2596,Z,24.1962,Z,9,Z,,,7,Z,true,true,true,false,true,true,true,true,true,true,true,true,false,true,POINT (151.89404296875 -33.73552703857422)
soop_sst_nrt_trajectory_data.fid--1f707f45_1989dc45aa9_775f,12378,2667657,VRZN9,Pacific Celebes,,2010-01-01T16:05:00Z,Z,-33.7435,Z,151.8878,Z,23.5,Z,1004.48,Z,5.2953,Z,5.3004,Z,5.3053,Z,,,,,213.2,Z,8.3854,Z,52,Z,3.64,Z,35.4979,Z,35.5275,Z,35.5728,Z,82.88,Z,24.2589,Z,24.2701,Z,24.2596,Z,24.196,Z,8,Z,,,6.78,Z,true,true,true,false,true,true,true,true,true,true,true,true,false,true,POINT (151.8878173828125 -33.743473052978516)
soop_sst_nrt_trajectory_data.fid--1f707f45_1989dc45aa9_7760,12378,2667658,VRZN9,Pacific Celebes,,2010-01-01T16:07:00Z,Z,-33.7511,Z,151.8819,Z,23.52,Z,1004.46,Z,5.2953,Z,5.3003,Z,5.3053,Z,,,,,213.3,Z,8.4883,Z,56,Z,3.84,Z,35.4968,Z,35.527,Z,35.5724,Z,82.48,Z,24.2603,Z,24.2697,Z,24.2601,Z,24.1953,Z,7,Z,,,7.1,Z,true,true,true,false,true,true,true,true,true,true,true,true,false,true,POINT (151.88185119628906 -33.751068115234375)
soop_sst_nrt_trajectory_data.fid--1f707f45_1989dc45aa9_7761,12378,2667659,VRZN9,Pacific Celebes,,2010-01-01T16:09:00Z,Z,-33.7587,Z,151.8759,Z,23.47,Z,1004.46,Z,5.2945,Z,5.2997,Z,5.305,Z,,,,,213.2,Z,8.3854,Z,46,Z,4.19,Z,35.4942,Z,35.5248,Z,35.573,Z,82.51,Z,24.256,Z,24.2668,Z,24.2565,Z,24.1915,Z,4,Z,,,6.25,Z,true,true,true,false,true,true,true,true,true,true,true,true,false,true,POINT (151.87588500976562 -33.75868606567383)
soop_sst_nrt_trajectory_data.fid--1f707f45_1989dc45aa9_7762,12378,2667660,VRZN9,Pacific Celebes,,2010-01-01T16:12:00Z,H,-33.7664,Z,151.8701,Z,23.45,Z,1004.32,Z,5.2938,Z,5.2991,Z,5.3039,Z,,,,,212,Z,8.334,Z,86,Z,5.21,Z,35.4933,Z,35.5263,Z,35.5694,Z,81.88,Z,24.2505,Z,24.2593,Z,24.2506,Z,24.187,Z,359,Z,,,9.52,Z,true,true,true,false,true,true,true,true,true,true,true,true,false,true,POINT (151.87008666992188 -33.76643371582031)
soop_sst_nrt_trajectory_data.fid--1f707f45_1989dc45aa9_7763,12378,2667661,VRZN9,Pacific Celebes,,2010-01-01T16:14:00Z,Z,-33.7741,Z,151.8643,Z,23.48,Z,1004.28,Z,5.2932,Z,5.2985,Z,5.3034,Z,,,,,212.1,Z,8.3854,Z,81,Z,5.67,Z,35.4914,Z,35.5244,Z,35.5689,Z,81.4,Z,24.2472,Z,24.2559,Z,24.2465,Z,24.1823,Z,355,Z,,,9.36,Z,true,true,true,false,true,true,true,true,true,true,true,true,false,true,POINT (151.8643035888672 -33.774147033691406)
soop_sst_nrt_trajectory_data.fid--1f707f45_1989dc45aa9_7764,12378,2667662,VRZN9,Pacific Celebes,,2010-01-01T16:16:00Z,Z,-33.7819,Z,151.8585,Z,23.51,Z,1004.28,Z,5.2926,Z,5.2981,Z,5.303,Z,,,,,211.9,Z,8.4883,Z,78,Z,4.38,Z,35.4896,Z,35.5247,Z,35.5687,Z,81.41,Z,24.2437,Z,24.2517,Z,24.2429,Z,24.1805,Z,2,Z,,,8.7,Z,true,true,true,false,true,true,true,true,true,true,true,true,false,true,POINT (151.85853576660156 -33.78187942504883)
soop_sst_nrt_trajectory_data.fid--1f707f45_1989dc45aa9_7765,12378,2667663,VRZN9,Pacific Celebes,,2010-01-01T16:18:00Z,Z,-33.7896,Z,151.8528,Z,23.47,Z,1004.25,Z,5.293,Z,5.2985,Z,5.3033,Z,,,,,212,Z,8.334,Z,85,Z,4.75,Z,35.493,Z,35.5271,Z,35.5705,Z,80.44,Z,24.2432,Z,24.2526,Z,24.2435,Z,24.1808,Z,1,Z,,,9.23,Z,true,true,true,false,true,true,true,true,true,true,true,true,false,true,POINT (151.85276794433594 -33.789588928222656)
soop_sst_nrt_trajectory_data.fid--1f707f45_1989dc45aa9_7766,12378,2667664,VRZN9,Pacific Celebes,,2010-01-01T16:20:00Z,Z,-33.7973,Z,151.8469,Z,23.48,Z,1004.25,Z,5.2932,Z,5.2987,Z,5.3035,Z,,,,,212.4,Z,8.3854,Z,89,Z,5.65,Z,35.4919,Z,35.5256,Z,35.5697,Z,80.41,Z,24.2465,Z,24.2563,Z,24.2464,Z,24.1822,Z,358,Z,,,10.03,Z,true,true,true,false,true,true,true,true,true,true,true,true,false,true,POINT (151.84693908691406 -33.797264099121094)
soop_sst_nrt_trajectory_data.fid--1f707f45_1989dc45aa9_7767,12378,2667665,VRZN9,Pacific Celebes,,2010-01-01T16:22:00Z,Z,-33.8053,Z,151.8409,Z,23.51,Z,1004.19,Z,5.293,Z,5.2986,Z,5.3033,Z,,,,,211.9,Z,8.334,Z,87,Z,5.11,Z,35.4909,Z,35.5266,Z,35.5689,Z,81.11,Z,24.2459,Z,24.2542,Z,24.2456,Z,24.1823,Z,360,Z,,,9.55,Z,true,true,true,false,true,true,true,true,true,true,true,true,false,true,POINT (151.8409423828125 -33.805294036865234)
soop_sst_nrt_trajectory_data.fid--1f707f45_1989dc45aa9_7768,12378,2667666,VRZN9,Pacific Celebes,,2010-01-01T16:24:00Z,Z,-33.813,Z,151.8352,Z,23.51,Z,1004.11,Z,5.2939,Z,5.299,Z,5.304,Z,,,,,211.8,Z,8.3854,Z,81,Z,4.57,Z,35.4896,Z,35.521,Z,35.5666,Z,80.79,Z,24.2561,Z,24.265,Z,24.2551,Z,24.1911,Z,1,Z,,,8.9,Z,true,true,true,false,true,true,true,true,true,true,true,true,false,true,POINT (151.835205078125 -33.81302261352539)
soop_sst_nrt_trajectory_data.fid--1f707f45_1989dc45aa9_7769,12378,2667667,VRZN9,Pacific Celebes,,2010-01-01T16:26:00Z,Z,-33.8207,Z,151.8294,Z,23.51,Z,1004.09,Z,5.2945,Z,5.2998,Z,5.3048,Z,,,,,212.1,Z,8.2826,Z,87,Z,4.9,Z,35.486,Z,35.5179,Z,35.5631,Z,80.34,Z,24.2663,Z,24.2765,Z,24.267,Z,24.1992,Z,1,Z,,,9.4,Z,true,true,true,false,true,true,true,true,true,true,true,true,false,true,POINT (151.8294219970703 -33.82071304321289)
soop_sst_nrt_trajectory_data.fid--1f707f45_1989dc45aa9_776a,12378,2667668,VRZN9,Pacific Celebes,,2010-01-01T16:28:00Z,Z,-33.8284,Z,151.8237,Z,23.53,Z,1004.06,Z,5.2947,Z,5.3001,Z,5.3046,Z,,,,,212.1,Z,8.334,Z,68,Z,4.07,Z,35.4861,Z,35.5187,Z,35.5611,Z,80.61,Z,24.2681,Z,24.2783,Z,24.2677,Z,24.1991,Z,3,Z,,,7.79,Z,true,true,true,false,true,true,true,true,true,true,true,true,false,true,POINT (151.8236541748047 -33.82839584350586)
soop_sst_nrt_trajectory_data.fid--1f707f45_1989dc45aa9_776b,12378,2667669,VRZN9,Pacific Celebes,,2010-01-01T16:30:00Z,Z,-33.8361,Z,151.818,Z,23.52,Z,1003.97,Z,5.2947,Z,5.3001,Z,5.3048,Z,,,,,211.5,Z,8.334,Z,78,Z,4.55,Z,35.4861,Z,35.5189,Z,35.5625,Z,80.19,Z,24.268,Z,24.2781,Z,24.2678,Z,24.1985,Z,0,Z,,,8.62,Z,true,true,true,false,true,true,true,true,true,true,true,true,false,true,POINT (151.81797790527344 -33.83613967895508)
soop_sst_nrt_trajectory_data.fid--1f707f45_1989dc45aa9_776c,12378,2667670,VRZN9,Pacific Celebes,,2010-01-01T16:32:00Z,Z,-33.8439,Z,151.8123,Z,23.53,Z,1003.9,Z,5.295,Z,5.3003,Z,5.3051,Z,,,,,211.5,Z,8.3854,Z,84,Z,5.01,Z,35.4882,Z,35.5198,Z,35.565,Z,79.94,Z,24.2682,Z,24.2788,Z,24.2675,Z,24.1997,Z,359,Z,,,9.31,Z,true,true,true,false,true,true,true,true,true,true,true,true,false,true,POINT (151.81228637695312 -33.84390640258789)
soop_sst_nrt_trajectory_data.fid--1f707f45_1989dc45aa9_776d,12378,2667671,VRZN9,Pacific Celebes,,2010-01-01T16:34:00Z,Z,-33.8517,Z,151.8066,Z,23.53,Z,1003.91,Z,5.2955,Z,5.3006,Z,5.3062,Z,,,,,211.2,Z,8.3854,Z,86,Z,5.8,Z,35.4912,Z,35.5216,Z,35.572,Z,79.37,Z,24.2692,Z,24.2794,Z,24.2692,Z,24.2,Z,355,Z,,,9.86,Z,true,true,true,false,true,true,true,true,true,true,true,true,false,true,POINT (151.80661010742188 -33.85173416137695)
soop_sst_nrt_trajectory_data.fid--1f707f45_1989dc45aa9_776e,12378,2667672,VRZN9,Pacific Celebes,,2010-01-01T16:36:00Z,Z,-33.8595,Z,151.801,Z,23.55,Z,1003.96,Z,5.2955,Z,5.3006,Z,5.3059,Z,,,,,211.1,Z,8.3854,Z,86,Z,6.03,Z,35.493,Z,35.5218,Z,35.5713,Z,79.18,Z,24.267,Z,24.2792,Z,24.2672,Z,24.2,Z,354,Z,,,9.98,Z,true,true,true,false,true,true,true,true,true,true,true,true,false,true,POINT (151.80096435546875 -33.85954284667969)
soop_sst_nrt_trajectory_data.fid--1f707f45_1989dc45aa9_776f,12378,2667673,VRZN9,Pacific Celebes,,2010-01-01T16:38:00Z,Z,-33.8676,Z,151.7951,Z,23.56,Z,1003.89,Z,5.2958,Z,5.3008,Z,5.3059,Z,,,,,211.3,Z,8.334,Z,88,Z,5.8,Z,35.4939,Z,35.5245,Z,35.5696,Z,79.08,Z,24.2687,Z,24.2777,Z,24.2693,Z,24.1996,Z,356,Z,,,9.99,Z,true,true,true,false,true,true,true,true,true,true,true,true,false,true,POINT (151.79507446289062 -33.86764144897461)
soop_sst_nrt_trajectory_data.fid--1f707f45_1989dc45aa9_7770,12378,2667674,VRZN9,Pacific Celebes,,2010-01-01T16:40:00Z,Z,-33.8754,Z,151.7895,Z,23.56,Z,1003.91,Z,5.2958,Z,5.3008,Z,5.3054,Z,,,,,211,Z,8.3854,Z,86,Z,4.86,Z,35.4965,Z,35.5253,Z,35.5679,Z,79.58,Z,24.2654,Z,24.2767,Z,24.2667,Z,24.1985,Z,360,Z,,,9.39,Z,true,true,true,false,true,true,true,true,true,true,true,true,false,true,POINT (151.78948974609375 -33.875404357910156)
soop_sst_nrt_trajectory_data.fid--1f707f45_1989dc45aa9_7771,12378,2667675,VRZN9,Pacific Celebes,,2010-01-01T16:42:00Z,Z,-33.8832,Z,151.784,Z,23.54,Z,1003.9,Z,5.2953,Z,5.3004,Z,5.3051,Z,,,,,210.5,Z,8.334,Z,91,Z,5.28,Z,35.496,Z,35.5272,Z,35.5702,Z,79.37,Z,24.2613,Z,24.2705,Z,24.261,Z,24.194,Z,358,Z,,,9.94,Z,true,true,true,false,true,true,true,true,true,true,true,true,false,true,POINT (151.7839813232422 -33.88321304321289)
soop_sst_nrt_trajectory_data.fid--1f707f45_1989dc45aa9_7772,12378,2667676,VRZN9,Pacific Celebes,,2010-01-01T16:44:00Z,Z,-33.8911,Z,151.7786,Z,23.53,Z,1003.84,Z,5.2953,Z,5.3006,Z,5.305,Z,,,,,209.5,Z,8.334,Z,82,Z,4.88,Z,35.4954,Z,35.5264,Z,35.5682,Z,79.66,Z,24.2621,Z,24.2734,Z,24.2625,Z,24.1956,Z,357,Z,,,9.05,Z,true,true,true,false,true,true,true,true,true,true,true,true,false,true,POINT (151.7786102294922 -33.891136169433594)
soop_sst_nrt_trajectory_data.fid--1f707f45_1989dc45aa9_7773,12378,2667677,VRZN9,Pacific Celebes,,2010-01-01T16:46:00Z,Z,-33.899,Z,151.7732,Z,23.52,Z,1003.79,Z,5.2958,Z,5.3012,Z,5.306,Z,,,,,209.9,Z,8.334,Z,83,Z,4.36,Z,35.4924,Z,35.5237,Z,35.5675,Z,79.8,Z,24.2706,Z,24.2825,Z,24.2729,Z,24.2048,Z,1,Z,,,8.92,Z,true,true,true,false,true,true,true,true,true,true,true,true,false,true,POINT (151.773193359375 -33.898983001708984)
soop_sst_nrt_trajectory_data.fid--1f707f45_1989dc45aa9_7774,12454,2709055,VRZN9,Pacific Celebes,,2010-04-25T00:00:00Z,Z,-33.6695,Z,151.9363,Z,19.3,Z,1007.65,Z,5.4253,Z,5.4336,Z,5.4366,Z,,,,,209.4,Z,8.5912,Z,29,Z,14.4,Z,35.2333,Z,35.2882,Z,35.317,Z,67.33,Z,25.8305,Z,25.8379,Z,25.8291,Z,25.6752,Z,270,Z,,,8.05,Z,true,true,true,false,true,true,true,true,true,true,true,true,false,true,POINT (151.93626403808594 -33.66946792602539)
soop_sst_nrt_trajectory_data.fid--1f707f45_1989dc45aa9_7775,12454,2709056,VRZN9,Pacific Celebes,,2010-04-25T00:02:00Z,Z,-33.6776,Z,151.9309,Z,19.32,Z,1007.7,Z,5.4271,Z,5.4353,Z,5.4383,Z,,,,,209,Z,8.6427,Z,31,Z,14.31,Z,35.2338,Z,35.2861,Z,35.3139,Z,68.09,Z,25.8468,Z,25.8567,Z,25.8492,Z,25.6966,Z,273,Z,,,8.21,Z,true,true,true,false,true,true,true,true,true,true,true,true,false,true,POINT (151.93087768554688 -33.67760467529297)
soop_sst_nrt_trajectory_data.fid--1f707f45_1989dc45aa9_7776,12454,2709057,VRZN9,Pacific Celebes,,2010-04-25T00:04:00Z,Z,-33.6856,Z,151.9252,Z,19.29,Z,1007.84,Z,5.4288,Z,5.4369,Z,5.4404,Z,,,,,210.4,Z,8.5912,Z,39,Z,14.56,Z,35.2334,Z,35.2848,Z,35.3176,Z,66.05,Z,25.8635,Z,25.8736,Z,25.8642,Z,25.7144,Z,284,Z,,,9.56,Z,true,true,true,false,true,true,true,true,true,true,true,true,false,true,POINT (151.92523193359375 -33.685646057128906)
soop_sst_nrt_trajectory_data.fid--1f707f45_1989dc45aa9_7777,12454,2709058,VRZN9,Pacific Celebes,,2010-04-25T00:06:00Z,Z,-33.6935,Z,151.9194,Z,19.46,Z,1008.02,Z,5.4292,Z,5.4371,Z,5.4401,Z,,,,,212,Z,8.5398,Z,24,Z,14.53,Z,35.2345,Z,35.2849,Z,35.3137,Z,67.55,Z,25.8658,Z,25.8753,Z,25.8664,Z,25.7217,Z,263,Z,,,7.57,Z,true,true,true,false,true,true,true,true,true,true,true,true,false,true,POINT (151.9193572998047 -33.693511962890625)
soop_sst_nrt_trajectory_data.fid--1f707f45_1989dc45aa9_7778,12454,2709059,VRZN9,Pacific Celebes,,2010-04-25T00:08:00Z,Z,-33.7015,Z,151.9137,Z,19.52,Z,1007.71,Z,5.4288,Z,5.4367,Z,5.4399,Z,,,,,210.7,Z,8.3854,Z,33,Z,15.4,Z,35.2344,Z,35.2849,Z,35.3155,Z,63.4,Z,25.8622,Z,25.8715,Z,25.8623,Z,25.7237,Z,272,Z,,,9.53,Z,true,true,true,false,true,true,true,true,true,true,true,true,false,true,POINT (151.91371154785156 -33.70146560668945)
soop_sst_nrt_trajectory_data.fid--1f707f45_1989dc45aa9_7779,12454,2709060,VRZN9,Pacific Celebes,,2010-04-25T00:10:00Z,Z,-33.7097,Z,151.9079,Z,19.55,Z,1007.71,Z,5.4259,Z,5.4345,Z,5.4371,Z,,,,,210.7,Z,8.4883,Z,30,Z,15.31,Z,35.2309,Z,35.2847,Z,35.3109,Z,60.13,Z,25.8393,Z,25.851,Z,25.8417,Z,25.7136,Z,269,Z,,,9.02,Z,true,true,true,false,true,true,true,true,true,true,true,true,false,true,POINT (151.90785217285156 -33.709712982177734)
soop_sst_nrt_trajectory_data.fid--1f707f45_1989dc45aa9_777a,12454,2709061,VRZN9,Pacific Celebes,,2010-04-25T00:12:00Z,Z,-33.7176,Z,151.9023,Z,19.7,Z,1007.96,Z,5.4233,Z,5.4315,Z,5.4346,Z,,,,,210.6,Z,8.3854,Z,38,Z,16.07,Z,35.2313,Z,35.2833,Z,35.3139,Z,64.37,Z,25.8141,Z,25.8244,Z,25.8141,Z,25.6972,Z,277,Z,,,10.78,Z,true,true,true,false,true,true,true,true,true,true,true,true,false,true,POINT (151.9022674560547 -33.71760177612305)
soop_sst_nrt_trajectory_data.fid--1f707f45_1989dc45aa9_777b,12454,2709062,VRZN9,Pacific Celebes,,2010-04-25T00:14:00Z,Z,-33.7255,Z,151.8967,Z,19.82,Z,1008.08,Z,5.4212,Z,5.4297,Z,5.4325,Z,,,,,210.5,Z,8.334,Z,35,Z,17,Z,35.233,Z,35.2854,Z,35.315,Z,65.58,Z,25.792,Z,25.8046,Z,25.7928,Z,25.6846,Z,271,Z,,,11.24,Z,true,true,true,false,true,true,true,true,true,true,true,true,false,true,POINT (151.896728515625 -33.72547149658203)
soop_sst_nrt_trajectory_data.fid--1f707f45_1989dc45aa9_777c,12454,2709063,VRZN9,Pacific Celebes,,2010-04-25T00:16:00Z,Z,-33.7334,Z,151.8913,Z,19.86,Z,1008.05,Z,5.4177,Z,5.4267,Z,5.4297,Z,,,,,210,Z,8.4883,Z,42,Z,17,Z,35.2271,Z,35.2817,Z,35.312,Z,62.45,Z,25.7664,Z,25.781,Z,25.7703,Z,25.6656,Z,280,Z,,,12.11,Z,true,true,true,false,true,true,true,true,true,true,true,true,false,true,POINT (151.89125061035156 -33.7333869934082)
soop_sst_nrt_trajectory_data.fid--1f707f45_1989dc45aa9_777d,12454,2709064,VRZN9,Pacific Celebes,,2010-04-25T00:18:00Z,Z,-33.7413,Z,151.8856,Z,19.84,Z,1008.09,Z,5.4145,Z,5.4234,Z,5.4255,Z,,,,,210.9,Z,8.4883,Z,44,Z,16.3,Z,35.2291,Z,35.2854,Z,35.3086,Z,64.09,Z,25.7335,Z,25.745,Z,25.7349,Z,25.6396,Z,285,Z,,,11.78,Z,true,true,true,false,true,true,true,true,true,true,true,true,false,true,POINT (151.88558959960938 -33.741275787353516)
soop_sst_nrt_trajectory_data.fid--1f707f45_1989dc45aa9_777e,12454,2709065,VRZN9,Pacific Celebes,,2010-04-25T00:20:00Z,Z,-33.7492,Z,151.8801,Z,19.88,Z,1008.02,Z,5.4089,Z,5.4179,Z,5.4208,Z,,,,,210.3,Z,8.3854,Z,32,Z,15.64,Z,35.2278,Z,35.2803,Z,35.3105,Z,62.93,Z,25.682,Z,25.6994,Z,25.6879,Z,25.6034,Z,270,Z,,,9.62,Z,true,true,true,false,true,true,true,true,true,true,true,true,false,true,POINT (151.88006591796875 -33.749183654785156)
soop_sst_nrt_trajectory_data.fid--1f707f45_1989dc45aa9_777f,12454,2709066,VRZN9,Pacific Celebes,,2010-04-25T00:22:00Z,Z,-33.757,Z,151.8745,Z,19.84,Z,1008.28,Z,5.4028,Z,5.4114,Z,5.4151,Z,,,,,210.5,Z,8.334,Z,42,Z,17.15,Z,35.226,Z,35.2774,Z,35.3134,Z,62.88,Z,25.6264,Z,25.6416,Z,25.6302,Z,25.5597,Z,279,Z,,,12.29,Z,true,true,true,false,true,true,true,true,true,true,true,true,false,true,POINT (151.87454223632812 -33.757022857666016)
soop_sst_nrt_trajectory_data.fid--1f707f45_1989dc45aa9_7780,12454,2709067,VRZN9,Pacific Celebes,,2010-04-25T00:24:00Z,Z,-33.7648,Z,151.869,Z,19.88,Z,1008.16,Z,5.4015,Z,5.4095,Z,5.4131,Z,,,,,210.5,Z,8.2826,Z,33,Z,15.86,Z,35.2319,Z,35.2816,Z,35.3168,Z,62.81,Z,25.6064,Z,25.6181,Z,25.6068,Z,25.5397,Z,270,Z,,,9.99,Z,true,true,true,false,true,true,true,true,true,true,true,true,false,true,POINT (151.86903381347656 -33.76484298706055)
soop_sst_nrt_trajectory_data.fid--1f707f45_1989dc45aa9_7781,12454,2709068,VRZN9,Pacific Celebes,,2010-04-25T00:26:00Z,Z,-33.7729,Z,151.8633,Z,20.01,Z,1008.44,Z,5.4038,Z,5.4111,Z,5.4147,Z,,,,,210.9,Z,8.334,Z,44,Z,17.87,Z,35.2382,Z,35.2824,Z,35.3154,Z,63.31,Z,25.6202,Z,25.6323,Z,25.6238,Z,25.5434,Z,281,Z,,,13.21,Z,true,true,true,false,true,true,true,true,true,true,true,true,false,true,POINT (151.86326599121094 -33.77290725708008)
soop_sst_nrt_trajectory_data.fid--1f707f45_1989dc45aa9_7782,12454,2709069,VRZN9,Pacific Celebes,,2010-04-25T00:28:00Z,Z,-33.7807,Z,151.8578,Z,20.13,Z,1008.08,Z,5.4064,Z,5.4137,Z,5.4172,Z,,,,,210.6,Z,8.3854,Z,42,Z,17.68,Z,35.2366,Z,35.283,Z,35.3163,Z,64.62,Z,25.6469,Z,25.6562,Z,25.6463,Z,25.5581,Z,279,Z,,,12.75,Z,true,true,true,false,true,true,true,true,true,true,true,true,false,true,POINT (151.85777282714844 -33.78065872192383)
soop_sst_nrt_trajectory_data.fid--1f707f45_1989dc45aa9_7783,12454,2709070,VRZN9,Pacific Celebes,,2010-04-25T00:30:00Z,Z,-33.7885,Z,151.8524,Z,20.1,Z,1008.24,Z,5.4039,Z,5.412,Z,5.4151,Z,,,,,209.9,Z,8.334,Z,35,Z,16.4,Z,35.2325,Z,35.286,Z,35.3166,Z,62.38,Z,25.6285,Z,25.6361,Z,25.626,Z,25.5469,Z,271,Z,,,10.7,Z,true,true,true,false,true,true,true,true,true,true,true,true,false,true,POINT (151.85238647460938 -33.78848648071289)
soop_sst_nrt_trajectory_data.fid--1f707f45_1989dc45aa9_7784,12454,2709071,VRZN9,Pacific Celebes,,2010-04-25T00:32:00Z,Z,-33.7963,Z,151.8469,Z,20.03,Z,1008.19,Z,5.3997,Z,5.4087,Z,5.4108,Z,,,,,210.4,Z,8.2826,Z,39,Z,16.15,Z,35.232,Z,35.2939,Z,35.3194,Z,64.94,Z,25.5893,Z,25.5947,Z,25.5817,Z,25.5176,Z,278,Z,,,11.02,Z,true,true,true,false,true,true,true,true,true,true,true,true,false,true,POINT (151.84690856933594 -33.796268463134766)
soop_sst_nrt_trajectory_data.fid--1f707f45_1989dc45aa9_7785,12454,2709072,VRZN9,Pacific Celebes,,2010-04-25T00:34:00Z,Z,-33.8041,Z,151.8415,Z,19.98,Z,1008.05,Z,5.3966,Z,5.4048,Z,5.4073,Z,,,,,210,Z,8.334,Z,27,Z,15.28,Z,35.2358,Z,35.2879,Z,35.3162,Z,60.9,Z,25.5549,Z,25.5655,Z,25.5527,Z,25.4904,Z,263,Z,,,8.72,Z,true,true,true,false,true,true,true,true,true,true,true,true,false,true,POINT (151.8415069580078 -33.8040657043457)
soop_sst_nrt_trajectory_data.fid--1f707f45_1989dc45aa9_7786,12454,2709073,VRZN9,Pacific Celebes,,2010-04-25T00:36:00Z,Z,-33.8119,Z,151.8361,Z,20,Z,1008.04,Z,5.3992,Z,5.4068,Z,5.4099,Z,,,,,210.1,Z,8.334,Z,26,Z,14.94,Z,35.2362,Z,35.2822,Z,35.312,Z,56.27,Z,25.5791,Z,25.5918,Z,25.5827,Z,25.5021,Z,262,Z,,,8.3,Z,true,true,true,false,true,true,true,true,true,true,true,true,false,true,POINT (151.83607482910156 -33.8118896484375)
soop_sst_nrt_trajectory_data.fid--1f707f45_1989dc45aa9_7787,12454,2709074,VRZN9,Pacific Celebes,,2010-04-25T00:38:00Z,Z,-33.8197,Z,151.8305,Z,20.07,Z,1008.14,Z,5.4069,Z,5.4131,Z,5.4172,Z,,,,,211,Z,8.3854,Z,24,Z,14.52,Z,35.239,Z,35.2748,Z,35.3096,Z,57,Z,25.6485,Z,25.6611,Z,25.655,Z,25.5482,Z,261,Z,,,7.66,Z,true,true,true,false,true,true,true,true,true,true,true,true,false,true,POINT (151.83047485351562 -33.81966018676758)
soop_sst_nrt_trajectory_data.fid--1f707f45_1989dc45aa9_7788,12454,2709075,VRZN9,Pacific Celebes,,2010-04-25T00:40:00Z,Z,-33.8278,Z,151.8247,Z,19.98,Z,1007.99,Z,5.4145,Z,5.4217,Z,5.4252,Z,,,,,210.7,Z,8.3854,Z,26,Z,14.68,Z,35.2375,Z,35.282,Z,35.3132,Z,53.22,Z,25.7226,Z,25.7333,Z,25.7261,Z,25.6013,Z,264,Z,,,8.03,Z,true,true,true,false,true,true,true,true,true,true,true,true,false,true,POINT (151.82469177246094 -33.82780456542969)
soop_sst_nrt_trajectory_data.fid--1f707f45_1989dc45aa9_7789,12454,2709076,VRZN9,Pacific Celebes,,2010-04-25T00:42:00Z,Z,-33.8356,Z,151.8192,Z,20.12,Z,1008.06,Z,5.419,Z,5.4267,Z,5.4298,Z,,,,,210.4,Z,8.334,Z,27,Z,14.03,Z,35.2311,Z,35.28,Z,35.3113,Z,59.72,Z,25.7735,Z,25.7832,Z,25.7721,Z,25.6436,Z,267,Z,,,7.61,Z,true,true,true,false,true,true,true,true,true,true,true,true,false,true,POINT (151.81919860839844 -33.835628509521484)
soop_sst_nrt_trajectory_data.fid--1f707f45_1989dc45aa9_778a,12454,2709077,VRZN9,Pacific Celebes,,2010-04-25T00:44:00Z,Z,-33.8434,Z,151.8136,Z,20.1,Z,1008.2,Z,5.4209,Z,5.4285,Z,5.4315,Z,,,,,211.3,Z,8.4883,Z,38,Z,14.85,Z,35.2301,Z,35.2791,Z,35.3081,Z,59.24,Z,25.7929,Z,25.8015,Z,25.7923,Z,25.6647,Z,282,Z,,,9.69,Z,true,true,true,false,true,true,true,true,true,true,true,true,false,true,POINT (151.8135528564453 -33.84339141845703)
soop_sst_nrt_trajectory_data.fid--1f707f45_1989dc45aa9_778b,12454,2709078,VRZN9,Pacific Celebes,,2010-04-25T00:46:00Z,Z,-33.8512,Z,151.8079,Z,20.04,Z,1007.95,Z,5.4233,Z,5.4309,Z,5.4341,Z,,,,,211.1,Z,8.5912,Z,21,Z,13.06,Z,35.2296,Z,35.277,Z,35.3064,Z,58.7,Z,25.8163,Z,25.8269,Z,25.8191,Z,25.6889,Z,263,Z,,,5.91,Z,true,true,true,false,true,true,true,true,true,true,true,true,false,true,POINT (151.8079071044922 -33.85121536254883)
soop_sst_nrt_trajectory_data.fid--1f707f45_1989dc45aa9_778c,12454,2709079,VRZN9,Pacific Celebes,,2010-04-25T00:48:00Z,Z,-33.8591,Z,151.8024,Z,20.05,Z,1007.78,Z,5.4265,Z,5.4342,Z,5.4373,Z,,,,,210.4,Z,8.4883,Z,19,Z,14.35,Z,35.2283,Z,35.2769,Z,35.3067,Z,59.34,Z,25.8483,Z,25.8583,Z,25.849,Z,25.7167,Z,253,Z,,,6.9,Z,true,true,true,false,true,true,true,true,true,true,true,true,false,true,POINT (151.8023681640625 -33.859107971191406)
soop_sst_nrt_trajectory_data.fid--1f707f45_1989dc45aa9_778d,12454,2709080,VRZN9,Pacific Celebes,,2010-04-25T00:50:00Z,Z,-33.867,Z,151.7968,Z,19.95,Z,1008.12,Z,5.4296,Z,5.4374,Z,5.4408,Z,,,,,210.5,Z,8.5398,Z,15,Z,13.93,Z,35.2279,Z,35.2783,Z,35.3101,Z,62.02,Z,25.8782,Z,25.8868,Z,25.8778,Z,25.7427,Z,247,Z,,,6.1,Z,true,true,true,false,true,true,true,true,true,true,true,true,false,true,POINT (151.79678344726562 -33.86701965332031)
soop_sst_nrt_trajectory_data.fid--1f707f45_1989dc45aa9_778e,12454,2709081,VRZN9,Pacific Celebes,,2010-04-25T00:52:00Z,Z,-33.8749,Z,151.791,Z,19.92,Z,1007.82,Z,5.4314,Z,5.4398,Z,5.4432,Z,,,,,211.4,Z,8.4883,Z,15,Z,14.4,Z,35.2221,Z,35.2767,Z,35.3095,Z,59.02,Z,25.9028,Z,25.9116,Z,25.9012,Z,25.7661,Z,246,Z,,,6.58,Z,true,true,true,false,true,true,true,true,true,true,true,true,false,true,POINT (151.79103088378906 -33.8748779296875)
soop_sst_nrt_trajectory_data.fid--1f707f45_1989dc45aa9_778f,12454,2709082,VRZN9,Pacific Celebes,,2010-04-25T00:54:00Z,Z,-33.8828,Z,151.7854,Z,19.73,Z,1007.66,Z,5.4326,Z,5.4414,Z,5.4451,Z,,,,,210.8,Z,8.5912,Z,23,Z,15.81,Z,35.2167,Z,35.2745,Z,35.3104,Z,60.49,Z,25.9212,Z,25.9296,Z,25.918,Z,25.785,Z,257,Z,,,8.59,Z,true,true,true,false,true,true,true,true,true,true,true,true,false,true,POINT (151.78538513183594 -33.88277053833008)
soop_sst_nrt_trajectory_data.fid--1f707f45_1989dc45aa9_7790,12454,2709083,VRZN9,Pacific Celebes,,2010-04-25T00:56:00Z,Z,-33.891,Z,151.7794,Z,19.56,Z,1007.73,Z,5.4336,Z,5.4428,Z,5.4464,Z,,,,,211.3,Z,8.4883,Z,17,Z,13.72,Z,35.2128,Z,35.2744,Z,35.3092,Z,62.66,Z,25.9358,Z,25.9429,Z,25.9319,Z,25.8039,Z,252,Z,,,6.13,Z,true,true,true,false,true,true,true,true,true,true,true,true,false,true,POINT (151.77938842773438 -33.8909912109375)
soop_sst_nrt_trajectory_data.fid--1f707f45_1989dc45aa9_7791,12454,2709084,VRZN9,Pacific Celebes,,2010-04-25T00:58:00Z,Z,-33.899,Z,151.7737,Z,19.62,Z,1008.09,Z,5.4344,Z,5.4431,Z,5.4468,Z,,,,,210.7,Z,8.5398,Z,12,Z,12.82,Z,35.2125,Z,35.2715,Z,35.3057,Z,63.09,Z,25.9437,Z,25.9496,Z,25.9402,Z,25.8128,Z,244,Z,,,4.81,Z,true,true,true,false,true,true,true,true,true,true,true,true,false,true,POINT (151.77371215820312 -33.89896011352539)
soop_sst_nrt_trajectory_data.fid--1f707f45_1989dc45aa9_7792,12524,2750516,VRZN9,Pacific Celebes,,2010-07-28T17:13:00Z,Z,-33.8986,Z,151.9682,Z,16.52,Z,1014.11,Z,4.7115,Z,4.7207,Z,4.7236,Z,,,,,20.5,Z,7.2537,Z,338,Z,15.44,Z,35.5567,Z,35.6236,Z,35.6601,Z,87.06,Z,18.5599,Z,18.5726,Z,18.5589,Z,18.6111,Z,341,Z,,,9.13,Z,true,true,true,false,true,true,true,true,true,true,true,true,false,true,POINT (151.9682159423828 -33.89861297607422)
soop_sst_nrt_trajectory_data.fid--1f707f45_1989dc45aa9_7793,12524,2750517,VRZN9,Pacific Celebes,,2010-07-28T17:15:00Z,Z,-33.8913,Z,151.9714,Z,16.5,Z,1013.83,Z,4.7113,Z,4.7209,Z,4.7236,Z,,,,,19.9,Z,7.2537,Z,338,Z,15.1,Z,35.5534,Z,35.6245,Z,35.66,Z,86.87,Z,18.5618,Z,18.5736,Z,18.559,Z,18.6103,Z,340,Z,,,8.8,Z,true,true,true,false,true,true,true,true,true,true,true,true,false,true,POINT (151.97140502929688 -33.89125061035156)
soop_sst_nrt_trajectory_data.fid--1f707f45_1989dc45aa9_7794,12524,2750518,VRZN9,Pacific Celebes,,2010-07-28T17:17:00Z,Z,-33.8839,Z,151.9747,Z,16.52,Z,1013.76,Z,4.7101,Z,4.7195,Z,4.7227,Z,,,,,20.6,Z,7.2537,Z,338,Z,16,Z,35.5539,Z,35.6227,Z,35.663,Z,87.83,Z,18.5494,Z,18.562,Z,18.5467,Z,18.6015,Z,342,Z,,,9.66,Z,true,true,true,false,true,true,true,true,true,true,true,true,false,true,POINT (151.97471618652344 -33.8839111328125)
soop_sst_nrt_trajectory_data.fid--1f707f45_1989dc45aa9_7795,12524,2750519,VRZN9,Pacific Celebes,,2010-07-28T17:19:00Z,Z,-33.8766,Z,151.978,Z,16.4,Z,1013.99,Z,4.709,Z,4.7186,Z,4.7216,Z,,,,,20.5,Z,7.2022,Z,338,Z,15.27,Z,35.5527,Z,35.6248,Z,35.6607,Z,87.66,Z,18.54,Z,18.5507,Z,18.5386,Z,18.5951,Z,341,Z,,,9.01,Z,true,true,true,false,true,true,true,true,true,true,true,true,false,true,POINT (151.97801208496094 -33.87656784057617)
soop_sst_nrt_trajectory_data.fid--1f707f45_1989dc45aa9_7796,12524,2750520,VRZN9,Pacific Celebes,,2010-07-28T17:21:00Z,Z,-33.8692,Z,151.9813,Z,16.39,Z,1013.94,Z,4.709,Z,4.7186,Z,4.722,Z,,,,,20.3,Z,7.2537,Z,338,Z,15.32,Z,35.5536,Z,35.6221,Z,35.6629,Z,88.05,Z,18.539,Z,18.5538,Z,18.54,Z,18.5935,Z,341,Z,,,9.01,Z,true,true,true,false,true,true,true,true,true,true,true,true,false,true,POINT (151.9812774658203 -33.869205474853516)
soop_sst_nrt_trajectory_data.fid--1f707f45_1989dc45aa9_7797,12524,2750521,VRZN9,Pacific Celebes,,2010-07-28T17:23:00Z,Z,-33.8615,Z,151.9848,Z,16.29,Z,1013.95,Z,4.7091,Z,4.7186,Z,4.721,Z,,,,,20.9,Z,7.3566,Z,338,Z,14.65,Z,35.5557,Z,35.6253,Z,35.6573,Z,87.34,Z,18.5376,Z,18.5502,Z,18.5367,Z,18.59,Z,339,Z,,,8.3,Z,true,true,true,false,true,true,true,true,true,true,true,true,false,true,POINT (151.9848175048828 -33.86146545410156)
soop_sst_nrt_trajectory_data.fid--1f707f45_1989dc45aa9_7798,12524,2750522,VRZN9,Pacific Celebes,,2010-07-28T17:25:00Z,Z,-33.854,Z,151.9881,Z,16.29,Z,1014.08,Z,4.708,Z,4.7174,Z,4.72,Z,,,,,20.2,Z,7.5109,Z,338,Z,14.27,Z,35.5548,Z,35.6251,Z,35.6566,Z,86.87,Z,18.5278,Z,18.5386,Z,18.5277,Z,18.5823,Z,337,Z,,,7.83,Z,true,true,true,false,true,true,true,true,true,true,true,true,false,true,POINT (151.98812866210938 -33.85396194458008)
soop_sst_nrt_trajectory_data.fid--1f707f45_1989dc45aa9_7799,12524,2750523,VRZN9,Pacific Celebes,,2010-07-28T17:27:00Z,Z,-33.8465,Z,151.9914,Z,16.31,Z,1013.95,Z,4.7062,Z,4.7158,Z,4.7183,Z,,,,,19.9,Z,7.2537,Z,338,Z,14.57,Z,35.5537,Z,35.6236,Z,35.6538,Z,87.34,Z,18.5115,Z,18.5247,Z,18.5143,Z,18.5695,Z,339,Z,,,8.3,Z,true,true,true,false,true,true,true,true,true,true,true,true,false,true,POINT (151.99139404296875 -33.84645080566406)
soop_sst_nrt_trajectory_data.fid--1f707f45_1989dc45aa9_779a,12524,2750524,VRZN9,Pacific Celebes,,2010-07-28T17:29:00Z,Z,-33.8389,Z,151.9947,Z,16.32,Z,1013.91,Z,4.7046,Z,4.7141,Z,4.7162,Z,,,,,20.1,Z,7.5109,Z,338,Z,14.1,Z,35.5526,Z,35.6258,Z,35.6553,Z,86.76,Z,18.4971,Z,18.5055,Z,18.4921,Z,18.5546,Z,337,Z,,,7.67,Z,true,true,true,false,true,true,true,true,true,true,true,true,false,true,POINT (151.99468994140625 -33.83893585205078)
soop_sst_nrt_trajectory_data.fid--1f707f45_1989dc45aa9_779b,12524,2750525,VRZN9,Pacific Celebes,,2010-07-28T17:31:00Z,Z,-33.8314,Z,151.9979,Z,16.32,Z,1013.85,Z,4.7028,Z,4.7126,Z,4.7148,Z,,,,,19.6,Z,7.4594,Z,338,Z,14.35,Z,35.5525,Z,35.6273,Z,35.6542,Z,86.72,Z,18.4795,Z,18.4891,Z,18.4797,Z,18.541,Z,337,Z,,,7.94,Z,true,true,true,false,true,true,true,true,true,true,true,true,false,true,POINT (151.99790954589844 -33.831398010253906)
soop_sst_nrt_trajectory_data.fid--1f707f45_1989dc45aa9_779c,12524,2750526,VRZN9,Pacific Celebes,,2010-07-28T17:33:00Z,Z,-33.8238,Z,152.0011,Z,16.28,Z,1013.93,Z,4.7021,Z,4.7119,Z,4.7145,Z,,,,,19.3,Z,7.4594,Z,338,Z,14.15,Z,35.5524,Z,35.6246,Z,35.6588,Z,84.65,Z,18.4728,Z,18.4854,Z,18.4714,Z,18.5345,Z,336,Z,,,7.75,Z,true,true,true,false,true,true,true,true,true,true,true,true,false,true,POINT (152.0010986328125 -33.82379150390625)
soop_sst_nrt_trajectory_data.fid--1f707f45_1989dc45aa9_779d,12524,2750527,VRZN9,Pacific Celebes,,2010-07-28T17:35:00Z,Z,-33.8162,Z,152.0043,Z,16.39,Z,1013.59,Z,4.7015,Z,4.711,Z,4.7131,Z,,,,,19.3,Z,7.4594,Z,338,Z,14.22,Z,35.5536,Z,35.6236,Z,35.6533,Z,85.15,Z,18.4655,Z,18.4778,Z,18.4641,Z,18.5248,Z,336,Z,,,7.82,Z,true,true,true,false,true,true,true,true,true,true,true,true,false,true,POINT (152.00430297851562 -33.8161506652832)
soop_sst_nrt_trajectory_data.fid--1f707f45_1989dc45aa9_779e,12524,2750528,VRZN9,Pacific Celebes,,2010-07-28T17:37:00Z,Z,-33.8081,Z,152.0076,Z,16.35,Z,1013.86,Z,4.6977,Z,4.7074,Z,4.7097,Z,,,,,19.1,Z,7.5109,Z,338,Z,15.02,Z,35.5472,Z,35.6195,Z,35.6513,Z,85.68,Z,18.4356,Z,18.4473,Z,18.4331,Z,18.504,Z,338,Z,,,8.53,Z,true,true,true,false,true,true,true,true,true,true,true,true,false,true,POINT (152.00762939453125 -33.80813217163086)
soop_sst_nrt_trajectory_data.fid--1f707f45_1989dc45aa9_779f,12524,2750529,VRZN9,Pacific Celebes,,2010-07-28T17:39:00Z,Z,-33.8004,Z,152.0109,Z,16.28,Z,1013.9,Z,4.693,Z,4.7027,Z,4.7055,Z,,,,,19.6,Z,7.5109,Z,338,Z,15,Z,35.5428,Z,35.6136,Z,35.6533,Z,86.16,Z,18.3946,Z,18.408,Z,18.3897,Z,18.4701,Z,338,Z,,,8.51,Z,true,true,true,false,true,true,true,true,true,true,true,true,false,true,POINT (152.01092529296875 -33.8004150390625)
soop_sst_nrt_trajectory_data.fid--1f707f45_1989dc45aa9_77a0,12524,2750530,VRZN9,Pacific Celebes,,2010-07-28T17:41:00Z,Z,-33.7927,Z,152.0142,Z,16.18,Z,1013.48,Z,4.6844,Z,4.6938,Z,4.6972,Z,,,,,19.6,Z,7.5109,Z,338,Z,15.22,Z,35.5383,Z,35.5962,Z,35.6499,Z,84.51,Z,18.3154,Z,18.3409,Z,18.3124,Z,18.4133,Z,339,Z,,,8.72,Z,true,true,true,false,true,true,true,true,true,true,true,true,false,true,POINT (152.01419067382812 -33.79274368286133)
soop_sst_nrt_trajectory_data.fid--1f707f45_1989dc45aa9_77a1,12524,2750531,VRZN9,Pacific Celebes,,2010-07-28T17:43:00Z,Z,-33.7851,Z,152.0174,Z,16.32,Z,1013.67,Z,4.6756,Z,4.6857,Z,4.6883,Z,,,,,19.5,Z,7.4594,Z,338,Z,15.25,Z,35.5336,Z,35.6031,Z,35.646,Z,82.62,Z,18.2344,Z,18.2535,Z,18.2297,Z,18.35,Z,339,Z,,,8.79,Z,true,true,true,false,true,true,true,true,true,true,true,true,false,true,POINT (152.01744079589844 -33.78507995605469)
soop_sst_nrt_trajectory_data.fid--1f707f45_1989dc45aa9_77a2,12524,2750532,VRZN9,Pacific Celebes,,2010-07-28T17:45:00Z,Z,-33.7774,Z,152.0208,Z,16.27,Z,1013.85,Z,4.6693,Z,4.6788,Z,4.6816,Z,,,,,19.8,Z,7.7167,Z,338,Z,15.03,Z,35.5364,Z,35.6045,Z,35.645,Z,82.41,Z,18.1693,Z,18.1842,Z,18.1652,Z,18.2942,Z,338,Z,,,8.39,Z,true,true,true,false,true,true,true,true,true,true,true,true,false,true,POINT (152.020751953125 -33.77738952636719)
soop_sst_nrt_trajectory_data.fid--1f707f45_1989dc45aa9_77a3,12524,2750533,VRZN9,Pacific Celebes,,2010-07-28T17:47:00Z,Z,-33.7697,Z,152.024,Z,16.14,Z,1013.88,Z,4.6658,Z,4.6753,Z,4.6779,Z,,,,,19.2,Z,7.5109,Z,338,Z,15.57,Z,35.5386,Z,35.6079,Z,35.6437,Z,81.3,Z,18.1324,Z,18.146,Z,18.1304,Z,18.2556,Z,339,Z,,,9.05,Z,true,true,true,false,true,true,true,true,true,true,true,true,false,true,POINT (152.02395629882812 -33.76969528198242)
soop_sst_nrt_trajectory_data.fid--1f707f45_1989dc45aa9_77a4,12524,2750534,VRZN9,Pacific Celebes,,2010-07-28T17:49:00Z,Z,-33.762,Z,152.0272,Z,16.12,Z,1013.65,Z,4.6644,Z,4.674,Z,4.6764,Z,,,,,19.4,Z,7.5109,Z,338,Z,14.5,Z,35.5423,Z,35.6106,Z,35.6429,Z,81.83,Z,18.1143,Z,18.1302,Z,18.1166,Z,18.2325,Z,337,Z,,,8.04,Z,true,true,true,false,true,true,true,true,true,true,true,true,false,true,POINT (152.02720642089844 -33.76199722290039)
soop_sst_nrt_trajectory_data.fid--1f707f45_1989dc45aa9_77a5,12524,2750535,VRZN9,Pacific Celebes,,2010-07-28T17:51:00Z,Z,-33.7544,Z,152.0307,Z,16.06,Z,1013.78,Z,4.6628,Z,4.6729,Z,4.6761,Z,,,,,21.2,Z,7.5109,Z,338,Z,14.19,Z,35.5346,Z,35.6113,Z,35.6503,Z,80.12,Z,18.1075,Z,18.1185,Z,18.1052,Z,18.2161,Z,338,Z,,,7.75,Z,true,true,true,false,true,true,true,true,true,true,true,true,false,true,POINT (152.03073120117188 -33.754398345947266)
soop_sst_nrt_trajectory_data.fid--1f707f45_1989dc45aa9_77a6,12524,2750536,VRZN9,Pacific Celebes,,2010-07-28T17:53:00Z,Z,-33.7466,Z,152.0347,Z,16.05,Z,1013.86,Z,4.6614,Z,4.6709,Z,4.6735,Z,,,,,22.9,Z,7.4594,Z,338,Z,14.97,Z,35.5382,Z,35.6119,Z,35.6456,Z,78.22,Z,18.0895,Z,18.0982,Z,18.0851,Z,18.1948,Z,342,Z,,,8.52,Z,true,true,true,false,true,true,true,true,true,true,true,true,false,true,POINT (152.03466796875 -33.746620178222656)
soop_sst_nrt_trajectory_data.fid--1f707f45_1989dc45aa9_77a7,12524,2750537,VRZN9,Pacific Celebes,,2010-07-28T17:55:00Z,Z,-33.7391,Z,152.0385,Z,16.06,Z,1013.77,Z,4.6633,Z,4.6727,Z,4.6753,Z,,,,,23.3,Z,7.5109,Z,338,Z,14.69,Z,35.5488,Z,35.6169,Z,35.6509,Z,77.19,Z,18.0961,Z,18.1102,Z,18.0967,Z,18.1932,Z,341,Z,,,8.22,Z,true,true,true,false,true,true,true,true,true,true,true,true,false,true,POINT (152.0385284423828 -33.73914337158203)
soop_sst_nrt_trajectory_data.fid--1f707f45_1989dc45aa9_77a8,12524,2750538,VRZN9,Pacific Celebes,,2010-07-28T17:57:00Z,Z,-33.7317,Z,152.0425,Z,16.04,Z,1013.6,Z,4.6686,Z,4.6779,Z,4.6805,Z,,,,,23.8,Z,7.5109,Z,338,Z,14.22,Z,35.5547,Z,35.6219,Z,35.6555,Z,76.88,Z,18.1413,Z,18.1554,Z,18.1424,Z,18.2169,Z,341,Z,,,7.78,Z,true,true,true,false,true,true,true,true,true,true,true,true,false,true,POINT (152.04246520996094 -33.73167419433594)
soop_sst_nrt_trajectory_data.fid--1f707f45_1989dc45aa9_77a9,12524,2750539,VRZN9,Pacific Celebes,,2010-07-28T18:00:00Z,H,-33.7242,Z,152.0464,Z,16.07,Z,1013.77,Z,4.6743,Z,4.6839,Z,4.6865,Z,,,,,23.7,Z,7.5109,Z,338,Z,13.77,Z,35.5546,Z,35.6255,Z,35.6592,Z,77.52,Z,18.1974,Z,18.2101,Z,18.1969,Z,18.2518,Z,339,Z,,,7.36,Z,true,true,true,false,true,true,true,true,true,true,true,true,false,true,POINT (152.04641723632812 -33.724159240722656)
soop_sst_nrt_trajectory_data.fid--1f707f45_1989dc45aa9_77aa,12524,2750540,VRZN9,Pacific Celebes,,2010-07-28T18:02:00Z,Z,-33.7166,Z,152.0504,Z,16.04,Z,1013.77,Z,4.6783,Z,4.6884,Z,4.691,Z,,,,,23.7,Z,7.6138,Z,338,Z,13.44,Z,35.5493,Z,35.6252,Z,35.6589,Z,77.31,Z,18.2428,Z,18.2546,Z,18.2413,Z,18.2838,Z,338,Z,,,6.99,Z,true,true,true,false,true,true,true,true,true,true,true,true,false,true,POINT (152.0503692626953 -33.716644287109375)
soop_sst_nrt_trajectory_data.fid--1f707f45_1989dc45aa9_77ab,12524,2750541,VRZN9,Pacific Celebes,,2010-07-28T18:04:00Z,Z,-33.7091,Z,152.0544,Z,16.03,Z,1013.98,Z,4.6828,Z,4.6925,Z,4.6951,Z,,,,,23.9,Z,7.5109,Z,338,Z,13.77,Z,35.5566,Z,35.6287,Z,35.6619,Z,77.31,Z,18.2786,Z,18.2907,Z,18.278,Z,18.3124,Z,339,Z,,,7.36,Z,true,true,true,false,true,true,true,true,true,true,true,true,false,true,POINT (152.0543670654297 -33.7091064453125)
soop_sst_nrt_trajectory_data.fid--1f707f45_1989dc45aa9_77ac,12524,2750542,VRZN9,Pacific Celebes,,2010-07-28T18:06:00Z,Z,-33.7016,Z,152.0584,Z,16.03,Z,1013.75,Z,4.6856,Z,4.6953,Z,4.6978,Z,,,,,24,Z,7.6138,Z,338,Z,13.82,Z,35.5569,Z,35.6288,Z,35.6617,Z,77.98,Z,18.3057,Z,18.318,Z,18.3047,Z,18.3349,Z,339,Z,,,7.34,Z,true,true,true,false,true,true,true,true,true,true,true,true,false,true,POINT (152.0583953857422 -33.701560974121094)
soop_sst_nrt_trajectory_data.fid--1f707f45_1989dc45aa9_77ad,12524,2750543,VRZN9,Pacific Celebes,,2010-07-28T18:08:00Z,Z,-33.694,Z,152.0624,Z,15.97,Z,1013.84,Z,4.6882,Z,4.6977,Z,4.7003,Z,,,,,23.7,Z,7.6138,Z,338,Z,14.02,Z,35.5599,Z,35.6304,Z,35.6634,Z,76.51,Z,18.3278,Z,18.3397,Z,18.3272,Z,18.3541,Z,339,Z,,,7.52,Z,true,true,true,false,true,true,true,true,true,true,true,true,false,true,POINT (152.0623779296875 -33.69398880004883)
soop_sst_nrt_trajectory_data.fid--1f707f45_1989dc45aa9_77ae,12524,2750544,VRZN9,Pacific Celebes,,2010-07-28T18:10:00Z,Z,-33.686,Z,152.0665,Z,15.97,Z,1013.99,Z,4.6884,Z,4.6979,Z,4.7004,Z,,,,,23.4,Z,7.7681,Z,338,Z,13.07,Z,35.5577,Z,35.6284,Z,35.6606,Z,76.98,Z,18.3323,Z,18.344,Z,18.3314,Z,18.3623,Z,335,Z,,,6.55,Z,true,true,true,false,true,true,true,true,true,true,true,true,false,true,POINT (152.06649780273438 -33.6860466003418)
soop_sst_nrt_trajectory_data.fid--1f707f45_1989dc45aa9_77af,12524,2750545,VRZN9,Pacific Celebes,,2010-07-28T18:12:00Z,Z,-33.6784,Z,152.0705,Z,15.97,Z,1013.98,Z,4.6852,Z,4.6948,Z,4.6973,Z,,,,,23.7,Z,7.7167,Z,338,Z,12.02,Z,35.5539,Z,35.625,Z,35.6567,Z,77.62,Z,18.3053,Z,18.3175,Z,18.3055,Z,18.35,Z,331,Z,,,5.66,Z,true,true,true,false,true,true,true,true,true,true,true,true,false,true,POINT (152.07052612304688 -33.678382873535156)
soop_sst_nrt_trajectory_data.fid--1f707f45_1989dc45aa9_77b0,12524,2750546,VRZN9,Pacific Celebes,,2010-07-28T18:14:00Z,Z,-33.6707,Z,152.0744,Z,15.97,Z,1014.14,Z,4.6756,Z,4.6858,Z,4.6899,Z,,,,,23,Z,7.5109,Z,338,Z,12.03,Z,35.5411,Z,35.6136,Z,35.6501,Z,78.84,Z,18.2258,Z,18.2424,Z,18.2407,Z,18.3051,Z,332,Z,,,5.79,Z,true,true,true,false,true,true,true,true,true,true,true,true,false,true,POINT (152.0744171142578 -33.670719146728516)
soop_sst_nrt_trajectory_data.fid--1f707f45_1989dc45aa9_77b1,12524,2750547,VRZN9,Pacific Celebes,,2010-07-28T18:16:00Z,Z,-33.6631,Z,152.0783,Z,15.94,Z,1014.08,Z,4.6687,Z,4.6783,Z,4.6815,Z,,,,,23.2,Z,7.6138,Z,338,Z,12.27,Z,35.5405,Z,35.6118,Z,35.648,Z,79.04,Z,18.1587,Z,18.1709,Z,18.1608,Z,18.2502,Z,332,Z,,,5.94,Z,true,true,true,false,true,true,true,true,true,true,true,true,false,true,POINT (152.07833862304688 -33.66305923461914)
soop_sst_nrt_trajectory_data.fid--1f707f45_1989dc45aa9_77b2,12524,2750548,VRZN9,Pacific Celebes,,2010-07-28T18:18:00Z,Z,-33.6554,Z,152.0823,Z,15.94,Z,1014.08,Z,4.6651,Z,4.6746,Z,4.6778,Z,,,,,23.3,Z,7.7167,Z,338,Z,11.82,Z,35.5395,Z,35.611,Z,35.6482,Z,79.34,Z,18.1245,Z,18.1356,Z,18.1243,Z,18.2165,Z,329,Z,,,5.49,Z,true,true,true,false,true,true,true,true,true,true,true,true,false,true,POINT (152.08229064941406 -33.65537643432617)
soop_sst_nrt_trajectory_data.fid--1f707f45_1989dc45aa9_77b3,12524,2750549,VRZN9,Pacific Celebes,,2010-07-28T18:20:00Z,Z,-33.6477,Z,152.0863,Z,15.89,Z,1013.9,Z,4.6634,Z,4.673,Z,4.676,Z,,,,,23.5,Z,7.6138,Z,338,Z,11.18,Z,35.5385,Z,35.61,Z,35.6464,Z,77.95,Z,18.1089,Z,18.121,Z,18.1087,Z,18.1961,Z,327,Z,,,5.01,Z,true,true,true,false,true,true,true,true,true,true,true,true,false,true,POINT (152.08627319335938 -33.647701263427734)
soop_sst_nrt_trajectory_data.fid--1f707f45_1989dc45aa9_77b4,12524,2750550,VRZN9,Pacific Celebes,,2010-07-28T18:22:00Z,Z,-33.64,Z,152.0902,Z,15.89,Z,1013.97,Z,4.6646,Z,4.6743,Z,4.6766,Z,,,,,23,Z,7.7167,Z,338,Z,11.81,Z,35.5406,Z,35.6155,Z,35.6454,Z,79.3,Z,18.1182,Z,18.1275,Z,18.1157,Z,18.1924,Z,329,Z,,,5.48,Z,true,true,true,false,true,true,true,true,true,true,true,true,false,true,POINT (152.09017944335938 -33.6400146484375)
soop_sst_nrt_trajectory_data.fid--1f707f45_1989dc45aa9_77b5,12524,2750551,VRZN9,Pacific Celebes,,2010-07-28T18:24:00Z,Z,-33.6323,Z,152.0941,Z,15.85,Z,1014.11,Z,4.6676,Z,4.6772,Z,4.6794,Z,,,,,23,Z,7.6138,Z,338,Z,11.32,Z,35.5441,Z,35.6184,Z,35.6475,Z,79.23,Z,18.1437,Z,18.1526,Z,18.1408,Z,18.204,Z,327,Z,,,5.13,Z,true,true,true,false,true,true,true,true,true,true,true,true,false,true,POINT (152.09408569335938 -33.632320404052734)
soop_sst_nrt_trajectory_data.fid--1f707f45_1989dc45aa9_77b6,12524,2750552,VRZN9,Pacific Celebes,,2010-07-28T18:26:00Z,Z,-33.6243,Z,152.0982,Z,15.89,Z,1014.02,Z,4.6697,Z,4.6794,Z,4.682,Z,,,,,23.2,Z,7.7681,Z,338,Z,11.85,Z,35.5442,Z,35.619,Z,35.6497,Z,80.83,Z,18.1642,Z,18.1735,Z,18.1637,Z,18.2196,Z,329,Z,,,5.48,Z,true,true,true,false,true,true,true,true,true,true,true,true,false,true,POINT (152.0981903076172 -33.62430953979492)
soop_sst_nrt_trajectory_data.fid--1f707f45_1989dc45aa9_77b7,12524,2750553,VRZN9,Pacific Celebes,,2010-07-28T18:28:00Z,Z,-33.6166,Z,152.1021,Z,15.84,Z,1014.13,Z,4.672,Z,4.6816,Z,4.6842,Z,,,,,23.1,Z,7.7681,Z,338,Z,10.57,Z,35.5451,Z,35.6201,Z,35.6503,Z,79.33,Z,18.1858,Z,18.1938,Z,18.1846,Z,18.2337,Z,320,Z,,,4.45,Z,true,true,true,false,true,true,true,true,true,true,true,true,false,true,POINT (152.10214233398438 -33.61655807495117)
soop_sst_nrt_trajectory_data.fid--1f707f45_1989dc45aa9_77b8,12524,2750554,VRZN9,Pacific Celebes,,2010-07-28T18:30:00Z,Z,-33.6088,Z,152.106,Z,15.89,Z,1014.05,Z,4.6739,Z,4.6834,Z,4.6858,Z,,,,,22.7,Z,7.7681,Z,338,Z,10.72,Z,35.5452,Z,35.618,Z,35.6495,Z,80.56,Z,18.2044,Z,18.2138,Z,18.2012,Z,18.2458,Z,321,Z,,,4.57,Z,true,true,true,false,true,true,true,true,true,true,true,true,false,true,POINT (152.1060333251953 -33.60877990722656)
soop_sst_nrt_trajectory_data.fid--1f707f45_1989dc45aa9_77b9,12524,2750555,VRZN9,Pacific Celebes,,2010-07-28T18:32:00Z,Z,-33.601,Z,152.1099,Z,15.88,Z,1014,Z,4.6749,Z,4.6845,Z,4.6871,Z,,,,,22.8,Z,7.7681,Z,338,Z,10.85,Z,35.5468,Z,35.6183,Z,35.6514,Z,80.37,Z,18.2123,Z,18.2243,Z,18.2117,Z,18.2526,Z,322,Z,,,4.67,Z,true,true,true,false,true,true,true,true,true,true,true,true,false,true,POINT (152.1099395751953 -33.60099411010742)
soop_sst_nrt_trajectory_data.fid--1f707f45_1989dc45aa9_77ba,12528,2752916,VRZN9,Pacific Celebes,,2010-08-02T21:50:00Z,Z,-33.6015,Z,151.8143,Z,16.12,Z,1007.25,Z,4.6304,Z,4.64,Z,4.643,Z,,,,,236,Z,2.2121,Z,338,Z,22.9,Z,35.5234,Z,35.5982,Z,35.6359,Z,70.72,Z,17.8014,Z,17.8104,Z,17.7968,Z,17.9124,Q,212,Z,,,20.87,Z,true,true,true,false,true,true,true,true,true,true,true,true,false,true,POINT (151.8142852783203 -33.601531982421875)
soop_sst_nrt_trajectory_data.fid--1f707f45_1989dc45aa9_77bb,12528,2752917,VRZN9,Pacific Celebes,,2010-08-02T21:52:00Z,Z,-33.6035,Z,151.8114,Z,16.09,Z,1008.02,Z,4.6301,Z,4.6399,Z,4.6437,Z,,,,,229.6,Z,2.9838,Z,338,Z,22.05,Z,35.5234,Z,35.598,Z,35.639,Z,70.94,Z,17.7985,Z,17.8096,Z,17.8002,Z,17.9091,Z,204,Z,,,19.32,Z,true,true,true,false,true,true,true,true,true,true,true,true,false,true,POINT (151.8114471435547 -33.60354995727539)
soop_sst_nrt_trajectory_data.fid--1f707f45_1989dc45aa9_77bc,12528,2752918,VRZN9,Pacific Celebes,,2010-08-02T21:54:00Z,Z,-33.6055,Z,151.8086,Z,16.11,Z,1007.2,Z,4.6301,Z,4.6397,Z,4.6427,Z,,,,,230.5,Z,3.4982,Z,338,Z,22.32,Z,35.5228,Z,35.5958,Z,35.6332,Z,71.94,Z,17.7992,Z,17.8102,Z,17.797,Z,17.9116,Z,205,Z,,,19.12,Z,true,true,true,false,true,true,true,true,true,true,true,true,false,true,POINT (151.80857849121094 -33.60552978515625)
soop_sst_nrt_trajectory_data.fid--1f707f45_1989dc45aa9_77bd,12528,2752919,VRZN9,Pacific Celebes,,2010-08-02T21:56:00Z,Z,-33.6069,Z,151.8056,Z,16.07,Z,1007.75,Z,4.6296,Z,4.6391,Z,4.6422,Z,,,,,242.4,Z,2.4693,Z,338,Z,21.79,Z,35.5234,Z,35.5973,Z,35.6343,Z,71.9,Z,17.7935,Z,17.8026,Z,17.7908,Z,17.909,Q,218,Z,,,19.52,Z,true,true,true,false,true,true,true,true,true,true,true,true,false,true,POINT (151.80555725097656 -33.60685348510742)
soop_sst_nrt_trajectory_data.fid--1f707f45_1989dc45aa9_77be,12528,2752920,VRZN9,Pacific Celebes,,2010-08-02T21:58:00Z,Z,-33.6083,Z,151.803,Z,16.04,Z,1007.63,Z,4.6296,Z,4.6392,Z,4.6422,Z,,,,,236.4,Z,2.8809,Z,338,Z,24.07,Z,35.5242,Z,35.5981,Z,35.6361,Z,71.98,Z,17.7926,Z,17.8026,Z,17.7887,Z,17.9091,Z,212,Z,,,21.43,Z,true,true,true,false,true,true,true,true,true,true,true,true,false,true,POINT (151.80300903320312 -33.60826873779297)
soop_sst_nrt_trajectory_data.fid--1f707f45_1989dc45aa9_77bf,12528,2752921,VRZN9,Pacific Celebes,,2010-08-02T22:00:00Z,Z,-33.6097,Z,151.8006,Z,16.1,Z,1007.3,Z,4.629,Z,4.6388,Z,4.6421,Z,,,,,235.3,Z,1.4919,Z,338,Z,22.63,Z,35.5244,Z,35.599,Z,35.637,Z,75.26,Z,17.7865,Z,17.7977,Z,17.7867,Z,17.9045,Q,212,Z,,,21.25,Z,true,true,true,false,true,true,true,true,true,true,true,true,false,true,POINT (151.8005828857422 -33.609676361083984)
soop_sst_nrt_trajectory_data.fid--1f707f45_1989dc45aa9_77c0,12528,2752922,VRZN9,Pacific Celebes,,2010-08-02T22:02:00Z,Z,-33.6111,Z,151.798,Z,15.97,Z,1007.34,Z,4.629,Z,4.6386,Z,4.6417,Z,,,,,236.3,Z,2.9838,Z,338,Z,21.95,Z,35.5258,Z,35.5995,Z,35.634,Z,75.2,Z,17.7849,Z,17.7951,Z,17.7862,Z,17.8953,Z,211,Z,,,19.22,Z,true,true,true,false,true,true,true,true,true,true,true,true,false,true,POINT (151.79798889160156 -33.611122131347656)
soop_sst_nrt_trajectory_data.fid--1f707f45_1989dc45aa9_77c1,12528,2752923,VRZN9,Pacific Celebes,,2010-08-02T22:04:00Z,Z,-33.6128,Z,151.7951,Z,15.81,Z,1007.29,Z,4.6289,Z,4.6384,Z,4.6419,Z,,,,,234.2,Z,3.7554,Z,338,Z,23.85,Z,35.5262,Z,35.596,Z,35.6364,Z,77.15,Z,17.7834,Z,17.7972,Z,17.7854,Z,17.8922,Z,208,Z,,,20.42,Z,true,true,true,false,true,true,true,true,true,true,true,true,false,true,POINT (151.79513549804688 -33.61284637451172)
soop_sst_nrt_trajectory_data.fid--1f707f45_1989dc45aa9_77c2,12528,2752924,VRZN9,Pacific Celebes,,2010-08-02T22:06:00Z,Z,-33.6148,Z,151.7923,Z,15.44,Z,1008.17,Z,4.6288,Z,4.6386,Z,4.6414,Z,,,,,230.7,Z,2.2121,Z,338,Z,21.8,Z,35.5256,Z,35.6004,Z,35.6368,Z,78.01,Z,17.7831,Z,17.7941,Z,17.7801,Z,17.8968,Q,206,Z,,,19.77,Z,true,true,true,false,true,true,true,true,true,true,true,true,false,true,POINT (151.79225158691406 -33.61482238769531)
soop_sst_nrt_trajectory_data.fid--1f707f45_1989dc45aa9_77c3,12528,2752925,VRZN9,Pacific Celebes,,2010-08-02T22:08:00Z,Z,-33.6164,Z,151.7895,Z,15.35,Z,1007.92,Z,4.6304,Z,4.6398,Z,4.6429,Z,,,,,236,Z,1.9034,Z,338,Z,19.62,Z,35.5325,Z,35.6028,Z,35.6402,Z,78.73,Z,17.791,Z,17.8032,Z,17.7909,Z,17.9048,Q,212,Z,,,17.87,Z,true,true,true,false,true,true,true,true,true,true,true,true,false,true,POINT (151.78953552246094 -33.616355895996094)
soop_sst_nrt_trajectory_data.fid--1f707f45_1989dc45aa9_77c4,12528,2752926,VRZN9,Pacific Celebes,,2010-08-02T22:10:00Z,Z,-33.6173,Z,151.787,Z,15.38,Z,1008.03,Z,4.6333,Z,4.6431,Z,4.6461,Z,,,,,246.8,Z,2.1092,Z,338,Z,21.65,Z,35.5334,Z,35.6063,Z,35.6444,Z,76.54,Z,17.8186,Z,17.8316,Z,17.8176,Z,17.9323,Q,222,Z,,,19.71,Z,true,true,true,false,true,true,true,true,true,true,true,true,false,true,POINT (151.78695678710938 -33.61728286743164)
soop_sst_nrt_trajectory_data.fid--1f707f45_1989dc45aa9_77c5,12528,2752927,VRZN9,Pacific Celebes,,2010-08-02T22:12:00Z,Z,-33.6188,Z,151.7843,Z,15.68,Z,1008.55,Z,4.6359,Z,4.6455,Z,4.6482,Z,,,,,234.7,Z,2.8294,Z,338,Z,18.87,Z,35.5376,Z,35.6105,Z,35.6451,Z,77.2,Z,17.8394,Z,17.8504,Z,17.8374,Z,17.9503,Z,209,Z,,,16.28,Z,true,true,true,false,true,true,true,true,true,true,true,true,false,true,POINT (151.78433227539062 -33.618839263916016)
soop_sst_nrt_trajectory_data.fid--1f707f45_1989dc45aa9_77c6,12528,2752928,VRZN9,Pacific Celebes,,2010-08-02T22:14:00Z,Z,-33.6205,Z,151.7815,Z,15.96,Z,1008.45,Z,4.638,Z,4.6476,Z,4.6504,Z,,,,,235.4,Z,2.5208,Z,338,Z,20.8,Z,35.5368,Z,35.6088,Z,35.6451,Z,74.75,Z,17.8609,Z,17.873,Z,17.859,Z,17.9641,Z,210,Z,,,18.49,Z,true,true,true,false,true,true,true,true,true,true,true,true,false,true,POINT (151.78152465820312 -33.620460510253906)
soop_sst_nrt_trajectory_data.fid--1f707f45_1989dc45aa9_77c7,12528,2752929,VRZN9,Pacific Celebes,,2010-08-02T22:16:00Z,Z,-33.6225,Z,151.7787,Z,16.26,Z,1007.54,Z,4.6397,Z,4.6497,Z,4.6526,Z,,,,,228.7,Z,3.3439,Z,338,Z,22.85,Z,35.537,Z,35.6139,Z,35.6497,Z,70.81,Z,17.8775,Z,17.8878,Z,17.8754,Z,17.9824,Z,203,Z,,,19.79,Z,true,true,true,false,true,true,true,true,true,true,true,true,false,true,POINT (151.7787322998047 -33.62251281738281)
soop_sst_nrt_trajectory_data.fid--1f707f45_1989dc45aa9_77c8,12528,2752930,VRZN9,Pacific Celebes,,2010-08-02T22:18:00Z,Z,-33.6247,Z,151.7758,Z,16.36,Z,1007.86,Z,4.642,Z,4.6518,Z,4.6547,Z,,,,,229.1,Z,2.8294,Z,338,Z,23.9,Z,35.5402,Z,35.6134,Z,35.6508,Z,69.01,Z,17.8964,Z,17.909,Z,17.8947,Z,17.9934,Z,204,Z,,,21.3,Z,true,true,true,false,true,true,true,true,true,true,true,true,false,true,POINT (151.77577209472656 -33.62466049194336)
soop_sst_nrt_trajectory_data.fid--1f707f45_1989dc45aa9_77c9,12528,2752931,VRZN9,Pacific Celebes,,2010-08-02T22:20:00Z,Z,-33.6263,Z,151.7728,Z,16.36,Z,1007.63,Z,4.6433,Z,4.6529,Z,4.6566,Z,,,,,236.6,Z,2.7266,Z,338,Z,24.77,Z,35.5377,Z,35.6091,Z,35.6537,Z,67.8,Z,17.9121,Z,17.9247,Z,17.91,Z,18.0021,Z,212,Z,,,22.27,Z,true,true,true,false,true,true,true,true,true,true,true,true,false,true,POINT (151.77276611328125 -33.62631607055664)
soop_sst_nrt_trajectory_data.fid--1f707f45_1989dc45aa9_77ca,12528,2752932,VRZN9,Pacific Celebes,,2010-08-02T22:22:00Z,Z,-33.6283,Z,151.77,Z,16.38,Z,1008.08,Z,4.6452,Z,4.6547,Z,4.6579,Z,,,,,230.1,Z,2.8809,Z,337,Z,22.68,Z,35.5413,Z,35.6114,Z,35.6528,Z,70.19,Z,17.9266,Z,17.9398,Z,17.9238,Z,18.0171,Z,204,Z,,,20.06,Z,true,true,true,false,true,true,true,true,true,true,true,true,false,true,POINT (151.7699737548828 -33.62826919555664)
soop_sst_nrt_trajectory_data.fid--1f707f45_1989dc45aa9_77cb,12528,2752933,VRZN9,Pacific Celebes,,2010-08-02T22:24:00Z,Z,-33.6302,Z,151.7671,Z,16.29,Z,1008.22,Z,4.6457,Z,4.655,Z,4.6585,Z,,,,,231.3,Z,3.241,Z,338,Z,23.43,Z,35.5378,Z,35.6066,Z,35.6494,Z,71.16,Z,17.9356,Z,17.9482,Z,17.9336,Z,18.0366,Z,206,Z,,,20.46,Z,true,true,true,false,true,true,true,true,true,true,true,true,false,true,POINT (151.76708984375 -33.63020324707031)
soop_sst_nrt_trajectory_data.fid--1f707f45_1989dc45aa9_77cc,12528,2752934,VRZN9,Pacific Celebes,,2010-08-02T22:26:00Z,Z,-33.6318,Z,151.7644,Z,16.2,Z,1008.08,Z,4.6465,Z,4.6557,Z,4.6594,Z,,,,,235.1,Z,3.4982,Z,338,Z,21.37,Z,35.5385,Z,35.6087,Z,35.6451,Z,73.48,Z,17.9427,Z,17.9527,Z,17.9474,Z,18.0397,Z,209,Z,,,18.17,Z,true,true,true,false,true,true,true,true,true,true,true,true,false,true,POINT (151.76437377929688 -33.63179016113281)
soop_sst_nrt_trajectory_data.fid--1f707f45_1989dc45aa9_77cd,12528,2752935,VRZN9,Pacific Celebes,,2010-08-02T22:28:00Z,Z,-33.6332,Z,151.7616,Z,16.2,Z,1007.81,Z,4.6475,Z,4.6568,Z,4.6608,Z,,,,,238.7,Z,1.9034,Z,338,Z,22.52,Z,35.5381,Z,35.6077,Z,35.6516,Z,72.55,Z,17.953,Z,17.9646,Z,17.9537,Z,18.0353,Q,215,Z,,,20.77,Z,true,true,true,false,true,true,true,true,true,true,true,true,false,true,POINT (151.76158142089844 -33.633209228515625)
soop_sst_nrt_trajectory_data.fid--1f707f45_1989dc45aa9_77ce,12528,2752936,VRZN9,Pacific Celebes,,2010-08-02T22:30:00Z,Z,-33.6339,Z,151.7591,Z,16.17,Z,1007.18,Z,4.6485,Z,4.6577,Z,4.661,Z,,,,,250.4,Z,4.0641,Z,338,Z,24.8,Z,35.5396,Z,35.6094,Z,35.6492,Z,70.3,Z,17.9611,Z,17.9715,Z,17.9584,Z,18.0547,Z,224,Z,,,21.09,Z,true,true,true,false,true,true,true,true,true,true,true,true,false,true,POINT (151.75909423828125 -33.633949279785156)
soop_sst_nrt_trajectory_data.fid--1f707f45_1989dc45aa9_77cf,12528,2752937,VRZN9,Pacific Celebes,,2010-08-02T22:32:00Z,Z,-33.6349,Z,151.7566,Z,16.18,Z,1008.3,Z,4.6491,Z,4.6584,Z,4.6621,Z,,,,,246.6,Z,2.5722,Z,338,Z,25.25,Z,35.5392,Z,35.6103,Z,35.6511,Z,70.98,Z,17.9675,Z,17.9774,Z,17.967,Z,18.067,Z,222,Z,,,22.89,Z,true,true,true,false,true,true,true,true,true,true,true,true,false,true,POINT (151.75656127929688 -33.634864807128906)
soop_sst_nrt_trajectory_data.fid--1f707f45_1989dc45aa9_77d0,12528,2752938,VRZN9,Pacific Celebes,,2010-08-02T22:34:00Z,Z,-33.636,Z,151.7537,Z,15.31,Z,1008.14,Z,4.6502,Z,4.6595,Z,4.6626,Z,,,,,244.4,Z,3.0867,Z,338,Z,23.37,Z,35.5396,Z,35.6107,Z,35.6464,Z,77.09,Z,17.9778,Z,17.9877,Z,17.9773,Z,18.0766,Z,219,Z,,,20.54,Z,true,true,true,false,true,true,true,true,true,true,true,true,false,true,POINT (151.7537384033203 -33.63599395751953)
soop_sst_nrt_trajectory_data.fid--1f707f45_1989dc45aa9_77d1,12528,2752939,VRZN9,Pacific Celebes,,2010-08-02T22:36:00Z,Z,-33.6379,Z,151.7509,Z,14,Z,1009.14,Z,4.651,Z,4.6603,Z,4.6632,Z,,,,,231.3,Z,2.8294,Z,338,Z,20.12,Z,35.5417,Z,35.6127,Z,35.6491,Z,83.11,Z,17.9833,Z,17.9933,Z,17.9801,Z,18.0941,Z,206,Z,,,17.53,Z,true,true,true,false,true,true,true,true,true,true,true,true,false,true,POINT (151.7509307861328 -33.63787841796875)
soop_sst_nrt_trajectory_data.fid--1f707f45_1989dc45aa9_77d2,12528,2752940,VRZN9,Pacific Celebes,,2010-08-02T22:38:00Z,Z,-33.6396,Z,151.7482,Z,14.39,Z,1008.4,Z,4.6513,Z,4.661,Z,4.6645,Z,,,,,234,Z,2.7266,Z,338,Z,20.4,Z,35.5374,Z,35.6129,Z,35.6494,Z,84.06,Z,17.9912,Z,17.9999,Z,17.9925,Z,18.1015,Z,209,Z,,,17.9,Z,true,true,true,false,true,true,true,true,true,true,true,true,false,true,POINT (151.7481689453125 -33.639556884765625)
soop_sst_nrt_trajectory_data.fid--1f707f45_1989dc45aa9_77d3,12528,2752941,VRZN9,Pacific Celebes,,2010-08-02T22:40:00Z,Z,-33.641,Z,151.7454,Z,15.02,Z,1008.96,Z,4.6529,Z,4.6623,Z,4.6652,Z,,,,,238,Z,2.5722,Z,338,Z,20.95,Z,35.542,Z,35.6117,Z,35.6458,Z,84.94,Z,18.0016,Z,18.0141,Z,18.0035,Z,18.1011,Z,213,Z,,,18.59,Z,true,true,true,false,true,true,true,true,true,true,true,true,false,true,POINT (151.74539184570312 -33.64100646972656)
soop_sst_nrt_trajectory_data.fid--1f707f45_1989dc45aa9_77d4,12528,2752942,VRZN9,Pacific Celebes,,2010-08-02T22:42:00Z,Z,-33.6425,Z,151.7426,Z,15.47,Z,1008.72,Z,4.6539,Z,4.6636,Z,4.6668,Z,,,,,238.2,Z,2.5722,Z,338,Z,20.82,Z,35.5379,Z,35.6123,Z,35.6509,Z,80.33,Z,18.0162,Z,18.0261,Z,18.0133,Z,18.1039,Z,213,Z,,,18.46,Z,true,true,true,false,true,true,true,true,true,true,true,true,false,true,POINT (151.7425537109375 -33.642478942871094)
soop_sst_nrt_trajectory_data.fid--1f707f45_1989dc45aa9_77d5,12528,2752943,VRZN9,Pacific Celebes,,2010-08-02T22:44:00Z,Z,-33.6437,Z,151.7397,Z,15.53,Z,1008.89,Z,4.6552,Z,4.6645,Z,4.6677,Z,,,,,242.4,Z,2.8294,Z,338,Z,21.3,Z,35.5418,Z,35.6111,Z,35.6496,Z,80.31,Z,18.0245,Z,18.0363,Z,18.0236,Z,18.1078,Z,217,Z,,,18.71,Z,true,true,true,false,true,true,true,true,true,true,true,true,false,true,POINT (151.73973083496094 -33.64371109008789)
soop_sst_nrt_trajectory_data.fid--1f707f45_1989dc45aa9_77d6,12528,2752944,VRZN9,Pacific Celebes,,2010-08-02T22:46:00Z,Z,-33.6451,Z,151.7371,Z,15.43,Z,1008.75,Z,4.6564,Z,4.6657,Z,4.669,Z,,,,,237.5,Z,2.2121,Z,338,Z,22.88,Z,35.5417,Z,35.6122,Z,35.6502,Z,76.93,Z,18.0364,Z,18.0469,Z,18.0357,Z,18.1221,Q,213,Z,,,20.85,Z,true,true,true,false,true,true,true,true,true,true,true,true,false,true,POINT (151.7371063232422 -33.645111083984375)
soop_sst_nrt_trajectory_data.fid--1f707f45_1989dc45aa9_77d7,12528,2752945,VRZN9,Pacific Celebes,,2010-08-02T22:48:00Z,Z,-33.6466,Z,151.7343,Z,15.35,Z,1008.31,Z,4.6574,Z,4.6668,Z,4.6698,Z,,,,,238.1,Z,2.4693,Z,338,Z,21.46,Z,35.5439,Z,35.6157,Z,35.6521,Z,79.41,Z,18.0437,Z,18.0537,Z,18.0414,Z,18.1393,Q,213,Z,,,19.19,Z,true,true,true,false,true,true,true,true,true,true,true,true,false,true,POINT (151.7342529296875 -33.6465950012207)
soop_sst_nrt_trajectory_data.fid--1f707f45_1989dc45aa9_77d8,12528,2752946,VRZN9,Pacific Celebes,,2010-08-02T22:50:00Z,Z,-33.6479,Z,151.7314,Z,15.4,Z,1008.22,Z,4.6577,Z,4.6672,Z,4.67,Z,,,,,240.8,Z,1.8006,Z,338,Z,21.54,Z,35.5426,Z,35.6156,Z,35.6477,Z,77.63,Z,18.0481,Z,18.0577,Z,18.0484,Z,18.1475,Q,217,Z,,,19.88,Z,true,true,true,false,true,true,true,true,true,true,true,true,false,true,POINT (151.73141479492188 -33.647918701171875)
soop_sst_nrt_trajectory_data.fid--1f707f45_1989dc45aa9_77d9,12528,2752947,VRZN9,Pacific Celebes,,2010-08-02T22:52:00Z,Z,-33.6493,Z,151.7286,Z,15.35,Z,1009.46,Z,4.6579,Z,4.6673,Z,4.6704,Z,,,,,238.4,Z,2.9838,Z,338,Z,19.13,Z,35.5444,Z,35.6144,Z,35.6495,Z,80.66,Z,18.048,Z,18.0601,Z,18.0502,Z,18.1535,Z,212,Z,,,16.4,Z,true,true,true,false,true,true,true,true,true,true,true,true,false,true,POINT (151.7286376953125 -33.649349212646484)
soop_sst_nrt_trajectory_data.fid--1f707f45_1989dc45aa9_77da,12528,2752948,VRZN9,Pacific Celebes,,2010-08-02T22:54:00Z,Z,-33.6507,Z,151.7263,Z,15.3,Z,1008.92,Z,4.6576,Z,4.6672,Z,4.6708,Z,,,,,235.9,Z,2.5722,Z,337,Z,15.32,Z,35.5424,Z,35.6175,Z,35.6547,Z,81.31,Z,18.0474,Z,18.0555,Z,18.0482,Z,18.1503,Z,209,Z,,,12.99,Z,true,true,true,false,true,true,true,true,true,true,true,true,false,true,POINT (151.72630310058594 -33.65066909790039)
soop_sst_nrt_trajectory_data.fid--1f707f45_1989dc45aa9_77db,12528,2752949,VRZN9,Pacific Celebes,,2010-08-02T22:56:00Z,Z,-33.6518,Z,151.7236,Z,15.5,Z,1008.99,Z,4.6576,Z,4.6669,Z,4.6699,Z,,,,,244.3,Z,2.8294,Z,338,Z,19.13,Z,35.5449,Z,35.6158,Z,35.6528,Z,83.29,Z,18.0445,Z,18.0545,Z,18.0415,Z,18.1385,Z,219,Z,,,16.54,Z,true,true,true,false,true,true,true,true,true,true,true,true,false,true,POINT (151.7235870361328 -33.651763916015625)
soop_sst_nrt_trajectory_data.fid--1f707f45_1989dc45aa9_77dc,12528,2752950,VRZN9,Pacific Celebes,,2010-08-02T22:58:00Z,Z,-33.6526,Z,151.7213,Z,15.64,Z,1009.27,Z,4.6572,Z,4.6667,Z,4.6698,Z,,,,,246.1,Z,1.9034,Z,336,Z,20.32,Z,35.5437,Z,35.6163,Z,35.6532,Z,80.62,Z,18.042,Z,18.052,Z,18.0401,Z,18.1314,Q,220,Z,,,18.6,Z,true,true,true,false,true,true,true,true,true,true,true,true,false,true,POINT (151.72129821777344 -33.652610778808594)
soop_sst_nrt_trajectory_data.fid--1f707f45_1989dc45aa9_77dd,12528,2752951,VRZN9,Pacific Celebes,,2010-08-02T23:00:00Z,Z,-33.6536,Z,151.7189,Z,15.64,Z,1007.89,Z,4.656,Z,4.666,Z,4.6689,Z,,,,,243,Z,2.8294,Z,338,Z,21,Z,35.5427,Z,35.6196,Z,35.6522,Z,80.16,Z,18.0313,Z,18.0413,Z,18.0324,Z,18.1187,Z,218,Z,,,18.41,Z,true,true,true,false,true,true,true,true,true,true,true,true,false,true,POINT (151.71890258789062 -33.65363311767578)
soop_sst_nrt_trajectory_data.fid--1f707f45_1989dc45aa9_77de,12528,2752952,VRZN9,Pacific Celebes,,2010-08-02T23:02:00Z,Z,-33.6549,Z,151.7164,Z,15.6,Z,1008.44,Z,4.6558,Z,4.6652,Z,4.6683,Z,,,,,238.2,Z,2.2636,Z,337,Z,22.55,Z,35.5451,Z,35.6162,Z,35.6547,Z,80.55,Z,18.0266,Z,18.0374,Z,18.0237,Z,18.1096,Q,213,Z,,,20.49,Z,true,true,true,false,true,true,true,true,true,true,true,true,false,true,POINT (151.71636962890625 -33.654945373535156)
soop_sst_nrt_trajectory_data.fid--1f707f45_1989dc45aa9_77df,12528,2752953,VRZN9,Pacific Celebes,,2010-08-02T23:04:00Z,Z,-33.656,Z,151.7138,Z,14.89,Z,1008.17,Z,4.6559,Z,4.6651,Z,4.6679,Z,,,,,243.2,Z,1.2861,Z,338,Z,23.8,Z,35.5475,Z,35.6153,Z,35.6479,Z,80.27,Z,18.0248,Z,18.0374,Z,18.0276,Z,18.1133,Q,220,Z,,,22.61,Z,true,true,true,false,true,true,true,true,true,true,true,true,false,true,POINT (151.71383666992188 -33.6560173034668)
soop_sst_nrt_trajectory_data.fid--1f707f45_1989dc45aa9_77e0,12528,2752954,VRZN9,Pacific Celebes,,2010-08-02T23:06:00Z,Z,-33.6578,Z,151.7113,Z,14.75,Z,1008.75,Z,4.6559,Z,4.6655,Z,4.6687,Z,,,,,230.8,Z,2.8294,Z,337,Z,18.75,Z,35.5423,Z,35.6149,Z,35.6552,Z,82.56,Z,18.0308,Z,18.0418,Z,18.027,Z,18.1326,Z,204,Z,,,16.18,Z,true,true,true,false,true,true,true,true,true,true,true,true,false,true,POINT (151.71127319335938 -33.65776824951172)
soop_sst_nrt_trajectory_data.fid--1f707f45_1989dc45aa9_77e1,12528,2752955,VRZN9,Pacific Celebes,,2010-08-02T23:08:00Z,Z,-33.6595,Z,151.7088,Z,14.93,Z,1008.23,Z,4.6559,Z,4.6655,Z,4.6687,Z,,,,,228.7,Z,2.0063,Z,338,Z,21.43,Z,35.5437,Z,35.6162,Z,35.6548,Z,81.58,Z,18.0292,Z,18.0403,Z,18.0275,Z,18.1305,Q,205,Z,,,19.58,Z,true,true,true,false,true,true,true,true,true,true,true,true,false,true,POINT (151.70884704589844 -33.659549713134766)
soop_sst_nrt_trajectory_data.fid--1f707f45_1989dc45aa9_77e2,12528,2752956,VRZN9,Pacific Celebes,,2010-08-02T23:10:00Z,Z,-33.6607,Z,151.7065,Z,15.26,Z,1008.29,Z,4.6563,Z,4.6658,Z,4.6687,Z,,,,,239.6,Z,1.9034,Z,337,Z,21.3,Z,35.5447,Z,35.6172,Z,35.653,Z,81.55,Z,18.0319,Z,18.0421,Z,18.0296,Z,18.1273,Q,214,Z,,,19.56,Z,true,true,true,false,true,true,true,true,true,true,true,true,false,true,POINT (151.70645141601562 -33.66072463989258)
soop_sst_nrt_trajectory_data.fid--1f707f45_1989dc45aa9_77e3,12528,2752957,VRZN9,Pacific Celebes,,2010-08-02T23:12:00Z,Z,-33.6623,Z,151.7039,Z,15.48,Z,1008.38,Z,4.6563,Z,4.6656,Z,4.6685,Z,,,,,232.5,Z,2.778,Z,338,Z,22.3,Z,35.5446,Z,35.6146,Z,35.6514,Z,79.11,Z,18.0321,Z,18.0431,Z,18.0294,Z,18.1241,Z,208,Z,,,19.75,Z,true,true,true,false,true,true,true,true,true,true,true,true,false,true,POINT (151.7039337158203 -33.66233825683594)
soop_sst_nrt_trajectory_data.fid--1f707f45_1989dc45aa9_77e4,12528,2752958,VRZN9,Pacific Celebes,,2010-08-02T23:14:00Z,Z,-33.6637,Z,151.7014,Z,15.53,Z,1008.35,Z,4.6556,Z,4.6656,Z,4.6683,Z,,,,,237.3,Z,1.7491,Z,337,Z,21.32,Z,35.5423,Z,35.6179,Z,35.6528,Z,80.16,Z,18.0278,Z,18.0393,Z,18.0259,Z,18.1205,Q,212,Z,,,19.72,Z,true,true,true,false,true,true,true,true,true,true,true,true,false,true,POINT (151.70140075683594 -33.6636962890625)
soop_sst_nrt_trajectory_data.fid--1f707f45_1989dc45aa9_77e5,12528,2752959,VRZN9,Pacific Celebes,,2010-08-02T23:16:00Z,Z,-33.6651,Z,151.6989,Z,15.39,Z,1008.04,Z,4.6552,Z,4.6646,Z,4.6677,Z,,,,,235.9,Z,3.0867,Z,337,Z,23.2,Z,35.5435,Z,35.6139,Z,35.6531,Z,80.7,Z,18.0225,Z,18.0341,Z,18.0196,Z,18.1145,Z,210,Z,,,20.39,Z,true,true,true,false,true,true,true,true,true,true,true,true,false,true,POINT (151.69894409179688 -33.66508483886719)
soop_sst_nrt_trajectory_data.fid--1f707f45_1989dc45aa9_77e6,12528,2752960,VRZN9,Pacific Celebes,,2010-08-02T23:18:00Z,Z,-33.6666,Z,151.6964,Z,15.14,Z,1008.06,Z,4.6545,Z,4.6642,Z,4.6677,Z,,,,,234.1,Z,2.0578,Z,338,Z,26.9,Z,35.5405,Z,35.6149,Z,35.6538,Z,78.69,Z,18.0191,Z,18.029,Z,18.0188,Z,18.1137,Q,210,Z,,,25,Z,true,true,true,false,true,true,true,true,true,true,true,true,false,true,POINT (151.69638061523438 -33.6666374206543)
soop_sst_nrt_trajectory_data.fid--1f707f45_1989dc45aa9_77e7,12528,2752961,VRZN9,Pacific Celebes,,2010-08-02T23:20:00Z,Z,-33.6678,Z,151.6943,Z,14.63,Z,1009.18,Z,4.6554,Z,4.6647,Z,4.6682,Z,,,,,235.3,Z,1.9034,Z,337,Z,22.85,Z,35.5444,Z,35.6148,Z,35.653,Z,82.08,Z,18.0235,Z,18.0341,Z,18.0247,Z,18.1141,Q,210,Z,,,21.11,Z,true,true,true,false,true,true,true,true,true,true,true,true,false,true,POINT (151.69432067871094 -33.66783142089844)
soop_sst_nrt_trajectory_data.fid--1f707f45_1989dc45aa9_77e8,12528,2752962,VRZN9,Pacific Celebes,,2010-08-02T23:22:00Z,Z,-33.669,Z,151.6919,Z,14.31,Z,1009,Z,4.6552,Z,4.665,Z,4.6683,Z,,,,,239,Z,2.6237,Z,338,Z,22.95,Z,35.5432,Z,35.6169,Z,35.653,Z,84.26,Z,18.0229,Z,18.0346,Z,18.0256,Z,18.1083,Z,214,Z,,,20.54,Z,true,true,true,false,true,true,true,true,true,true,true,true,false,true,POINT (151.6919403076172 -33.669029235839844)
soop_sst_nrt_trajectory_data.fid--1f707f45_1989dc45aa9_77e9,12528,2752963,VRZN9,Pacific Celebes,,2010-08-02T23:24:00Z,Z,-33.6708,Z,151.6892,Z,14.5,Z,1009.69,Z,4.6549,Z,4.6642,Z,4.6676,Z,,,,,231.6,Z,2.5208,Z,337,Z,22.55,Z,35.5415,Z,35.6119,Z,35.6522,Z,86.2,Z,18.0218,Z,18.0325,Z,18.0197,Z,18.1146,Z,206,Z,,,20.25,Z,true,true,true,false,true,true,true,true,true,true,true,true,false,true,POINT (151.68922424316406 -33.67082595825195)
soop_sst_nrt_trajectory_data.fid--1f707f45_1989dc45aa9_77ea,12528,2752964,VRZN9,Pacific Celebes,,2010-08-02T23:26:00Z,Z,-33.6727,Z,151.6865,Z,14.69,Z,1009.3,Z,4.6548,Z,4.6644,Z,4.6678,Z,,,,,231,Z,2.8294,Z,338,Z,22.55,Z,35.5414,Z,35.6129,Z,35.6501,Z,82.09,Z,18.021,Z,18.0333,Z,18.0241,Z,18.1233,Z,206,Z,,,19.95,Z,true,true,true,false,true,true,true,true,true,true,true,true,false,true,POINT (151.6864776611328 -33.67268753051758)
soop_sst_nrt_trajectory_data.fid--1f707f45_1989dc45aa9_77eb,12528,2752965,VRZN9,Pacific Celebes,,2010-08-02T23:28:00Z,Z,-33.6747,Z,151.6838,Z,14.97,Z,1009.89,Z,4.6553,Z,4.6647,Z,4.6682,Z,,,,,228.1,Z,3.0867,Z,338,Z,20.18,Z,35.5406,Z,35.6112,Z,35.6522,Z,77.83,Z,18.0268,Z,18.0382,Z,18.0256,Z,18.1273,Z,202,Z,,,17.36,Z,true,true,true,false,true,true,true,true,true,true,true,true,false,true,POINT (151.6837921142578 -33.674705505371094)
soop_sst_nrt_trajectory_data.fid--1f707f45_1989dc45aa9_77ec,12528,2752966,VRZN9,Pacific Celebes,,2010-08-02T23:30:00Z,Z,-33.6772,Z,151.6807,Z,15.11,Z,1009.34,Z,4.6552,Z,4.665,Z,4.6683,Z,,,,,225.2,Z,2.3664,Z,338,Z,19.77,Z,35.5413,Z,35.6151,Z,35.6512,Z,77.18,Z,18.025,Z,18.0367,Z,18.0277,Z,18.136,Q,200,Z,,,17.6,Z,true,true,true,false,true,true,true,true,true,true,true,true,false,true,POINT (151.6807403564453 -33.677242279052734)
soop_sst_nrt_trajectory_data.fid--1f707f45_1989dc45aa9_77ed,12528,2752967,VRZN9,Pacific Celebes,,2010-08-02T23:33:00Z,H,-33.6796,Z,151.6781,Z,15.21,Z,1009.05,Z,4.655,Z,4.6647,Z,4.6681,Z,,,,,222.3,Z,3.4982,Z,338,Z,19.15,Z,35.5406,Z,35.6138,Z,35.6494,Z,79.01,Z,18.0239,Z,18.0352,Z,18.0278,Z,18.1285,Z,196,Z,,,15.96,Z,true,true,true,false,true,true,true,true,true,true,true,true,false,true,POINT (151.6781463623047 -33.67962646484375)
soop_sst_nrt_trajectory_data.fid--1f707f45_1989dc45aa9_77ee,12528,2752968,VRZN9,Pacific Celebes,,2010-08-02T23:35:00Z,Z,-33.6824,Z,151.6753,Z,15.48,Z,1009.3,Z,4.6548,Z,4.6642,Z,4.6677,Z,,,,,220.8,Z,3.3953,Z,338,Z,20.02,Z,35.5397,Z,35.6092,Z,35.6528,Z,79.91,Z,18.0229,Z,18.0356,Z,18.02,Z,18.1213,Z,194,Z,,,16.92,Z,true,true,true,false,true,true,true,true,true,true,true,true,false,true,POINT (151.67527770996094 -33.682403564453125)
soop_sst_nrt_trajectory_data.fid--1f707f45_1989dc45aa9_77ef,12529,2752969,VRZN9,Pacific Celebes,,2010-08-03T00:01:00Z,Z,-33.7124,Z,151.6414,Z,15.72,Z,1009.01,Z,4.6475,Z,4.6571,Z,4.6608,Z,,,,,222.4,Z,3.2924,Z,338,Z,21.8,Z,35.5311,Z,35.6045,Z,35.6475,Z,72.47,Z,17.961,Z,17.9712,Z,17.9583,Z,18.0417,Z,197,Z,,,18.79,Z,true,true,true,false,true,true,true,true,true,true,true,true,false,true,POINT (151.64138793945312 -33.7124137878418)
soop_sst_nrt_trajectory_data.fid--1f707f45_1989dc45aa9_77f0,12529,2752970,VRZN9,Pacific Celebes,,2010-08-03T00:03:00Z,Z,-33.7146,Z,151.6388,Z,15.64,Z,1009.49,Z,4.6476,Z,4.6571,Z,4.661,Z,,,,,225.1,Z,3.0867,Z,338,Z,20.75,Z,35.5332,Z,35.6038,Z,35.6492,Z,74.05,Z,17.9596,Z,17.972,Z,17.9584,Z,18.0456,Z,199,Z,,,17.93,Z,true,true,true,false,true,true,true,true,true,true,true,true,false,true,POINT (151.63880920410156 -33.71456527709961)
soop_sst_nrt_trajectory_data.fid--1f707f45_1989dc45aa9_77f1,12529,2752971,VRZN9,Pacific Celebes,,2010-08-03T00:05:00Z,Z,-33.7168,Z,151.6362,Z,15.57,Z,1008.94,Z,4.649,Z,4.6583,Z,4.6618,Z,,,,,224.9,Z,2.778,Z,338,Z,22.77,Z,35.54,Z,35.6112,Z,35.651,Z,71.97,Z,17.9655,Z,17.9753,Z,17.9642,Z,18.0491,Z,200,Z,,,20.22,Z,true,true,true,false,true,true,true,true,true,true,true,true,false,true,POINT (151.6361541748047 -33.71678924560547)
soop_sst_nrt_trajectory_data.fid--1f707f45_1989dc45aa9_77f2,12529,2752972,VRZN9,Pacific Celebes,,2010-08-03T00:07:00Z,Z,-33.7191,Z,151.6338,Z,15.64,Z,1009.78,Z,4.6505,Z,4.6599,Z,4.6634,Z,,,,,220.3,Z,3.5497,Z,336,Z,19.25,Z,35.5441,Z,35.6161,Z,35.6546,Z,74.36,Z,17.9756,Z,17.9855,Z,17.9757,Z,18.0573,Z,191,Z,,,16.07,Z,true,true,true,false,true,true,true,true,true,true,true,true,false,true,POINT (151.63381958007812 -33.719085693359375)
soop_sst_nrt_trajectory_data.fid--1f707f45_1989dc45aa9_77f3,12529,2752973,VRZN9,Pacific Celebes,,2010-08-03T00:09:00Z,Z,-33.7211,Z,151.6314,Z,15.64,Z,1009.53,Z,4.6527,Z,4.6624,Z,4.6656,Z,,,,,224.5,Z,2.2121,Z,336,Z,24.21,Z,35.5491,Z,35.6245,Z,35.66,Z,72.18,Z,17.9915,Z,18.0004,Z,17.9911,Z,18.0634,Q,198,Z,,,22.21,Z,true,true,true,false,true,true,true,true,true,true,true,true,false,true,POINT (151.6314239501953 -33.721126556396484)
soop_sst_nrt_trajectory_data.fid--1f707f45_1989dc45aa9_77f4,12529,2752974,VRZN9,Pacific Celebes,,2010-08-03T00:11:00Z,Z,-33.7237,Z,151.629,Z,15.73,Z,1009.43,Z,4.6553,Z,4.665,Z,4.6681,Z,,,,,218.4,Z,3.7554,Z,336,Z,20.68,Z,35.5495,Z,35.6248,Z,35.6598,Z,73.58,Z,18.0166,Z,18.0255,Z,18.0159,Z,18.083,Z,189,Z,,,17.32,Z,true,true,true,false,true,true,true,true,true,true,true,true,false,true,POINT (151.6289825439453 -33.72370529174805)
soop_sst_nrt_trajectory_data.fid--1f707f45_1989dc45aa9_77f5,12529,2752975,VRZN9,Pacific Celebes,,2010-08-03T00:13:00Z,Z,-33.7267,Z,151.6264,Z,15.78,Z,1009.26,Z,4.658,Z,4.6676,Z,4.6708,Z,,,,,215.2,Z,3.2924,Z,338,Z,20.32,Z,35.5515,Z,35.6257,Z,35.6616,Z,73.09,Z,18.0408,Z,18.05,Z,18.0403,Z,18.102,Z,189,Z,,,17.31,Z,true,true,true,false,true,true,true,true,true,true,true,true,false,true,POINT (151.62643432617188 -33.72672653198242)
soop_sst_nrt_trajectory_data.fid--1f707f45_1989dc45aa9_77f6,12529,2752976,VRZN9,Pacific Celebes,,2010-08-03T00:15:00Z,Z,-33.7297,Z,151.6236,Z,15.71,Z,1009.65,Z,4.6606,Z,4.6704,Z,4.6735,Z,,,,,217.9,Z,2.0578,Z,337,Z,23.35,Z,35.552,Z,35.6249,Z,35.6636,Z,71.87,Z,18.0658,Z,18.0784,Z,18.0645,Z,18.1233,Q,193,Z,,,21.47,Z,true,true,true,false,true,true,true,true,true,true,true,true,false,true,POINT (151.62362670898438 -33.729736328125)
soop_sst_nrt_trajectory_data.fid--1f707f45_1989dc45aa9_77f7,12529,2752977,VRZN9,Pacific Celebes,,2010-08-03T00:17:00Z,Z,-33.7323,Z,151.621,Z,15.8,Z,1009.28,Z,4.6633,Z,4.673,Z,4.6765,Z,,,,,221,Z,3.3953,Z,338,Z,21.12,Z,35.5507,Z,35.6235,Z,35.6647,Z,74.41,Z,18.0939,Z,18.1056,Z,18.0926,Z,18.1587,Z,195,Z,,,18.02,Z,true,true,true,false,true,true,true,true,true,true,true,true,false,true,POINT (151.6209716796875 -33.73228454589844)
soop_sst_nrt_trajectory_data.fid--1f707f45_1989dc45aa9_77f8,12529,2752978,VRZN9,Pacific Celebes,,2010-08-03T00:19:00Z,Z,-33.7347,Z,151.6186,Z,15.68,Z,1009.46,Z,4.6669,Z,4.6764,Z,4.6792,Z,,,,,220.2,Z,2.8294,Z,338,Z,22.5,Z,35.554,Z,35.6257,Z,35.6599,Z,71.77,Z,18.1254,Z,18.1364,Z,18.1246,Z,18.184,Z,195,Z,,,19.9,Z,true,true,true,false,true,true,true,true,true,true,true,true,false,true,POINT (151.61856079101562 -33.73467254638672)
soop_sst_nrt_trajectory_data.fid--1f707f45_1989dc45aa9_77f9,12529,2752979,VRZN9,Pacific Celebes,,2010-08-03T00:21:00Z,Z,-33.7369,Z,151.6159,Z,15.67,Z,1009.76,Z,4.6699,Z,4.6797,Z,4.6823,Z,,,,,225.2,Z,2.6237,Z,338,Z,21.45,Z,35.5536,Z,35.6266,Z,35.6599,Z,72.5,Z,18.1554,Z,18.1677,Z,18.155,Z,18.213,Z,200,Z,,,19.04,Z,true,true,true,false,true,true,true,true,true,true,true,true,false,true,POINT (151.6158905029297 -33.73688507080078)
soop_sst_nrt_trajectory_data.fid--1f707f45_1989dc45aa9_77fa,12529,2752980,VRZN9,Pacific Celebes,,2010-08-03T00:23:00Z,Z,-33.7391,Z,151.6134,Z,15.53,Z,1009.48,Z,4.6719,Z,4.6815,Z,4.6847,Z,,,,,223,Z,3.0867,Z,337,Z,21.52,Z,35.5541,Z,35.6269,Z,35.6661,Z,75.79,Z,18.1744,Z,18.185,Z,18.1714,Z,18.2238,Z,196,Z,,,18.72,Z,true,true,true,false,true,true,true,true,true,true,true,true,false,true,POINT (151.61337280273438 -33.739139556884766)
soop_sst_nrt_trajectory_data.fid--1f707f45_1989dc45aa9_77fb,12529,2752981,VRZN9,Pacific Celebes,,2010-08-03T00:25:00Z,Z,-33.7415,Z,151.611,Z,15.32,Z,1010.03,Z,4.6733,Z,4.6829,Z,4.6858,Z,,,,,219.9,Z,3.0867,Z,338,Z,19.62,Z,35.5537,Z,35.6263,Z,35.661,Z,76.05,Z,18.1887,Z,18.1994,Z,18.188,Z,18.2511,Z,194,Z,,,16.8,Z,true,true,true,false,true,true,true,true,true,true,true,true,false,true,POINT (151.6109619140625 -33.741546630859375)
soop_sst_nrt_trajectory_data.fid--1f707f45_1989dc45aa9_77fc,12529,2752982,VRZN9,Pacific Celebes,,2010-08-03T00:27:00Z,Z,-33.7442,Z,151.6085,Z,15.32,Z,1010.17,Z,4.6748,Z,4.6847,Z,4.6877,Z,,,,,217.7,Z,3.0867,Z,337,Z,20.02,Z,35.5503,Z,35.6257,Z,35.6623,Z,76.48,Z,18.2073,Z,18.2177,Z,18.2051,Z,18.2618,Z,191,Z,,,17.22,Z,true,true,true,false,true,true,true,true,true,true,true,true,false,true,POINT (151.60853576660156 -33.744171142578125)
soop_sst_nrt_trajectory_data.fid--1f707f45_1989dc45aa9_77fd,12529,2752983,VRZN9,Pacific Celebes,,2010-08-03T00:29:00Z,Z,-33.7469,Z,151.6062,Z,15.46,Z,1009.78,Z,4.6761,Z,4.6864,Z,4.6899,Z,,,,,216.3,Z,3.4982,Z,338,Z,20.12,Z,35.5475,Z,35.6257,Z,35.6664,Z,75.62,Z,18.2233,Z,18.2344,Z,18.222,Z,18.276,Z,190,Z,,,16.93,Z,true,true,true,false,true,true,true,true,true,true,true,true,false,true,POINT (151.6061553955078 -33.746883392333984)
soop_sst_nrt_trajectory_data.fid--1f707f45_1989dc45aa9_77fe,12529,2752984,VRZN9,Pacific Celebes,,2010-08-03T00:31:00Z,Z,-33.7498,Z,151.6035,Z,15.39,Z,1010.16,Z,4.6771,Z,4.6873,Z,4.6907,Z,,,,,216.5,Z,3.0352,Z,338,Z,22.88,Z,35.5443,Z,35.6228,Z,35.6615,Z,71.18,Z,18.2368,Z,18.2466,Z,18.2354,Z,18.2826,Z,191,Z,,,20.1,Z,true,true,true,false,true,true,true,true,true,true,true,true,false,true,POINT (151.60354614257812 -33.74982833862305)
soop_sst_nrt_trajectory_data.fid--1f707f45_1989dc45aa9_77ff,12529,2752985,VRZN9,Pacific Celebes,,2010-08-03T00:33:00Z,Z,-33.7525,Z,151.6008,Z,15.31,Z,1009.13,Z,4.6782,Z,4.6885,Z,4.6918,Z,,,,,220,Z,3.2924,Z,338,Z,23.82,Z,35.5415,Z,35.6188,Z,35.6598,Z,73.27,Z,18.2509,Z,18.2629,Z,18.2481,Z,18.2986,Z,195,Z,,,20.8,Z,true,true,true,false,true,true,true,true,true,true,true,true,false,true,POINT (151.60081481933594 -33.75254821777344)
soop_sst_nrt_trajectory_data.fid--1f707f45_1989dc45aa9_7800,12529,2752986,VRZN9,Pacific Celebes,,2010-08-03T00:35:00Z,Z,-33.7554,Z,151.5984,Z,15.31,Z,1009.69,Z,4.6797,Z,4.69,Z,4.693,Z,,,,,215.1,Z,3.4982,Z,338,Z,20.3,Z,35.5416,Z,35.6202,Z,35.6564,Z,76.87,Z,18.2654,Z,18.276,Z,18.2638,Z,18.3224,Z,189,Z,,,17.11,Z,true,true,true,false,true,true,true,true,true,true,true,true,false,true,POINT (151.59837341308594 -33.75544738769531)
soop_sst_nrt_trajectory_data.fid--1f707f45_1989dc45aa9_7801,12529,2752987,VRZN9,Pacific Celebes,,2010-08-03T00:37:00Z,Z,-33.7585,Z,151.5957,Z,15.34,Z,1009.84,Z,4.6809,Z,4.6911,Z,4.6936,Z,,,,,216.5,Z,3.5497,Z,338,Z,20.46,Z,35.542,Z,35.6192,Z,35.6488,Z,79.15,Z,18.2768,Z,18.2879,Z,18.2784,Z,18.3315,Z,190,Z,,,17.22,Z,true,true,true,false,true,true,true,true,true,true,true,true,false,true,POINT (151.5956573486328 -33.758514404296875)
soop_sst_nrt_trajectory_data.fid--1f707f45_1989dc45aa9_7802,12529,2752988,VRZN9,Pacific Celebes,,2010-08-03T00:39:00Z,Z,-33.7612,Z,151.5931,Z,15.27,Z,1010.13,Z,4.6823,Z,4.6926,Z,4.6949,Z,,,,,218.6,Z,3.3439,Z,337,Z,23.2,Z,35.5429,Z,35.6191,Z,35.6516,Z,76.52,Z,18.2895,Z,18.3027,Z,18.2879,Z,18.3399,Z,192,Z,,,20.16,Z,true,true,true,false,true,true,true,true,true,true,true,true,false,true,POINT (151.59307861328125 -33.76121139526367)
soop_sst_nrt_trajectory_data.fid--1f707f45_1989dc45aa9_7803,12529,2752989,VRZN9,Pacific Celebes,,2010-08-03T00:41:00Z,Z,-33.7633,Z,151.5906,Z,15.31,Z,1009.82,Z,4.6844,Z,4.6941,Z,4.6961,Z,,,,,224.5,Z,2.8294,Z,338,Z,22.32,Z,35.5483,Z,35.6208,Z,35.6496,Z,78.16,Z,18.3039,Z,18.3155,Z,18.302,Z,18.353,Z,199,Z,,,19.73,Z,true,true,true,false,true,true,true,true,true,true,true,true,false,true,POINT (151.590576171875 -33.76333999633789)
soop_sst_nrt_trajectory_data.fid--1f707f45_1989dc45aa9_7804,12529,2752990,VRZN9,Pacific Celebes,,2010-08-03T00:43:00Z,Z,-33.7653,Z,151.5884,Z,15.26,Z,1009.92,Z,4.6856,Z,4.6954,Z,4.6976,Z,,,,,222.2,Z,2.778,Z,337,Z,19.79,Z,35.5476,Z,35.6209,Z,35.6497,Z,75.43,Z,18.3164,Z,18.3281,Z,18.3165,Z,18.3833,Z,196,Z,,,17.27,Z,true,true,true,false,true,true,true,true,true,true,true,true,false,true,POINT (151.58843994140625 -33.76530456542969)
soop_sst_nrt_trajectory_data.fid--1f707f45_1989dc45aa9_7805,12529,2752991,VRZN9,Pacific Celebes,,2010-08-03T00:45:00Z,Z,-33.7676,Z,151.5861,Z,15.31,Z,1010.06,Z,4.687,Z,4.6968,Z,4.6988,Z,,,,,221.2,Z,3.0867,Z,338,Z,21.75,Z,35.5474,Z,35.6224,Z,35.649,Z,75.94,Z,18.3304,Z,18.3401,Z,18.3291,Z,18.3968,Z,196,Z,,,18.92,Z,true,true,true,false,true,true,true,true,true,true,true,true,false,true,POINT (151.5860595703125 -33.767578125)
soop_sst_nrt_trajectory_data.fid--1f707f45_1989dc45aa9_7806,12529,2752992,VRZN9,Pacific Celebes,,2010-08-03T00:47:00Z,Z,-33.7704,Z,151.5836,Z,15.36,Z,1010.53,Z,4.6882,Z,4.6979,Z,4.7002,Z,,,,,216.1,Z,2.9838,Z,338,Z,22.04,Z,35.5483,Z,35.6218,Z,35.6507,Z,75.34,Z,18.3412,Z,18.3516,Z,18.3408,Z,18.4073,Z,191,Z,,,19.31,Z,true,true,true,false,true,true,true,true,true,true,true,true,false,true,POINT (151.5835723876953 -33.77042770385742)
soop_sst_nrt_trajectory_data.fid--1f707f45_1989dc45aa9_7807,12529,2752993,VRZN9,Pacific Celebes,,2010-08-03T00:49:00Z,Z,-33.7731,Z,151.5811,Z,15.43,Z,1009.31,Z,4.6888,Z,4.6985,Z,4.7007,Z,,,,,218.3,Z,3.2924,Z,337,Z,20.13,Z,35.5474,Z,35.6206,Z,35.6498,Z,72.59,Z,18.3481,Z,18.3588,Z,18.3468,Z,18.4031,Z,191,Z,,,17.15,Z,true,true,true,false,true,true,true,true,true,true,true,true,false,true,POINT (151.5810546875 -33.77308654785156)
soop_sst_nrt_trajectory_data.fid--1f707f45_1989dc45aa9_7808,12529,2752994,VRZN9,Pacific Celebes,,2010-08-03T00:51:00Z,Z,-33.7752,Z,151.5788,Z,15.42,Z,1010.58,Z,4.69,Z,4.6996,Z,4.7016,Z,,,,,221.7,Z,3.1381,Z,338,Z,21.18,Z,35.5481,Z,35.6214,Z,35.6479,Z,70.58,Z,18.359,Z,18.3687,Z,18.3577,Z,18.4179,Z,196,Z,,,18.31,Z,true,true,true,false,true,true,true,true,true,true,true,true,false,true,POINT (151.57875061035156 -33.775245666503906)
soop_sst_nrt_trajectory_data.fid--1f707f45_1989dc45aa9_7809,12529,2752995,VRZN9,Pacific Celebes,,2010-08-03T00:53:00Z,Z,-33.7771,Z,151.5762,Z,15.43,Z,1009.68,Z,4.6908,Z,4.7006,Z,4.7026,Z,,,,,228.1,Z,3.2924,Z,337,Z,20.55,Z,35.5491,Z,35.6227,Z,35.6504,Z,72.26,Z,18.3657,Z,18.377,Z,18.3647,Z,18.4236,Z,201,Z,,,17.57,Z,true,true,true,false,true,true,true,true,true,true,true,true,false,true,POINT (151.57623291015625 -33.77713394165039)
soop_sst_nrt_trajectory_data.fid--1f707f45_1989dc45aa9_780a,12529,2752996,VRZN9,Pacific Celebes,,2010-08-03T00:55:00Z,Z,-33.7794,Z,151.5739,Z,15.52,Z,1011.02,Z,4.6913,Z,4.701,Z,4.7028,Z,,,,,220,Z,2.6237,Z,338,Z,18.79,Z,35.5492,Z,35.6223,Z,35.6485,Z,74.66,Z,18.3705,Z,18.3814,Z,18.3688,Z,18.4392,Z,195,Z,,,16.39,Z,true,true,true,false,true,true,true,true,true,true,true,true,false,true,POINT (151.57394409179688 -33.77941131591797)
soop_sst_nrt_trajectory_data.fid--1f707f45_1989dc45aa9_780b,12529,2752997,VRZN9,Pacific Celebes,,2010-08-03T00:57:00Z,Z,-33.7813,Z,151.5718,Z,15.64,Z,1009.3,Z,4.6919,Z,4.7017,Z,4.7034,Z,,,,,223.5,Z,1.9034,Z,337,Z,22.71,Z,35.5506,Z,35.6253,Z,35.6503,Z,75.37,Z,18.3748,Z,18.3848,Z,18.3726,Z,18.4466,Q,198,Z,,,20.97,Z,true,true,true,false,true,true,true,true,true,true,true,true,false,true,POINT (151.57177734375 -33.78131866455078)
soop_sst_nrt_trajectory_data.fid--1f707f45_1989dc45aa9_780c,12529,2752998,VRZN9,Pacific Celebes,,2010-08-03T00:59:00Z,Z,-33.7829,Z,151.5696,Z,15.18,Z,1010.23,Z,4.6924,Z,4.7021,Z,4.7044,Z,,,,,227.9,Z,2.8294,Z,338,Z,22.32,Z,35.5494,Z,35.6222,Z,35.6525,Z,74.23,Z,18.3811,Z,18.3922,Z,18.3799,Z,18.4517,Z,203,Z,,,19.73,Z,true,true,true,false,true,true,true,true,true,true,true,true,false,true,POINT (151.5696258544922 -33.78293991088867)
soop_sst_nrt_trajectory_data.fid--1f707f45_1989dc45aa9_780d,12529,2752999,VRZN9,Pacific Celebes,,2010-08-03T01:01:00Z,Z,-33.7851,Z,151.5675,Z,14.63,Z,1010.05,Z,4.6932,Z,4.7031,Z,4.7049,Z,,,,,219.3,Z,2.5722,Z,337,Z,19.2,Z,35.5479,Z,35.6201,Z,35.6505,Z,79.83,Z,18.3907,Z,18.4044,Z,18.3871,Z,18.4613,Z,193,Z,,,16.86,Z,true,true,true,false,true,true,true,true,true,true,true,true,false,true,POINT (151.56748962402344 -33.78512191772461)
soop_sst_nrt_trajectory_data.fid--1f707f45_1989dc45aa9_780e,12529,2753000,VRZN9,Pacific Celebes,,2010-08-03T01:03:00Z,Z,-33.7874,Z,151.5652,Z,14.73,Z,1009.69,Z,4.694,Z,4.7041,Z,4.7058,Z,,,,,219.9,Z,2.2121,Z,338,Z,21.15,Z,35.5461,Z,35.6222,Z,35.6484,Z,77.94,Z,18.4006,Z,18.4118,Z,18.3983,Z,18.4656,Q,195,Z,,,19.12,Z,true,true,true,false,true,true,true,true,true,true,true,true,false,true,POINT (151.5652313232422 -33.787376403808594)
soop_sst_nrt_trajectory_data.fid--1f707f45_1989dc45aa9_780f,12529,2753001,VRZN9,Pacific Celebes,,2010-08-03T01:05:00Z,Z,-33.7898,Z,151.5627,Z,14.89,Z,1009.79,Z,4.6947,Z,4.7047,Z,4.7065,Z,,,,,220.7,Z,3.241,Z,338,Z,21.02,Z,35.548,Z,35.6232,Z,35.6507,Z,75.87,Z,18.4053,Z,18.4165,Z,18.4025,Z,18.4745,Z,195,Z,,,18.06,Z,true,true,true,false,true,true,true,true,true,true,true,true,false,true,POINT (151.562744140625 -33.789791107177734)
soop_sst_nrt_trajectory_data.fid--1f707f45_1989dc45aa9_7810,12529,2753002,VRZN9,Pacific Celebes,,2010-08-03T01:07:00Z,Z,-33.7923,Z,151.5607,Z,15.1,Z,1010.34,Z,4.6955,Z,4.7058,Z,4.7074,Z,,,,,213.5,Z,1.5433,Z,336,Z,20.37,Z,35.5474,Z,35.6262,Z,35.6501,Z,77.23,Z,18.4138,Z,18.4238,Z,18.412,Z,18.479,Q,188,Z,,,18.97,Z,true,true,true,false,true,true,true,true,true,true,true,true,false,true,POINT (151.56072998046875 -33.792327880859375)
soop_sst_nrt_trajectory_data.fid--1f707f45_1989dc45aa9_7811,12529,2753003,VRZN9,Pacific Celebes,,2010-08-03T01:09:00Z,Z,-33.7944,Z,151.5582,Z,15.15,Z,1010.25,Z,4.6962,Z,4.7062,Z,4.7079,Z,,,,,225.7,Z,2.9838,Z,337,Z,20.71,Z,35.5501,Z,35.6263,Z,35.6509,Z,76.91,Z,18.4176,Z,18.4277,Z,18.416,Z,18.4801,Z,199,Z,,,18,Z,true,true,true,false,true,true,true,true,true,true,true,true,false,true,POINT (151.55821228027344 -33.79438018798828)
soop_sst_nrt_trajectory_data.fid--1f707f45_1989dc45aa9_7812,12529,2753004,VRZN9,Pacific Celebes,,2010-08-03T01:11:00Z,Z,-33.7973,Z,151.5559,Z,15.19,Z,1010.26,Z,4.6959,Z,4.7062,Z,4.7078,Z,,,,,213.9,Z,3.241,Z,338,Z,19.96,Z,35.5477,Z,35.6258,Z,35.6491,Z,77.18,Z,18.4174,Z,18.4282,Z,18.4171,Z,18.4818,Z,188,Z,,,17,Z,true,true,true,false,true,true,true,true,true,true,true,true,false,true,POINT (151.55587768554688 -33.79728317260742)
soop_sst_nrt_trajectory_data.fid--1f707f45_1989dc45aa9_7813,12529,2753005,VRZN9,Pacific Celebes,,2010-08-03T01:13:00Z,Z,-33.7998,Z,151.5534,Z,15.1,Z,1010.36,Z,4.6956,Z,4.7058,Z,4.7076,Z,,,,,219,Z,3.3953,Z,338,Z,21.8,Z,35.5482,Z,35.6265,Z,35.6516,Z,74.61,Z,18.4139,Z,18.4235,Z,18.4122,Z,18.4656,Z,193,Z,,,18.7,Z,true,true,true,false,true,true,true,true,true,true,true,true,false,true,POINT (151.5534210205078 -33.79981231689453)
soop_sst_nrt_trajectory_data.fid--1f707f45_1989dc45aa9_7814,12529,2753006,VRZN9,Pacific Celebes,,2010-08-03T01:15:00Z,Z,-33.8022,Z,151.5511,Z,15.19,Z,1010.49,Z,4.6953,Z,4.7052,Z,4.7072,Z,,,,,219.1,Z,3.9098,Z,338,Z,19,Z,35.5494,Z,35.6249,Z,35.6514,Z,75.91,Z,18.4095,Z,18.4195,Z,18.4085,Z,18.4657,Z,192,Z,,,15.44,Z,true,true,true,false,true,true,true,true,true,true,true,true,false,true,POINT (151.5511474609375 -33.80215072631836)
soop_sst_nrt_trajectory_data.fid--1f707f45_1989dc45aa9_7815,12529,2753007,VRZN9,Pacific Celebes,,2010-08-03T01:17:00Z,Z,-33.8046,Z,151.5489,Z,15.1,Z,1009.98,Z,4.6946,Z,4.7043,Z,4.7067,Z,,,,,217.1,Z,3.3439,Z,336,Z,18.25,Z,35.5473,Z,35.6208,Z,35.6505,Z,72.97,Z,18.4051,Z,18.4154,Z,18.4047,Z,18.4778,Z,188,Z,,,15.26,Z,true,true,true,false,true,true,true,true,true,true,true,true,false,true,POINT (151.5489044189453 -33.804630279541016)
soop_sst_nrt_trajectory_data.fid--1f707f45_1989dc45aa9_7816,12529,2753008,VRZN9,Pacific Celebes,,2010-08-03T01:19:00Z,Z,-33.8068,Z,151.5469,Z,15.11,Z,1009.94,Z,4.6946,Z,4.7046,Z,4.7066,Z,,,,,218.7,Z,3.2924,Z,336,Z,17.79,Z,35.5483,Z,35.624,Z,35.6495,Z,71.83,Z,18.4039,Z,18.4146,Z,18.4049,Z,18.4759,Z,190,Z,,,14.84,Z,true,true,true,false,true,true,true,true,true,true,true,true,false,true,POINT (151.54685974121094 -33.806758880615234)
soop_sst_nrt_trajectory_data.fid--1f707f45_1989dc45aa9_7817,12529,2753009,VRZN9,Pacific Celebes,,2010-08-03T01:21:00Z,Z,-33.8097,Z,151.5447,Z,15.09,Z,1010.24,Z,4.6946,Z,4.7047,Z,4.7069,Z,,,,,211.6,Z,3.3439,Z,336,Z,17.77,Z,35.5468,Z,35.6239,Z,35.6497,Z,71.88,Z,18.4057,Z,18.4158,Z,18.4076,Z,18.4767,Z,182,Z,,,14.78,Z,true,true,true,false,true,true,true,true,true,true,true,true,false,true,POINT (151.54469299316406 -33.809696197509766)
soop_sst_nrt_trajectory_data.fid--1f707f45_1989dc45aa9_7818,12529,2753010,VRZN9,Pacific Celebes,,2010-08-03T01:23:00Z,Z,-33.8127,Z,151.5422,Z,15.21,Z,1010.47,Z,4.6947,Z,4.7048,Z,4.7066,Z,,,,,214.6,Z,3.0867,Z,338,Z,19.45,Z,35.5486,Z,35.6249,Z,35.6501,Z,72.76,Z,18.4046,Z,18.4156,Z,18.4042,Z,18.4579,Z,189,Z,,,16.63,Z,true,true,true,false,true,true,true,true,true,true,true,true,false,true,POINT (151.54222106933594 -33.81269073486328)
soop_sst_nrt_trajectory_data.fid--1f707f45_1989dc45aa9_7819,12529,2753011,VRZN9,Pacific Celebes,,2010-08-03T01:25:00Z,Z,-33.8156,Z,151.5399,Z,15.36,Z,1010.85,Z,4.6948,Z,4.7051,Z,4.7066,Z,,,,,213.9,Z,3.241,Z,337,Z,18.15,Z,35.5468,Z,35.6265,Z,35.6478,Z,74.59,Z,18.4076,Z,18.4167,Z,18.4068,Z,18.4548,Z,186,Z,,,15.22,Z,true,true,true,false,true,true,true,true,true,true,true,true,false,true,POINT (151.53990173339844 -33.815574645996094)
soop_sst_nrt_trajectory_data.fid--1f707f45_1989dc45aa9_781a,12529,2753012,VRZN9,Pacific Celebes,,2010-08-03T01:27:00Z,Z,-33.8189,Z,151.5372,Z,15.5,Z,1010.38,Z,4.6953,Z,4.7053,Z,4.7068,Z,,,,,213.6,Z,4.4242,Z,337,Z,19.02,Z,35.5493,Z,35.6229,Z,35.6494,Z,72.27,Z,18.4097,Z,18.4228,Z,18.4069,Z,18.4653,Z,184,Z,,,15.05,Z,true,true,true,false,true,true,true,true,true,true,true,true,false,true,POINT (151.53724670410156 -33.818912506103516)
soop_sst_nrt_trajectory_data.fid--1f707f45_1989dc45aa9_781b,12529,2753013,VRZN9,Pacific Celebes,,2010-08-03T01:29:00Z,Z,-33.8225,Z,151.5344,Z,15.64,Z,1010.26,Z,4.6953,Z,4.7052,Z,4.7076,Z,,,,,213,Z,3.6011,Z,337,Z,20.71,Z,35.5492,Z,35.6237,Z,35.6559,Z,72.8,Z,18.4098,Z,18.4208,Z,18.4072,Z,18.4712,Z,185,Z,,,17.45,Z,true,true,true,false,true,true,true,true,true,true,true,true,false,true,POINT (151.534423828125 -33.82253646850586)
soop_sst_nrt_trajectory_data.fid--1f707f45_1989dc45aa9_781c,12529,2753014,VRZN9,Pacific Celebes,,2010-08-03T01:31:00Z,Z,-33.826,Z,151.5318,Z,15.65,Z,1010.27,Z,4.6948,Z,4.7049,Z,4.7066,Z,,,,,212.6,Z,4.1156,Z,338,Z,20.88,Z,35.5462,Z,35.6225,Z,35.6465,Z,69.16,Z,18.4083,Z,18.4193,Z,18.4083,Z,18.468,Z,185,Z,,,17.13,Z,true,true,true,false,true,true,true,true,true,true,true,true,false,true,POINT (151.5317840576172 -33.82597732543945)
soop_sst_nrt_trajectory_data.fid--1f707f45_1989dc45aa9_781d,12529,2753015,VRZN9,Pacific Celebes,,2010-08-03T01:33:00Z,Z,-33.8295,Z,151.529,Z,15.76,Z,1009.75,Z,4.6943,Z,4.7046,Z,4.7066,Z,,,,,213.2,Z,3.8583,Z,337,Z,20.2,Z,35.5449,Z,35.6231,Z,35.6509,Z,72.23,Z,18.4049,Z,18.4157,Z,18.4032,Z,18.4692,Z,185,Z,,,16.72,Z,true,true,true,false,true,true,true,true,true,true,true,true,false,true,POINT (151.5290069580078 -33.829524993896484)
soop_sst_nrt_trajectory_data.fid--1f707f45_1989dc45aa9_781e,12529,2753016,VRZN9,Pacific Celebes,,2010-08-03T01:35:00Z,Z,-33.8327,Z,151.5264,Z,15.68,Z,1010.66,Z,4.694,Z,4.7041,Z,4.7056,Z,,,,,214.8,Z,3.6011,Z,337,Z,20.18,Z,35.5452,Z,35.6215,Z,35.6397,Z,71.31,Z,18.4016,Z,18.4126,Z,18.4064,Z,18.4695,Z,187,Z,,,16.92,Z,true,true,true,false,true,true,true,true,true,true,true,true,false,true,POINT (151.52639770507812 -33.83266067504883)
soop_sst_nrt_trajectory_data.fid--1f707f45_1989dc45aa9_781f,12529,2753017,VRZN9,Pacific Celebes,,2010-08-03T01:37:00Z,Z,-33.8358,Z,151.5239,Z,15.63,Z,1010.36,Z,4.6937,Z,4.7037,Z,4.7055,Z,,,,,214.4,Z,3.4982,Z,338,Z,18.75,Z,35.5434,Z,35.6201,Z,35.6454,Z,71.93,Z,18.4008,Z,18.4103,Z,18.3988,Z,18.4691,Z,188,Z,,,15.56,Z,true,true,true,false,true,true,true,true,true,true,true,true,false,true,POINT (151.52386474609375 -33.835750579833984)
soop_sst_nrt_trajectory_data.fid--1f707f45_1989dc45aa9_7820,12529,2753018,VRZN9,Pacific Celebes,,2010-08-03T01:39:00Z,Z,-33.8384,Z,151.5214,Z,15.64,Z,1010.9,Z,4.6936,Z,4.7035,Z,4.7052,Z,,,,,218.1,Z,3.0867,Z,338,Z,18.57,Z,35.5444,Z,35.6189,Z,35.6441,Z,73.15,Z,18.3987,Z,18.4098,Z,18.3974,Z,18.4703,Z,192,Z,,,15.75,Z,true,true,true,false,true,true,true,true,true,true,true,true,false,true,POINT (151.52137756347656 -33.83839797973633)
soop_sst_nrt_trajectory_data.fid--1f707f45_1989dc45aa9_7821,12529,2753019,VRZN9,Pacific Celebes,,2010-08-03T01:41:00Z,Z,-33.8405,Z,151.5191,Z,15.56,Z,1010.84,Z,4.693,Z,4.7027,Z,4.7051,Z,,,,,221.9,Z,3.2924,Z,337,Z,21.02,Z,35.5415,Z,35.6143,Z,35.6466,Z,69.23,Z,18.3961,Z,18.4072,Z,18.3935,Z,18.4677,Z,195,Z,,,18.04,Z,true,true,true,false,true,true,true,true,true,true,true,true,false,true,POINT (151.51913452148438 -33.84048080444336)
soop_sst_nrt_trajectory_data.fid--1f707f45_1989dc45aa9_7822,12529,2753020,VRZN9,Pacific Celebes,,2010-08-03T01:43:00Z,Z,-33.843,Z,151.5169,Z,15.38,Z,1010.42,Z,4.6922,Z,4.7021,Z,4.7047,Z,,,,,216.5,Z,3.2924,Z,338,Z,21.07,Z,35.5412,Z,35.6166,Z,35.6494,Z,71.36,Z,18.3886,Z,18.3987,Z,18.3864,Z,18.4687,Z,191,Z,,,18.06,Z,true,true,true,false,true,true,true,true,true,true,true,true,false,true,POINT (151.51693725585938 -33.84295654296875)
soop_sst_nrt_trajectory_data.fid--1f707f45_1989dc45aa9_7823,12529,2753021,VRZN9,Pacific Celebes,,2010-08-03T01:45:00Z,Z,-33.8457,Z,151.5146,Z,14.44,Z,1010.48,Z,4.6914,Z,4.7015,Z,4.703,Z,,,,,215.6,Z,3.2924,Z,338,Z,18.93,Z,35.5433,Z,35.6187,Z,35.6443,Z,76.62,Z,18.3783,Z,18.3904,Z,18.3756,Z,18.4598,Z,189,Z,,,15.93,Z,true,true,true,false,true,true,true,true,true,true,true,true,false,true,POINT (151.5145721435547 -33.84571838378906)
soop_sst_nrt_trajectory_data.fid--1f707f45_1989dc45aa9_7824,12529,2753022,VRZN9,Pacific Celebes,,2010-08-03T01:47:00Z,Z,-33.8479,Z,151.5124,Z,14.76,Z,1009.71,Z,4.69,Z,4.7004,Z,4.7019,Z,,,,,220.5,Z,2.7266,Z,337,Z,19.32,Z,35.5389,Z,35.6178,Z,35.6432,Z,74.09,Z,18.3697,Z,18.3807,Z,18.3661,Z,18.4456,Z,194,Z,,,16.84,Z,true,true,true,false,true,true,true,true,true,true,true,true,false,true,POINT (151.51235961914062 -33.84788131713867)
soop_sst_nrt_trajectory_data.fid--1f707f45_1989dc45aa9_7825,12529,2753023,VRZN9,Pacific Celebes,,2010-08-03T01:49:00Z,Z,-33.8502,Z,151.5103,Z,15.57,Z,1010.71,Z,4.6889,Z,4.6988,Z,4.7004,Z,,,,,216.8,Z,2.3664,Z,335,Z,18.35,Z,35.5402,Z,35.6145,Z,35.6404,Z,67.16,Z,18.3574,Z,18.3688,Z,18.3547,Z,18.4363,Q,188,Z,,,16.24,Z,true,true,true,false,true,true,true,true,true,true,true,true,false,true,POINT (151.51028442382812 -33.85019302368164)
soop_sst_nrt_trajectory_data.fid--1f707f45_1989dc45aa9_7826,12529,2753024,VRZN9,Pacific Celebes,,2010-08-03T01:51:00Z,Z,-33.8521,Z,151.5081,Z,15.81,Z,1009.43,Z,4.6879,Z,4.698,Z,4.6999,Z,,,,,223.5,Z,2.5722,Z,338,Z,21.38,Z,35.5407,Z,35.6169,Z,35.6398,Z,64.9,Z,18.347,Z,18.3582,Z,18.3504,Z,18.431,Z,199,Z,,,19.02,Z,true,true,true,false,true,true,true,true,true,true,true,true,false,true,POINT (151.50811767578125 -33.85209655761719)
soop_sst_nrt_trajectory_data.fid--1f707f45_1989dc45aa9_7827,12529,2753025,VRZN9,Pacific Celebes,,2010-08-03T01:53:00Z,Z,-33.8549,Z,151.506,Z,15.97,Z,1009.36,Z,4.6866,Z,4.6967,Z,4.6987,Z,,,,,211.9,Z,2.0578,Z,338,Z,21.9,Z,35.5383,Z,35.6149,Z,35.6426,Z,66.12,Z,18.337,Z,18.3477,Z,18.3355,Z,18.4236,Q,188,Z,,,20.01,Z,true,true,true,false,true,true,true,true,true,true,true,true,false,true,POINT (151.5060272216797 -33.85490417480469)
soop_sst_nrt_trajectory_data.fid--1f707f45_1989dc45aa9_7828,12529,2753026,VRZN9,Pacific Celebes,,2010-08-03T01:55:00Z,Z,-33.8575,Z,151.5036,Z,16.05,Z,1010.35,Z,4.6857,Z,4.6954,Z,4.6971,Z,,,,,218.8,Z,3.3439,Z,338,Z,21.21,Z,35.5407,Z,35.6136,Z,35.6378,Z,64.27,Z,18.3254,Z,18.3365,Z,18.3253,Z,18.4114,Z,193,Z,,,18.15,Z,true,true,true,false,true,true,true,true,true,true,true,true,false,true,POINT (151.50357055664062 -33.857452392578125)
soop_sst_nrt_trajectory_data.fid--1f707f45_1989dc45aa9_7829,12529,2753027,VRZN9,Pacific Celebes,,2010-08-03T01:57:00Z,Z,-33.8594,Z,151.501,Z,16.14,Z,1009.95,Z,4.6839,Z,4.6938,Z,4.6953,Z,,,,,226.8,Z,2.9838,Z,338,Z,21.2,Z,35.5395,Z,35.613,Z,35.6348,Z,64.79,Z,18.3091,Z,18.3215,Z,18.3111,Z,18.4082,Z,201,Z,,,18.47,Z,true,true,true,false,true,true,true,true,true,true,true,true,false,true,POINT (151.50103759765625 -33.859439849853516)
soop_sst_nrt_trajectory_data.fid--1f707f45_1989dc45aa9_782a,12529,2753028,VRZN9,Pacific Celebes,,2010-08-03T01:59:00Z,Z,-33.8618,Z,151.4987,Z,16.26,Z,1010.1,Z,4.6823,Z,4.6922,Z,4.6939,Z,,,,,218.9,Z,2.9838,Z,337,Z,18,Z,35.5348,Z,35.6103,Z,35.6378,Z,69.51,Z,18.2988,Z,18.3089,Z,18.294,Z,18.3908,Z,192,Z,,,15.3,Z,true,true,true,false,true,true,true,true,true,true,true,true,false,true,POINT (151.49871826171875 -33.861839294433594)
soop_sst_nrt_trajectory_data.fid--1f707f45_1989dc45aa9_782b,12529,2753029,VRZN9,Pacific Celebes,,2010-08-03T02:01:00Z,Z,-33.8643,Z,151.4959,Z,16.12,Z,1009.49,Z,4.6808,Z,4.6913,Z,4.6934,Z,,,,,223,Z,3.8583,Z,337,Z,19.8,Z,35.5337,Z,35.6121,Z,35.6414,Z,69.98,Z,18.2854,Z,18.2981,Z,18.285,Z,18.3802,Z,195,Z,,,16.32,Z,true,true,true,false,true,true,true,true,true,true,true,true,false,true,POINT (151.49594116210938 -33.864322662353516)
soop_sst_nrt_trajectory_data.fid--1f707f45_1989dc45aa9_782c,12529,2753030,VRZN9,Pacific Celebes,,2010-08-03T02:03:00Z,Z,-33.8673,Z,151.4931,Z,16.12,Z,1009.68,Z,4.6798,Z,4.6901,Z,4.6919,Z,,,,,218.5,Z,4.167,Z,337,Z,20.6,Z,35.5315,Z,35.6124,Z,35.6365,Z,69.16,Z,18.2781,Z,18.286,Z,18.2759,Z,18.3591,Z,190,Z,,,16.84,Z,true,true,true,false,true,true,true,true,true,true,true,true,false,true,POINT (151.49307250976562 -33.867332458496094)
soop_sst_nrt_trajectory_data.fid--1f707f45_1989dc45aa9_782d,12529,2753031,VRZN9,Pacific Celebes,,2010-08-03T02:05:00Z,Z,-33.8703,Z,151.4904,Z,16.17,Z,1009.9,Z,4.6784,Z,4.6888,Z,4.6906,Z,,,,,216.4,Z,3.0867,Z,337,Z,21.88,Z,35.53,Z,35.6108,Z,35.6346,Z,65.88,Z,18.2661,Z,18.2751,Z,18.2653,Z,18.3539,Z,190,Z,,,19.08,Z,true,true,true,false,true,true,true,true,true,true,true,true,false,true,POINT (151.49044799804688 -33.87030029296875)
soop_sst_nrt_trajectory_data.fid--1f707f45_1989dc45aa9_782e,12529,2753032,VRZN9,Pacific Celebes,,2010-08-03T02:07:00Z,Z,-33.873,Z,151.4876,Z,16.26,Z,1009.16,Z,4.6764,Z,4.6867,Z,4.6882,Z,,,,,220.9,Z,3.3439,Z,336,Z,20.63,Z,35.532,Z,35.6106,Z,35.6308,Z,66.76,Z,18.2441,Z,18.2547,Z,18.2462,Z,18.3376,Z,192,Z,,,17.63,Z,true,true,true,false,true,true,true,true,true,true,true,true,false,true,POINT (151.48760986328125 -33.8730354309082)
soop_sst_nrt_trajectory_data.fid--1f707f45_1989dc45aa9_782f,12529,2753033,VRZN9,Pacific Celebes,,2010-08-03T02:09:00Z,Z,-33.8757,Z,151.4847,Z,16.22,Z,1010.05,Z,4.6745,Z,4.6845,Z,4.6862,Z,,,,,221.6,Z,3.1381,Z,338,Z,22.46,Z,35.5313,Z,35.6084,Z,35.6337,Z,61.75,Z,18.2262,Z,18.2356,Z,18.2233,Z,18.3174,Z,196,Z,,,19.59,Z,true,true,true,false,true,true,true,true,true,true,true,true,false,true,POINT (151.48472595214844 -33.87574005126953)
soop_sst_nrt_trajectory_data.fid--1f707f45_1989dc45aa9_7830,12529,2753034,VRZN9,Pacific Celebes,,2010-08-03T02:11:00Z,Z,-33.8781,Z,151.4822,Z,16.27,Z,1010.29,Z,4.6718,Z,4.6819,Z,4.6834,Z,,,,,222.2,Z,3.0867,Z,337,Z,21.2,Z,35.5327,Z,35.6081,Z,35.6327,Z,63.24,Z,18.1981,Z,18.2105,Z,18.197,Z,18.2944,Z,195,Z,,,18.4,Z,true,true,true,false,true,true,true,true,true,true,true,true,false,true,POINT (151.48219299316406 -33.87807083129883)
soop_sst_nrt_trajectory_data.fid--1f707f45_1989dc45aa9_7831,12529,2753035,VRZN9,Pacific Celebes,,2010-08-03T02:13:00Z,Z,-33.8804,Z,151.4796,Z,16.36,Z,1010.16,Z,4.6676,Z,4.6772,Z,4.6784,Z,,,,,223.5,Z,3.6526,Z,338,Z,18.2,Z,35.5326,Z,35.6038,Z,35.6204,Z,66.41,Z,18.1569,Z,18.1693,Z,18.162,Z,18.2621,Z,196,Z,,,14.88,Z,true,true,true,false,true,true,true,true,true,true,true,true,false,true,POINT (151.47958374023438 -33.880367279052734)
soop_sst_nrt_trajectory_data.fid--1f707f45_1989dc45aa9_7832,12529,2753036,VRZN9,Pacific Celebes,,2010-08-03T02:15:00Z,Z,-33.8825,Z,151.4769,Z,16.22,Z,1009.84,Z,4.6625,Z,4.6718,Z,4.6738,Z,,,,,226.3,Z,3.0867,Z,338,Z,20.62,Z,35.5308,Z,35.6009,Z,35.6192,Z,61.18,Z,18.1089,Z,18.1197,Z,18.1183,Z,18.2201,Z,201,Z,,,17.8,Z,true,true,true,false,true,true,true,true,true,true,true,true,false,true,POINT (151.47689819335938 -33.88250732421875)
soop_sst_nrt_trajectory_data.fid--1f707f45_1989dc45aa9_7833,12529,2753037,VRZN9,Pacific Celebes,,2010-08-03T02:17:00Z,Z,-33.8848,Z,151.4743,Z,16.26,Z,1009.3,Z,4.6576,Z,4.6673,Z,4.6694,Z,,,,,224.1,Z,2.6237,Z,337,Z,22.3,Z,35.5252,Z,35.5995,Z,35.6263,Z,63.22,Z,18.0672,Z,18.0771,Z,18.067,Z,18.1825,Z,198,Z,,,19.91,Z,true,true,true,false,true,true,true,true,true,true,true,true,false,true,POINT (151.4742889404297 -33.88475036621094)
soop_sst_nrt_trajectory_data.fid--1f707f45_1989dc45aa9_7834,12529,2753038,VRZN9,Pacific Celebes,,2010-08-03T02:19:00Z,Z,-33.8872,Z,151.4714,Z,16.25,Z,1010.28,Z,4.6533,Z,4.6629,Z,4.6647,Z,,,,,224.4,Z,3.3439,Z,338,Z,20.71,Z,35.5249,Z,35.5969,Z,35.626,Z,64.37,Z,18.0252,Z,18.0369,Z,18.0212,Z,18.1524,Z,198,Z,,,17.65,Z,true,true,true,false,true,true,true,true,true,true,true,true,false,true,POINT (151.47140502929688 -33.887203216552734)
soop_sst_nrt_trajectory_data.fid--1f707f45_1989dc45aa9_7835,12529,2753039,VRZN9,Pacific Celebes,,2010-08-03T02:21:00Z,Z,-33.8897,Z,151.4686,Z,16.29,Z,1009.87,Z,4.6491,Z,4.6587,Z,4.6601,Z,,,,,222.2,Z,3.2924,Z,338,Z,20.71,Z,35.5209,Z,35.5935,Z,35.62,Z,66.11,Z,17.9885,Z,17.9995,Z,17.9829,Z,18.1159,Z,196,Z,,,17.7,Z,true,true,true,false,true,true,true,true,true,true,true,true,false,true,POINT (151.46864318847656 -33.88974380493164)
soop_sst_nrt_trajectory_data.fid--1f707f45_1989dc45aa9_7836,12529,2753040,VRZN9,Pacific Celebes,,2010-08-03T02:23:00Z,Z,-33.8923,Z,151.466,Z,16.26,Z,1010.03,Z,4.6464,Z,4.6558,Z,4.658,Z,,,,,221,Z,2.6237,Z,337,Z,20.07,Z,35.5177,Z,35.5884,Z,35.6193,Z,65.26,Z,17.9656,Z,17.9769,Z,17.9631,Z,18.0922,Z,195,Z,,,17.68,Z,true,true,true,false,true,true,true,true,true,true,true,true,false,true,POINT (151.46597290039062 -33.89230728149414)
soop_sst_nrt_trajectory_data.fid--1f707f45_1989dc45aa9_7837,12529,2753041,VRZN9,Pacific Celebes,,2010-08-03T02:25:00Z,Z,-33.8951,Z,151.4631,Z,16.27,Z,1009.27,Z,4.6448,Z,4.6539,Z,4.6572,Z,,,,,220.9,Z,3.3439,Z,338,Z,21.18,Z,35.518,Z,35.5836,Z,35.6223,Z,65.47,Z,17.9495,Z,17.9637,Z,17.9518,Z,18.0732,Z,195,Z,,,18.12,Z,true,true,true,false,true,true,true,true,true,true,true,true,false,true,POINT (151.46311950683594 -33.895057678222656)
soop_sst_nrt_trajectory_data.fid--1f707f45_1989dc45aa9_7838,12529,2753042,VRZN9,Pacific Celebes,,2010-08-03T02:27:00Z,Z,-33.8979,Z,151.4601,Z,16.28,Z,1009.48,Z,4.6438,Z,4.6531,Z,4.6557,Z,,,,,221.4,Z,3.0867,Z,338,Z,20.45,Z,35.5155,Z,35.587,Z,35.6158,Z,63.25,Z,17.9425,Z,17.952,Z,17.9445,Z,18.0565,Z,196,Z,,,17.63,Z,true,true,true,false,true,true,true,true,true,true,true,true,false,true,POINT (151.46011352539062 -33.89789962768555)
soop_sst_nrt_trajectory_data.fid--1f707f45_1989dc45aa9_7839,12530,2753374,VRZN9,Pacific Celebes,,2010-08-11T11:49:00Z,Z,-33.8988,Z,151.6937,Z,14.17,Z,997.78,Z,4.7052,Z,4.7151,Z,4.7176,Z,,,,,44.5,Z,5.8132,Z,338,Z,17.57,Z,35.5659,Z,35.6425,Z,35.6749,Z,57.93,Z,18.4876,Z,18.4961,Z,18.4832,Z,18.481,Z,12,Z,,,12.37,Z,true,true,true,false,true,true,true,true,true,true,true,true,false,true,POINT (151.69369506835938 -33.898826599121094)
soop_sst_nrt_trajectory_data.fid--1f707f45_1989dc45aa9_783a,12530,2753375,VRZN9,Pacific Celebes,,2010-08-11T11:51:00Z,Z,-33.8941,Z,151.6992,Z,14.22,Z,997.57,Z,4.7044,Z,4.7144,Z,4.7171,Z,,,,,44.4,Z,5.9161,Z,338,Z,17.54,Z,35.5673,Z,35.6419,Z,35.678,Z,59.52,Z,18.4781,Z,18.4899,Z,18.4747,Z,18.4709,Z,12,Z,,,12.26,Z,true,true,true,false,true,true,true,true,true,true,true,true,false,true,POINT (151.69923400878906 -33.89411163330078)
soop_sst_nrt_trajectory_data.fid--1f707f45_1989dc45aa9_783b,12530,2753376,VRZN9,Pacific Celebes,,2010-08-11T11:53:00Z,Z,-33.8895,Z,151.7046,Z,14.22,Z,997.59,Z,4.7037,Z,4.714,Z,4.7163,Z,,,,,44.1,Z,5.4531,Z,338,Z,18.62,Z,35.566,Z,35.644,Z,35.6755,Z,56.83,Z,18.4727,Z,18.4836,Z,18.4698,Z,18.4641,Z,14,Z,,,13.72,Z,true,true,true,false,true,true,true,true,true,true,true,true,false,true,POINT (151.70457458496094 -33.8895149230957)
soop_sst_nrt_trajectory_data.fid--1f707f45_1989dc45aa9_783c,12530,2753377,VRZN9,Pacific Celebes,,2010-08-11T11:55:00Z,Z,-33.885,Z,151.7098,Z,14.22,Z,997.74,Z,4.7033,Z,4.7136,Z,4.7158,Z,,,,,44.1,Z,5.9161,Z,338,Z,17.87,Z,35.5667,Z,35.6456,Z,35.6765,Z,56.68,Z,18.468,Z,18.4778,Z,18.4637,Z,18.4644,Z,12,Z,,,12.58,Z,true,true,true,false,true,true,true,true,true,true,true,true,false,true,POINT (151.70982360839844 -33.8849983215332)
soop_sst_nrt_trajectory_data.fid--1f707f45_1989dc45aa9_783d,12530,2753378,VRZN9,Pacific Celebes,,2010-08-11T11:57:00Z,Z,-33.8803,Z,151.7154,Z,14.25,Z,997.42,Z,4.7025,Z,4.713,Z,4.715,Z,,,,,44.5,Z,6.2248,Z,338,Z,20.02,Z,35.5665,Z,35.6457,Z,35.6768,Z,57.84,Z,18.4604,Z,18.4719,Z,18.4556,Z,18.4576,Z,13,Z,,,14.44,Z,true,true,true,false,true,true,true,true,true,true,true,true,false,true,POINT (151.71536254882812 -33.88029479980469)
soop_sst_nrt_trajectory_data.fid--1f707f45_1989dc45aa9_783e,12530,2753379,VRZN9,Pacific Celebes,,2010-08-11T11:59:00Z,Z,-33.8753,Z,151.7211,Z,14.21,Z,997.52,Z,4.7016,Z,4.7119,Z,4.7139,Z,,,,,43.9,Z,5.9676,Z,338,Z,17.1,Z,35.5677,Z,35.6454,Z,35.6751,Z,56.74,Z,18.4502,Z,18.4614,Z,18.4468,Z,18.4472,Z,11,Z,,,11.78,Z,true,true,true,false,true,true,true,true,true,true,true,true,false,true,POINT (151.72113037109375 -33.875301361083984)
soop_sst_nrt_trajectory_data.fid--1f707f45_1989dc45aa9_783f,12530,2753380,VRZN9,Pacific Celebes,,2010-08-11T12:01:00Z,Z,-33.8706,Z,151.7266,Z,14.22,Z,997.36,Z,4.7008,Z,4.7107,Z,4.713,Z,,,,,44.5,Z,6.0704,Z,338,Z,18.5,Z,35.5681,Z,35.6439,Z,35.6747,Z,58.02,Z,18.4419,Z,18.4514,Z,18.4384,Z,18.4409,Z,12,Z,,,13.07,Z,true,true,true,false,true,true,true,true,true,true,true,true,false,true,POINT (151.7266387939453 -33.87062454223633)
soop_sst_nrt_trajectory_data.fid--1f707f45_1989dc45aa9_7840,12530,2753381,VRZN9,Pacific Celebes,,2010-08-11T12:03:00Z,Z,-33.866,Z,151.7321,Z,14.26,Z,997.25,Z,4.7003,Z,4.7103,Z,4.713,Z,,,,,44.5,Z,5.9676,Z,338,Z,18.8,Z,35.566,Z,35.6454,Z,35.6784,Z,58,Z,18.4394,Z,18.4458,Z,18.4342,Z,18.4355,Z,13,Z,,,13.45,Z,true,true,true,false,true,true,true,true,true,true,true,true,false,true,POINT (151.73211669921875 -33.86597442626953)
soop_sst_nrt_trajectory_data.fid--1f707f45_1989dc45aa9_7841,12530,2753382,VRZN9,Pacific Celebes,,2010-08-11T12:05:00Z,Z,-33.8612,Z,151.7373,Z,14.23,Z,997.58,Z,4.6998,Z,4.71,Z,4.7123,Z,,,,,42.4,Z,5.6589,Z,338,Z,19.1,Z,35.5665,Z,35.6448,Z,35.6755,Z,55.47,Z,18.4339,Z,18.4435,Z,18.4307,Z,18.4364,Z,12,Z,,,14.01,Z,true,true,true,false,true,true,true,true,true,true,true,true,false,true,POINT (151.7373046875 -33.861236572265625)
soop_sst_nrt_trajectory_data.fid--1f707f45_1989dc45aa9_7842,12530,2753383,VRZN9,Pacific Celebes,,2010-08-11T12:07:00Z,Z,-33.8565,Z,151.7425,Z,14.22,Z,997.5,Z,4.6996,Z,4.7099,Z,4.7123,Z,,,,,42.9,Z,6.2248,Z,338,Z,18.18,Z,35.5664,Z,35.6456,Z,35.677,Z,54.84,Z,18.4321,Z,18.4416,Z,18.4289,Z,18.4395,Z,10,Z,,,12.63,Z,true,true,true,false,true,true,true,true,true,true,true,true,false,true,POINT (151.74252319335938 -33.85654830932617)
soop_sst_nrt_trajectory_data.fid--1f707f45_1989dc45aa9_7843,12530,2753384,VRZN9,Pacific Celebes,,2010-08-11T12:09:00Z,Z,-33.8518,Z,151.7477,Z,14.25,Z,997.02,Z,4.6998,Z,4.7099,Z,4.7126,Z,,,,,42.4,Z,6.1733,Z,338,Z,19.27,Z,35.568,Z,35.6452,Z,35.6794,Z,56.59,Z,18.4322,Z,18.4421,Z,18.4291,Z,18.4361,Z,11,Z,,,13.74,Z,true,true,true,false,true,true,true,true,true,true,true,true,false,true,POINT (151.74766540527344 -33.851844787597656)
soop_sst_nrt_trajectory_data.fid--1f707f45_1989dc45aa9_7844,12530,2753385,VRZN9,Pacific Celebes,,2010-08-11T12:11:00Z,Z,-33.847,Z,151.753,Z,14.27,Z,997.22,Z,4.6994,Z,4.7096,Z,4.7125,Z,,,,,42.7,Z,6.2248,Z,338,Z,18.85,Z,35.5679,Z,35.6447,Z,35.6814,Z,57.54,Z,18.4284,Z,18.4397,Z,18.4258,Z,18.4302,Z,11,Z,,,13.28,Z,true,true,true,false,true,true,true,true,true,true,true,true,false,true,POINT (151.7530059814453 -33.847007751464844)
soop_sst_nrt_trajectory_data.fid--1f707f45_1989dc45aa9_7845,12530,2753386,VRZN9,Pacific Celebes,,2010-08-11T12:13:00Z,Z,-33.8419,Z,151.7586,Z,14.34,Z,997.45,Z,4.6992,Z,4.7094,Z,4.7118,Z,,,,,42.4,Z,5.7103,Z,338,Z,16.95,Z,35.5676,Z,35.645,Z,35.6773,Z,62.11,Z,18.4268,Z,18.4374,Z,18.4237,Z,18.4271,Z,10,Z,,,11.85,Z,true,true,true,false,true,true,true,true,true,true,true,true,false,true,POINT (151.75863647460938 -33.84186553955078)
soop_sst_nrt_trajectory_data.fid--1f707f45_1989dc45aa9_7846,12530,2753387,VRZN9,Pacific Celebes,,2010-08-11T12:15:00Z,Z,-33.8371,Z,151.7637,Z,14.3,Z,997.03,Z,4.6993,Z,4.7095,Z,4.712,Z,,,,,42,Z,6.0704,Z,338,Z,20.93,Z,35.5678,Z,35.6453,Z,35.679,Z,58.18,Z,18.4275,Z,18.4381,Z,18.4237,Z,18.4255,Z,12,Z,,,15.47,Z,true,true,true,false,true,true,true,true,true,true,true,true,false,true,POINT (151.76373291015625 -33.83714294433594)
soop_sst_nrt_trajectory_data.fid--1f707f45_1989dc45aa9_7847,12530,2753388,VRZN9,Pacific Celebes,,2010-08-11T12:17:00Z,Z,-33.8325,Z,151.7689,Z,14.31,Z,997.14,Z,4.6994,Z,4.7094,Z,4.7118,Z,,,,,42.9,Z,5.9161,Z,338,Z,18.45,Z,35.5676,Z,35.6447,Z,35.6764,Z,63.72,Z,18.4287,Z,18.4378,Z,18.4248,Z,18.4294,Z,11,Z,,,13.15,Z,true,true,true,false,true,true,true,true,true,true,true,true,false,true,POINT (151.7688751220703 -33.83252716064453)
soop_sst_nrt_trajectory_data.fid--1f707f45_1989dc45aa9_7848,12530,2753389,VRZN9,Pacific Celebes,,2010-08-11T12:19:00Z,Z,-33.8278,Z,151.774,Z,14.19,Z,997.03,Z,4.699,Z,4.7093,Z,4.7115,Z,,,,,42,Z,5.9161,Z,338,Z,20.05,Z,35.5663,Z,35.6442,Z,35.6751,Z,58.54,Z,18.4263,Z,18.4374,Z,18.4233,Z,18.4283,Z,11,Z,,,14.73,Z,true,true,true,false,true,true,true,true,true,true,true,true,false,true,POINT (151.7740020751953 -33.82777786254883)
soop_sst_nrt_trajectory_data.fid--1f707f45_1989dc45aa9_7849,12530,2753390,VRZN9,Pacific Celebes,,2010-08-11T12:21:00Z,Z,-33.823,Z,151.7793,Z,14.19,Z,997.2,Z,4.6988,Z,4.709,Z,4.711,Z,,,,,42.4,Z,5.8132,Z,338,Z,19.1,Z,35.5663,Z,35.6451,Z,35.6728,Z,58.15,Z,18.4243,Z,18.4334,Z,18.4211,Z,18.4252,Z,11,Z,,,13.88,Z,true,true,true,false,true,true,true,true,true,true,true,true,false,true,POINT (151.77926635742188 -33.82297134399414)
soop_sst_nrt_trajectory_data.fid--1f707f45_1989dc45aa9_784a,12530,2753391,VRZN9,Pacific Celebes,,2010-08-11T12:23:00Z,Z,-33.8181,Z,151.7845,Z,14.14,Z,996.95,Z,4.6983,Z,4.7085,Z,4.7107,Z,,,,,42.4,Z,6.0704,Z,338,Z,19.77,Z,35.5663,Z,35.6441,Z,35.6736,Z,58.11,Z,18.4195,Z,18.4297,Z,18.4172,Z,18.4218,Z,11,Z,,,14.32,Z,true,true,true,false,true,true,true,true,true,true,true,true,false,true,POINT (151.7845458984375 -33.81814956665039)
soop_sst_nrt_trajectory_data.fid--1f707f45_1989dc45aa9_784b,12530,2753392,VRZN9,Pacific Celebes,,2010-08-11T12:25:00Z,Z,-33.8132,Z,151.7898,Z,14.18,Z,997.03,Z,4.698,Z,4.7084,Z,4.7108,Z,,,,,41.9,Z,6.2248,Z,338,Z,19.45,Z,35.5666,Z,35.6437,Z,35.6779,Z,60.5,Z,18.4162,Z,18.4291,Z,18.4132,Z,18.4169,Z,10,Z,,,13.88,Z,true,true,true,false,true,true,true,true,true,true,true,true,false,true,POINT (151.78982543945312 -33.81324005126953)
soop_sst_nrt_trajectory_data.fid--1f707f45_1989dc45aa9_784c,12530,2753393,VRZN9,Pacific Celebes,,2010-08-11T12:27:00Z,Z,-33.8084,Z,151.7952,Z,14.17,Z,996.93,Z,4.6977,Z,4.7077,Z,4.7099,Z,,,,,42.8,Z,6.2248,Z,338,Z,19.15,Z,35.5672,Z,35.6412,Z,35.6743,Z,61.22,Z,18.4125,Z,18.4252,Z,18.4086,Z,18.4148,Z,11,Z,,,13.58,Z,true,true,true,false,true,true,true,true,true,true,true,true,false,true,POINT (151.79522705078125 -33.80836486816406)
soop_sst_nrt_trajectory_data.fid--1f707f45_1989dc45aa9_784d,12530,2753394,VRZN9,Pacific Celebes,,2010-08-11T12:29:00Z,Z,-33.8034,Z,151.8004,Z,14.14,Z,997.28,Z,4.6969,Z,4.7073,Z,4.7097,Z,,,,,41.3,Z,5.9676,Z,338,Z,18.93,Z,35.5636,Z,35.6429,Z,35.6745,Z,61.86,Z,18.4089,Z,18.4193,Z,18.4064,Z,18.4104,Z,10,Z,,,13.58,Z,true,true,true,false,true,true,true,true,true,true,true,true,false,true,POINT (151.80044555664062 -33.80339813232422)
soop_sst_nrt_trajectory_data.fid--1f707f45_1989dc45aa9_784e,12530,2753395,VRZN9,Pacific Celebes,,2010-08-11T12:31:00Z,Z,-33.7987,Z,151.8056,Z,14.1,Z,997.1,Z,4.6971,Z,4.707,Z,4.709,Z,,,,,42.7,Z,5.7103,Z,338,Z,19.5,Z,35.5679,Z,35.6428,Z,35.6719,Z,60.79,Z,18.4058,Z,18.4165,Z,18.4026,Z,18.4102,Z,12,Z,,,14.37,Z,true,true,true,false,true,true,true,true,true,true,true,true,false,true,POINT (151.80563354492188 -33.79869842529297)
soop_sst_nrt_trajectory_data.fid--1f707f45_1989dc45aa9_784f,12530,2753396,VRZN9,Pacific Celebes,,2010-08-11T12:33:00Z,Z,-33.794,Z,151.8107,Z,14.02,Z,996.93,Z,4.6967,Z,4.7069,Z,4.7092,Z,,,,,42.1,Z,5.8132,Z,338,Z,19.62,Z,35.5664,Z,35.6438,Z,35.6757,Z,59.74,Z,18.4037,Z,18.4143,Z,18.4001,Z,18.4081,Z,11,Z,,,14.4,Z,true,true,true,false,true,true,true,true,true,true,true,true,false,true,POINT (151.8107452392578 -33.79397964477539)
soop_sst_nrt_trajectory_data.fid--1f707f45_1989dc45aa9_7850,12530,2753397,VRZN9,Pacific Celebes,,2010-08-11T12:36:00Z,H,-33.7892,Z,151.816,Z,14.02,Z,996.94,Z,4.6968,Z,4.7069,Z,4.7092,Z,,,,,42.6,Z,5.8132,Z,338,Z,20.15,Z,35.5653,Z,35.6425,Z,35.6727,Z,59.11,Z,18.4059,Z,18.4159,Z,18.4036,Z,18.412,Z,12,Z,,,14.92,Z,true,true,true,false,true,true,true,true,true,true,true,true,false,true,POINT (151.8159942626953 -33.78921127319336)
soop_sst_nrt_trajectory_data.fid--1f707f45_1989dc45aa9_7851,12530,2753398,VRZN9,Pacific Celebes,,2010-08-11T12:38:00Z,Z,-33.7844,Z,151.8212,Z,13.97,Z,996.94,Z,4.6979,Z,4.7078,Z,4.7102,Z,,,,,42.3,Z,6.0704,Z,338,Z,20.05,Z,35.5682,Z,35.6434,Z,35.6756,Z,60,Z,18.4133,Z,18.4236,Z,18.41,Z,18.4154,Z,11,Z,,,14.6,Z,true,true,true,false,true,true,true,true,true,true,true,true,false,true,POINT (151.8212432861328 -33.784385681152344)
soop_sst_nrt_trajectory_data.fid--1f707f45_1989dc45aa9_7852,12530,2753399,VRZN9,Pacific Celebes,,2010-08-11T12:40:00Z,Z,-33.7795,Z,151.8265,Z,14.05,Z,996.95,Z,4.699,Z,4.7089,Z,4.7113,Z,,,,,42.2,Z,6.0704,Z,338,Z,19.57,Z,35.5685,Z,35.6428,Z,35.675,Z,63.63,Z,18.4238,Z,18.4351,Z,18.4215,Z,18.4237,Z,11,Z,,,14.13,Z,true,true,true,false,true,true,true,true,true,true,true,true,false,true,POINT (151.8265380859375 -33.77950668334961)
soop_sst_nrt_trajectory_data.fid--1f707f45_1989dc45aa9_7853,12530,2753400,VRZN9,Pacific Celebes,,2010-08-11T12:42:00Z,Z,-33.7745,Z,151.8319,Z,14,Z,996.79,Z,4.7003,Z,4.7104,Z,4.7125,Z,,,,,42.1,Z,6.1733,Z,338,Z,20.02,Z,35.5676,Z,35.6435,Z,35.6739,Z,61.41,Z,18.4375,Z,18.449,Z,18.4345,Z,18.4332,Z,11,Z,,,14.48,Z,true,true,true,false,true,true,true,true,true,true,true,true,false,true,POINT (151.83193969726562 -33.774513244628906)
soop_sst_nrt_trajectory_data.fid--1f707f45_1989dc45aa9_7854,12530,2753401,VRZN9,Pacific Celebes,,2010-08-11T12:44:00Z,Z,-33.7695,Z,151.8374,Z,13.98,Z,996.86,Z,4.7015,Z,4.7116,Z,4.7141,Z,,,,,42.4,Z,6.2248,Z,338,Z,19.63,Z,35.5657,Z,35.643,Z,35.6763,Z,62.5,Z,18.4515,Z,18.4613,Z,18.4474,Z,18.4434,Z,11,Z,,,14.05,Z,true,true,true,false,true,true,true,true,true,true,true,true,false,true,POINT (151.83737182617188 -33.76953887939453)
soop_sst_nrt_trajectory_data.fid--1f707f45_1989dc45aa9_7855,12530,2753402,VRZN9,Pacific Celebes,,2010-08-11T12:46:00Z,Z,-33.7643,Z,151.843,Z,14,Z,996.67,Z,4.7028,Z,4.7132,Z,4.7155,Z,,,,,42.1,Z,5.9676,Z,338,Z,19.79,Z,35.5655,Z,35.6449,Z,35.6774,Z,63.4,Z,18.4645,Z,18.4747,Z,18.4598,Z,18.4525,Z,11,Z,,,14.43,Z,true,true,true,false,true,true,true,true,true,true,true,true,false,true,POINT (151.84300231933594 -33.76433181762695)
soop_sst_nrt_trajectory_data.fid--1f707f45_1989dc45aa9_7856,12530,2753403,VRZN9,Pacific Celebes,,2010-08-11T12:48:00Z,Z,-33.7594,Z,151.8483,Z,13.92,Z,996.81,Z,4.7041,Z,4.7141,Z,4.7163,Z,,,,,41.9,Z,6.2248,Z,338,Z,20.32,Z,35.5676,Z,35.6424,Z,35.6743,Z,63.04,Z,18.4748,Z,18.4864,Z,18.4712,Z,18.4597,Z,11,Z,,,14.73,Z,true,true,true,false,true,true,true,true,true,true,true,true,false,true,POINT (151.84832763671875 -33.759376525878906)
soop_sst_nrt_trajectory_data.fid--1f707f45_1989dc45aa9_7857,12530,2753404,VRZN9,Pacific Celebes,,2010-08-11T12:50:00Z,Z,-33.7544,Z,151.8537,Z,13.89,Z,997.17,Z,4.7047,Z,4.7147,Z,4.7176,Z,,,,,41.8,Z,6.482,Z,338,Z,19.54,Z,35.5674,Z,35.6437,Z,35.6804,Z,63.52,Z,18.4809,Z,18.4908,Z,18.4768,Z,18.4669,Z,10,Z,,,13.75,Z,true,true,true,false,true,true,true,true,true,true,true,true,false,true,POINT (151.85369873046875 -33.75436019897461)
soop_sst_nrt_trajectory_data.fid--1f707f45_1989dc45aa9_7858,12530,2753405,VRZN9,Pacific Celebes,,2010-08-11T12:52:00Z,Z,-33.7493,Z,151.859,Z,13.93,Z,996.98,Z,4.7051,Z,4.7151,Z,4.7177,Z,,,,,41.1,Z,6.1733,Z,338,Z,19.8,Z,35.566,Z,35.6425,Z,35.6762,Z,64.41,Z,18.4865,Z,18.4961,Z,18.4827,Z,18.4718,Z,10,Z,,,14.26,Z,true,true,true,false,true,true,true,true,true,true,true,true,false,true,POINT (151.85899353027344 -33.74928665161133)
soop_sst_nrt_trajectory_data.fid--1f707f45_1989dc45aa9_7859,12530,2753406,VRZN9,Pacific Celebes,,2010-08-11T12:54:00Z,Z,-33.7443,Z,151.8643,Z,13.88,Z,996.92,Z,4.7057,Z,4.7157,Z,4.7182,Z,,,,,41.9,Z,6.3277,Z,338,Z,20.05,Z,35.5677,Z,35.6426,Z,35.6765,Z,63.49,Z,18.4904,Z,18.5018,Z,18.4872,Z,18.4754,Z,10,Z,,,14.38,Z,true,true,true,false,true,true,true,true,true,true,true,true,false,true,POINT (151.8643035888672 -33.74433898925781)
soop_sst_nrt_trajectory_data.fid--1f707f45_1989dc45aa9_785a,12530,2753407,VRZN9,Pacific Celebes,,2010-08-11T12:56:00Z,Z,-33.7395,Z,151.8694,Z,13.9,Z,997.19,Z,4.7059,Z,4.7162,Z,4.7186,Z,,,,,41.5,Z,5.6589,Z,338,Z,20.95,Z,35.567,Z,35.6455,Z,35.6777,Z,63.63,Z,18.4932,Z,18.5034,Z,18.4897,Z,18.4794,Z,12,Z,,,15.85,Z,true,true,true,false,true,true,true,true,true,true,true,true,false,true,POINT (151.86944580078125 -33.73948287963867)
soop_sst_nrt_trajectory_data.fid--1f707f45_1989dc45aa9_785b,12530,2753408,VRZN9,Pacific Celebes,,2010-08-11T12:58:00Z,Z,-33.7347,Z,151.8745,Z,13.9,Z,996.93,Z,4.7061,Z,4.7159,Z,4.7189,Z,,,,,41.4,Z,5.7103,Z,338,Z,19.79,Z,35.5669,Z,35.6408,Z,35.6781,Z,64.41,Z,18.4952,Z,18.5058,Z,18.4922,Z,18.4827,Z,11,Z,,,14.65,Z,true,true,true,false,true,true,true,true,true,true,true,true,false,true,POINT (151.87449645996094 -33.734703063964844)
soop_sst_nrt_trajectory_data.fid--1f707f45_1989dc45aa9_785c,12530,2753409,VRZN9,Pacific Celebes,,2010-08-11T13:00:00Z,Z,-33.7299,Z,151.8795,Z,13.85,Z,996.77,Z,4.7059,Z,4.7159,Z,4.7188,Z,,,,,41.1,Z,5.9676,Z,338,Z,19.88,Z,35.5663,Z,35.6416,Z,35.6786,Z,64.38,Z,18.4939,Z,18.5049,Z,18.4907,Z,18.4847,Z,10,Z,,,14.52,Z,true,true,true,false,true,true,true,true,true,true,true,true,false,true,POINT (151.87950134277344 -33.729915618896484)
soop_sst_nrt_trajectory_data.fid--1f707f45_1989dc45aa9_785d,12530,2753410,VRZN9,Pacific Celebes,,2010-08-11T13:02:00Z,Z,-33.7249,Z,151.8848,Z,13.85,Z,996.99,Z,4.7059,Z,4.7161,Z,4.7188,Z,,,,,41.4,Z,5.4531,Z,338,Z,20.5,Z,35.5669,Z,35.6429,Z,35.6784,Z,61.22,Z,18.4933,Z,18.5054,Z,18.4909,Z,18.4884,Z,12,Z,,,15.58,Z,true,true,true,false,true,true,true,true,true,true,true,true,false,true,POINT (151.88482666015625 -33.724876403808594)
soop_sst_nrt_trajectory_data.fid--1f707f45_1989dc45aa9_785e,12530,2753411,VRZN9,Pacific Celebes,,2010-08-11T13:04:00Z,Z,-33.7201,Z,151.8898,Z,13.88,Z,997,Z,4.7064,Z,4.7165,Z,4.7193,Z,,,,,41.3,Z,5.4017,Z,338,Z,19.85,Z,35.5671,Z,35.6441,Z,35.6806,Z,65.56,Z,18.4979,Z,18.5079,Z,18.4932,Z,18.4977,Z,12,Z,,,14.98,Z,true,true,true,false,true,true,true,true,true,true,true,true,false,true,POINT (151.8898468017578 -33.72010040283203)
soop_sst_nrt_trajectory_data.fid--1f707f45_1989dc45aa9_785f,12530,2753412,VRZN9,Pacific Celebes,,2010-08-11T13:06:00Z,Z,-33.7153,Z,151.8948,Z,13.89,Z,996.88,Z,4.7083,Z,4.7184,Z,4.7212,Z,,,,,40.7,Z,6.3277,Z,338,Z,20.75,Z,35.5704,Z,35.6467,Z,35.6822,Z,61.63,Z,18.5127,Z,18.5235,Z,18.5099,Z,18.5201,Z,10,Z,,,15.07,Z,true,true,true,false,true,true,true,true,true,true,true,true,false,true,POINT (151.8948211669922 -33.71527099609375)
soop_sst_nrt_trajectory_data.fid--1f707f45_1989dc45aa9_7860,12530,2753413,VRZN9,Pacific Celebes,,2010-08-11T13:08:00Z,Z,-33.7103,Z,151.9,Z,13.93,Z,996.85,Z,4.7109,Z,4.7211,Z,4.7241,Z,,,,,41.2,Z,5.6589,Z,338,Z,20.25,Z,35.5682,Z,35.6449,Z,35.6824,Z,65.8,Z,18.5407,Z,18.552,Z,18.538,Z,18.5384,Z,11,Z,,,15.15,Z,true,true,true,false,true,true,true,true,true,true,true,true,false,true,POINT (151.8999786376953 -33.71034622192383)
soop_sst_nrt_trajectory_data.fid--1f707f45_1989dc45aa9_7861,12530,2753414,VRZN9,Pacific Celebes,,2010-08-11T13:10:00Z,Z,-33.7054,Z,151.9052,Z,13.9,Z,996.97,Z,4.7121,Z,4.7222,Z,4.7247,Z,,,,,41.7,Z,5.8132,Z,338,Z,20.1,Z,35.5644,Z,35.6424,Z,35.6741,Z,64.43,Z,18.5569,Z,18.5656,Z,18.5535,Z,18.5418,Z,11,Z,,,14.87,Z,true,true,true,false,true,true,true,true,true,true,true,true,false,true,POINT (151.9051971435547 -33.705448150634766)
soop_sst_nrt_trajectory_data.fid--1f707f45_1989dc45aa9_7862,12530,2753415,VRZN9,Pacific Celebes,,2010-08-11T13:12:00Z,Z,-33.7006,Z,151.9102,Z,13.86,Z,996.92,Z,4.7109,Z,4.7204,Z,4.7231,Z,,,,,40.3,Z,5.7103,Z,338,Z,20.63,Z,35.5637,Z,35.6327,Z,35.6695,Z,61.11,Z,18.5459,Z,18.5592,Z,18.5432,Z,18.5298,Z,10,Z,,,15.48,Z,true,true,true,false,true,true,true,true,true,true,true,true,false,true,POINT (151.91015625 -33.70055389404297)
soop_sst_nrt_trajectory_data.fid--1f707f45_1989dc45aa9_7863,12530,2753416,VRZN9,Pacific Celebes,,2010-08-11T13:14:00Z,Z,-33.6959,Z,151.9152,Z,13.86,Z,996.75,Z,4.7072,Z,4.717,Z,4.7195,Z,,,,,42,Z,5.9676,Z,338,Z,20.57,Z,35.5544,Z,35.6281,Z,35.6624,Z,61.68,Z,18.5204,Z,18.5313,Z,18.5161,Z,18.5066,Z,12,Z,,,15.2,Z,true,true,true,false,true,true,true,true,true,true,true,true,false,true,POINT (151.91522216796875 -33.69585037231445)
soop_sst_nrt_trajectory_data.fid--1f707f45_1989dc45aa9_7864,12530,2753417,VRZN9,Pacific Celebes,,2010-08-11T13:16:00Z,Z,-33.6911,Z,151.9204,Z,13.84,Z,996.61,Z,4.7025,Z,4.713,Z,4.7147,Z,,,,,41.9,Z,5.8132,Z,338,Z,21.3,Z,35.5488,Z,35.6294,Z,35.6554,Z,61.61,Z,18.4808,Z,18.4906,Z,18.4773,Z,18.4716,Z,12,Z,,,16.06,Z,true,true,true,false,true,true,true,true,true,true,true,true,false,true,POINT (151.9203643798828 -33.691062927246094)
soop_sst_nrt_trajectory_data.fid--1f707f45_1989dc45aa9_7865,12530,2753418,VRZN9,Pacific Celebes,,2010-08-11T13:18:00Z,Z,-33.686,Z,151.9258,Z,13.88,Z,996.74,Z,4.6979,Z,4.708,Z,4.7099,Z,,,,,41.9,Z,5.8132,Z,338,Z,21.95,Z,35.5556,Z,35.6258,Z,35.6595,Z,63.81,Z,18.4279,Z,18.4459,Z,18.4256,Z,18.4348,Z,12,Z,,,16.7,Z,true,true,true,false,true,true,true,true,true,true,true,true,false,true,POINT (151.92581176757812 -33.68598556518555)
soop_sst_nrt_trajectory_data.fid--1f707f45_1989dc45aa9_7866,12530,2753419,VRZN9,Pacific Celebes,,2010-08-11T13:20:00Z,Z,-33.6811,Z,151.9312,Z,13.86,Z,996.64,Z,4.6922,Z,4.7017,Z,4.704,Z,,,,,42.5,Z,5.9676,Z,338,Z,21.12,Z,35.5553,Z,35.6218,Z,35.6586,Z,63.45,Z,18.3723,Z,18.3888,Z,18.3689,Z,18.381,Z,12,Z,,,15.75,Z,true,true,true,false,true,true,true,true,true,true,true,true,false,true,POINT (151.93115234375 -33.681121826171875)
soop_sst_nrt_trajectory_data.fid--1f707f45_1989dc45aa9_7867,12530,2753420,VRZN9,Pacific Celebes,,2010-08-11T13:22:00Z,Z,-33.6763,Z,151.9362,Z,13.84,Z,996.98,Z,4.6851,Z,4.695,Z,4.6961,Z,,,,,41.4,Z,5.9161,Z,338,Z,20.71,Z,35.5528,Z,35.6228,Z,35.653,Z,65.23,Z,18.3055,Z,18.322,Z,18.298,Z,18.3122,Z,11,Z,,,15.39,Z,true,true,true,false,true,true,true,true,true,true,true,true,false,true,POINT (151.9362030029297 -33.676326751708984)
soop_sst_nrt_trajectory_data.fid--1f707f45_1989dc45aa9_7868,12530,2753421,VRZN9,Pacific Celebes,,2010-08-11T13:24:00Z,Z,-33.6714,Z,151.9413,Z,13.85,Z,996.55,Z,4.6761,Z,4.6858,Z,4.6882,Z,,,,,41.3,Z,6.1733,Z,338,Z,19.85,Z,35.5475,Z,35.6121,Z,35.652,Z,64.9,Z,18.2233,Z,18.2442,Z,18.2218,Z,18.25,Z,10,Z,,,14.31,Z,true,true,true,false,true,true,true,true,true,true,true,true,false,true,POINT (151.94134521484375 -33.67143630981445)
soop_sst_nrt_trajectory_data.fid--1f707f45_1989dc45aa9_7869,12530,2753422,VRZN9,Pacific Celebes,,2010-08-11T13:26:00Z,Z,-33.6665,Z,151.9466,Z,13.85,Z,996.52,Z,4.6667,Z,4.6772,Z,4.6783,Z,,,,,41.5,Z,6.1733,Z,338,Z,20.75,Z,35.5485,Z,35.6202,Z,35.6503,Z,66.01,Z,18.1298,Z,18.1505,Z,18.1268,Z,18.1708,Z,11,Z,,,15.2,Z,true,true,true,false,true,true,true,true,true,true,true,true,false,true,POINT (151.9465789794922 -33.66649627685547)
soop_sst_nrt_trajectory_data.fid--1f707f45_1989dc45aa9_786a,12530,2753423,VRZN9,Pacific Celebes,,2010-08-11T13:28:00Z,Z,-33.6616,Z,151.9519,Z,13.82,Z,996.81,Z,4.6589,Z,4.6682,Z,4.6708,Z,,,,,42,Z,6.2248,Z,338,Z,19.82,Z,35.553,Z,35.618,Z,35.6563,Z,66.5,Z,18.048,Z,18.0647,Z,18.0464,Z,18.0937,Z,11,Z,,,14.24,Z,true,true,true,false,true,true,true,true,true,true,true,true,false,true,POINT (151.95188903808594 -33.66157150268555)
soop_sst_nrt_trajectory_data.fid--1f707f45_1989dc45aa9_786b,12530,2753424,VRZN9,Pacific Celebes,,2010-08-11T13:30:00Z,Z,-33.6566,Z,151.9573,Z,13.75,Z,996.67,Z,4.6518,Z,4.6616,Z,4.6637,Z,,,,,42.1,Z,6.482,Z,338,Z,21.15,Z,35.5525,Z,35.6236,Z,35.6562,Z,63.79,Z,17.9787,Z,17.9935,Z,17.9769,Z,18.0481,Z,11,Z,,,15.33,Z,true,true,true,false,true,true,true,true,true,true,true,true,false,true,POINT (151.95730590820312 -33.656558990478516)
soop_sst_nrt_trajectory_data.fid--1f707f45_1989dc45aa9_786c,12530,2753425,VRZN9,Pacific Celebes,,2010-08-11T13:32:00Z,Z,-33.6516,Z,151.9629,Z,13.89,Z,996.48,Z,4.651,Z,4.6609,Z,4.6632,Z,,,,,43.3,Z,6.482,Z,338,Z,20.1,Z,35.5508,Z,35.6306,Z,35.6595,Z,68.12,Z,17.9728,Z,17.9787,Z,17.9682,Z,18.0434,Z,12,Z,,,14.3,Z,true,true,true,false,true,true,true,true,true,true,true,true,false,true,POINT (151.9629364013672 -33.65156555175781)
soop_sst_nrt_trajectory_data.fid--1f707f45_1989dc45aa9_786d,12530,2753426,VRZN9,Pacific Celebes,,2010-08-11T13:34:00Z,Z,-33.6463,Z,151.9687,Z,13.81,Z,996.06,Z,4.6543,Z,4.6645,Z,4.6674,Z,,,,,42.7,Z,6.3277,Z,338,Z,21.5,Z,35.5513,Z,35.6289,Z,35.6651,Z,65.11,Z,18.0047,Z,18.016,Z,18.003,Z,18.0712,Z,12,Z,,,15.81,Z,true,true,true,false,true,true,true,true,true,true,true,true,false,true,POINT (151.96873474121094 -33.64631652832031)
soop_sst_nrt_trajectory_data.fid--1f707f45_1989dc45aa9_786e,12530,2753427,VRZN9,Pacific Celebes,,2010-08-11T13:36:00Z,Z,-33.6413,Z,151.9743,Z,13.84,Z,996.1,Z,4.6595,Z,4.6697,Z,4.6726,Z,,,,,42.7,Z,6.2248,Z,338,Z,21.68,Z,35.5518,Z,35.6311,Z,35.6673,Z,65.91,Z,18.0552,Z,18.0644,Z,18.0514,Z,18.1094,Z,12,Z,,,16.08,Z,true,true,true,false,true,true,true,true,true,true,true,true,false,true,POINT (151.97430419921875 -33.64127731323242)
soop_sst_nrt_trajectory_data.fid--1f707f45_1989dc45aa9_786f,12530,2753428,VRZN9,Pacific Celebes,,2010-08-11T13:38:00Z,Z,-33.6362,Z,151.98,Z,13.85,Z,996.14,Z,4.6654,Z,4.6758,Z,4.6782,Z,,,,,43.2,Z,6.4306,Z,338,Z,22.85,Z,35.5532,Z,35.6326,Z,35.6664,Z,65.31,Z,18.1116,Z,18.1226,Z,18.1073,Z,18.1524,Z,13,Z,,,17.06,Z,true,true,true,false,true,true,true,true,true,true,true,true,false,true,POINT (151.97998046875 -33.636226654052734)
soop_sst_nrt_trajectory_data.fid--1f707f45_1989dc45aa9_7870,12530,2753429,VRZN9,Pacific Celebes,,2010-08-11T13:40:00Z,Z,-33.6312,Z,151.9857,Z,13.84,Z,996.17,Z,4.6713,Z,4.6816,Z,4.6844,Z,,,,,43.7,Z,6.3277,Z,338,Z,22.13,Z,35.5566,Z,35.6345,Z,35.6695,Z,67.15,Z,18.1657,Z,18.1772,Z,18.1645,Z,18.1942,Z,13,Z,,,16.43,Z,true,true,true,false,true,true,true,true,true,true,true,true,false,true,POINT (151.9857177734375 -33.63121032714844)
soop_sst_nrt_trajectory_data.fid--1f707f45_1989dc45aa9_7871,12530,2753430,VRZN9,Pacific Celebes,,2010-08-11T13:42:00Z,Z,-33.6261,Z,151.9913,Z,13.81,Z,996.34,Z,4.6759,Z,4.6867,Z,4.6892,Z,,,,,42.9,Z,6.4306,Z,338,Z,21.6,Z,35.5527,Z,35.6343,Z,35.6691,Z,67.61,Z,18.2154,Z,18.2275,Z,18.212,Z,18.2347,Z,12,Z,,,15.82,Z,true,true,true,false,true,true,true,true,true,true,true,true,false,true,POINT (151.9913330078125 -33.62614822387695)
soop_sst_nrt_trajectory_data.fid--1f707f45_1989dc45aa9_7872,12530,2753431,VRZN9,Pacific Celebes,,2010-08-11T13:44:00Z,Z,-33.6213,Z,151.997,Z,13.78,Z,996.3,Z,4.6803,Z,4.6913,Z,4.6937,Z,,,,,44.3,Z,6.4306,Z,338,Z,20.82,Z,35.5521,Z,35.6371,Z,35.6701,Z,67.18,Z,18.2593,Z,18.2693,Z,18.2549,Z,18.2693,Z,13,Z,,,15.05,Z,true,true,true,false,true,true,true,true,true,true,true,true,false,true,POINT (151.99703979492188 -33.62126159667969)
soop_sst_nrt_trajectory_data.fid--1f707f45_1989dc45aa9_7873,12530,2753432,VRZN9,Pacific Celebes,,2010-08-11T13:46:00Z,Z,-33.6164,Z,152.0026,Z,13.8,Z,995.99,Z,4.6854,Z,4.6957,Z,4.6982,Z,,,,,43.7,Z,6.2248,Z,338,Z,21.87,Z,35.5596,Z,35.6389,Z,35.672,Z,66.44,Z,18.3007,Z,18.3104,Z,18.2968,Z,18.3038,Z,13,Z,,,16.27,Z,true,true,true,false,true,true,true,true,true,true,true,true,false,true,POINT (152.00257873535156 -33.61641311645508)
soop_sst_nrt_trajectory_data.fid--1f707f45_1989dc45aa9_7874,12530,2753433,VRZN9,Pacific Celebes,,2010-08-11T13:48:00Z,Z,-33.6114,Z,152.0083,Z,13.8,Z,996,Z,4.6893,Z,4.6994,Z,4.702,Z,,,,,44,Z,5.556,Z,338,Z,20.65,Z,35.5616,Z,35.6391,Z,35.6736,Z,65.33,Z,18.3366,Z,18.3464,Z,18.3321,Z,18.3349,Z,14,Z,,,15.64,Z,true,true,true,false,true,true,true,true,true,true,true,true,false,true,POINT (152.00833129882812 -33.611427307128906)
soop_sst_nrt_trajectory_data.fid--1f707f45_1989dc45aa9_7875,12530,2753434,VRZN9,Pacific Celebes,,2010-08-11T13:50:00Z,Z,-33.6066,Z,152.0138,Z,13.82,Z,996.09,Z,4.693,Z,4.7031,Z,4.7056,Z,,,,,43.9,Z,6.3277,Z,338,Z,22.21,Z,35.5652,Z,35.6403,Z,35.6745,Z,66.91,Z,18.3688,Z,18.3812,Z,18.3663,Z,18.367,Z,14,Z,,,16.51,Z,true,true,true,false,true,true,true,true,true,true,true,true,false,true,POINT (152.0138397216797 -33.60663986206055)
soop_sst_nrt_trajectory_data.fid--1f707f45_1989dc45aa9_7876,12530,2753435,VRZN9,Pacific Celebes,,2010-08-11T13:52:00Z,Z,-33.6018,Z,152.0195,Z,13.76,Z,996.39,Z,4.6966,Z,4.7068,Z,4.7094,Z,,,,,44.2,Z,6.0704,Z,338,Z,21.52,Z,35.5655,Z,35.6428,Z,35.6756,Z,64.8,Z,18.4037,Z,18.4145,Z,18.4022,Z,18.3987,Z,14,Z,,,16.05,Z,true,true,true,false,true,true,true,true,true,true,true,true,false,true,POINT (152.0194854736328 -33.601783752441406)
soop_sst_nrt_trajectory_data.fid--1f707f45_1989dc45aa9_7877,12597,2792870,VRZN9,Pacific Celebes,,2010-10-30T07:23:00Z,Z,-33.6021,Z,152.2475,Z,21.89,Z,1010.07,Z,5.0212,Z,5.0316,Z,5.0328,Z,,,,,201.1,Z,7.2537,Z,16,Z,7.44,Z,35.4705,Z,35.5455,Z,35.5636,Z,81.7,Z,21.6709,Z,21.6802,Z,21.6697,Z,21.6,Z,294,Z,,,2.05,Z,true,true,true,false,true,true,true,true,true,true,true,true,false,true,POINT (152.24754333496094 -33.60207748413086)
soop_sst_nrt_trajectory_data.fid--1f707f45_1989dc45aa9_7878,12597,2792871,VRZN9,Pacific Celebes,,2010-10-30T07:25:00Z,Z,-33.6096,Z,152.2441,Z,21.84,Z,1009.91,Z,5.0211,Z,5.0318,Z,5.0329,Z,,,,,200.8,Z,7.5109,Z,24,Z,8.82,Z,35.4669,Z,35.5448,Z,35.5619,Z,81.58,Z,21.6744,Z,21.6829,Z,21.6728,Z,21.6007,Z,282,Z,,,3.63,Z,true,true,true,false,true,true,true,true,true,true,true,true,false,true,POINT (152.244140625 -33.60956954956055)
soop_sst_nrt_trajectory_data.fid--1f707f45_1989dc45aa9_7879,12597,2792872,VRZN9,Pacific Celebes,,2010-10-30T07:27:00Z,Z,-33.617,Z,152.2408,Z,21.79,Z,1010.06,Z,5.0213,Z,5.0318,Z,5.0333,Z,,,,,200.8,Z,7.3566,Z,46,Z,7.07,Z,35.4671,Z,35.5422,Z,35.5647,Z,81.44,Z,21.676,Z,21.6861,Z,21.6732,Z,21.6017,Z,316,Z,,,5.64,Z,true,true,true,false,true,true,true,true,true,true,true,true,false,true,POINT (152.24075317382812 -33.617034912109375)
soop_sst_nrt_trajectory_data.fid--1f707f45_1989dc45aa9_787a,12597,2792873,VRZN9,Pacific Celebes,,2010-10-30T07:29:00Z,Z,-33.6245,Z,152.2373,Z,21.79,Z,1009.8,Z,5.0207,Z,5.0314,Z,5.0323,Z,,,,,200.9,Z,7.4594,Z,331,Z,8.81,Z,35.466,Z,35.5431,Z,35.5595,Z,82.09,Z,21.6716,Z,21.6811,Z,21.6699,Z,21.5993,Z,114,Z,,,4.28,Z,true,true,true,false,true,true,true,true,true,true,true,true,false,true,POINT (152.23733520507812 -33.6245231628418)
soop_sst_nrt_trajectory_data.fid--1f707f45_1989dc45aa9_787b,12597,2792874,VRZN9,Pacific Celebes,,2010-10-30T07:31:00Z,Z,-33.632,Z,152.2339,Z,21.73,Z,1009.91,Z,5.0208,Z,5.0315,Z,5.0328,Z,,,,,200.8,Z,7.3566,Z,321,Z,9.03,Z,35.4664,Z,35.5428,Z,35.5627,Z,82.15,Z,21.6721,Z,21.6824,Z,21.6708,Z,21.5996,Z,107,Z,,,5.69,Z,true,true,true,false,true,true,true,true,true,true,true,true,false,true,POINT (152.2339324951172 -33.632022857666016)
soop_sst_nrt_trajectory_data.fid--1f707f45_1989dc45aa9_787c,12597,2792875,VRZN9,Pacific Celebes,,2010-10-30T07:33:00Z,Z,-33.6398,Z,152.2304,Z,21.67,Z,1009.95,Z,5.0224,Z,5.0326,Z,5.0345,Z,,,,,200.9,Z,7.3566,Z,13,Z,7.51,Z,35.4709,Z,35.5442,Z,35.5681,Z,82.15,Z,21.682,Z,21.6913,Z,21.6807,Z,21.6118,Z,292,Z,,,1.69,Z,true,true,true,false,true,true,true,true,true,true,true,true,false,true,POINT (152.23037719726562 -33.63981628417969)
soop_sst_nrt_trajectory_data.fid--1f707f45_1989dc45aa9_787d,12597,2792876,VRZN9,Pacific Celebes,,2010-10-30T07:35:00Z,Z,-33.6473,Z,152.227,Z,21.68,Z,1009.95,Z,5.0249,Z,5.0352,Z,5.0374,Z,,,,,200.8,Z,7.3566,Z,52,Z,8.69,Z,35.4741,Z,35.5492,Z,35.5747,Z,82.75,Z,21.7022,Z,21.7103,Z,21.7005,Z,21.6264,Z,307,Z,,,7.14,Z,true,true,true,false,true,true,true,true,true,true,true,true,false,true,POINT (152.22698974609375 -33.64726257324219)
soop_sst_nrt_trajectory_data.fid--1f707f45_1989dc45aa9_787e,12597,2792877,VRZN9,Pacific Celebes,,2010-10-30T07:37:00Z,Z,-33.6547,Z,152.2236,Z,21.64,Z,1009.9,Z,5.0272,Z,5.0378,Z,5.0392,Z,,,,,200.8,Z,7.2537,Z,240,Z,9.18,Z,35.4799,Z,35.5568,Z,35.576,Z,82.73,Z,21.7174,Z,21.726,Z,21.7163,Z,21.6449,Z,55,Z,,,14.26,Z,true,true,true,false,true,true,true,true,true,true,true,true,false,true,POINT (152.22360229492188 -33.65473556518555)
soop_sst_nrt_trajectory_data.fid--1f707f45_1989dc45aa9_787f,12597,2792878,VRZN9,Pacific Celebes,,2010-10-30T07:39:00Z,Z,-33.6622,Z,152.2202,Z,21.62,Z,1010.04,Z,5.0288,Z,5.0399,Z,5.0408,Z,,,,,200.8,Z,7.3566,Z,113,Z,7.59,Z,35.4833,Z,35.5632,Z,35.5796,Z,82.51,Z,21.7286,Z,21.7385,Z,21.7273,Z,21.6539,Z,347,Z,,,12.46,Z,true,true,true,false,true,true,true,true,true,true,true,true,false,true,POINT (152.22021484375 -33.66221237182617)
soop_sst_nrt_trajectory_data.fid--1f707f45_1989dc45aa9_7880,12597,2792879,VRZN9,Pacific Celebes,,2010-10-30T07:41:00Z,Z,-33.6697,Z,152.2168,Z,21.65,Z,1010.02,Z,5.0304,Z,5.0414,Z,5.0422,Z,,,,,200.7,Z,7.3566,Z,333,Z,8.89,Z,35.489,Z,35.5683,Z,35.583,Z,83.08,Z,21.7371,Z,21.7468,Z,21.7366,Z,21.6613,Z,119,Z,,,4.08,Z,true,true,true,false,true,true,true,true,true,true,true,true,false,true,POINT (152.2168426513672 -33.669654846191406)
soop_sst_nrt_trajectory_data.fid--1f707f45_1989dc45aa9_7881,12597,2792880,VRZN9,Pacific Celebes,,2010-10-30T07:43:00Z,Z,-33.6771,Z,152.2135,Z,21.64,Z,1010.1,Z,5.0313,Z,5.0424,Z,5.0431,Z,,,,,200.7,Z,7.2022,Z,35,Z,7.25,Z,35.4919,Z,35.5723,Z,35.587,Z,83.26,Z,21.7423,Z,21.7515,Z,21.7404,Z,21.6667,Z,308,Z,,,4.35,Z,true,true,true,false,true,true,true,true,true,true,true,true,false,true,POINT (152.2135009765625 -33.67706298828125)
soop_sst_nrt_trajectory_data.fid--1f707f45_1989dc45aa9_7882,12597,2792881,VRZN9,Pacific Celebes,,2010-10-30T07:45:00Z,Z,-33.6845,Z,152.2102,Z,21.63,Z,1010.07,Z,5.032,Z,5.0433,Z,5.0441,Z,,,,,200.3,Z,7.2537,Z,86,Z,8.36,Z,35.4918,Z,35.5736,Z,35.5883,Z,83.38,Z,21.7491,Z,21.7586,Z,21.7485,Z,21.6784,Z,329,Z,,,10.68,Z,true,true,true,false,true,true,true,true,true,true,true,true,false,true,POINT (152.210205078125 -33.68449783325195)
soop_sst_nrt_trajectory_data.fid--1f707f45_1989dc45aa9_7883,12597,2792882,VRZN9,Pacific Celebes,,2010-10-30T07:47:00Z,Z,-33.6919,Z,152.2068,Z,21.62,Z,1010.14,Z,5.0329,Z,5.0442,Z,5.0449,Z,,,,,200.7,Z,7.2537,Z,13,Z,8.06,Z,35.4949,Z,35.5765,Z,35.5905,Z,83.26,Z,21.754,Z,21.7637,Z,21.7535,Z,21.682,Z,272,Z,,,1.91,Z,true,true,true,false,true,true,true,true,true,true,true,true,false,true,POINT (152.20684814453125 -33.691925048828125)
soop_sst_nrt_trajectory_data.fid--1f707f45_1989dc45aa9_7884,12597,2792883,VRZN9,Pacific Celebes,,2010-10-30T07:49:00Z,Z,-33.6997,Z,152.2033,Z,21.61,Z,1009.94,Z,5.0335,Z,5.0446,Z,5.0454,Z,,,,,200.7,Z,7.3566,Z,338,Z,8.82,Z,35.4961,Z,35.5768,Z,35.5917,Z,83.01,Z,21.7583,Z,21.7672,Z,21.7568,Z,21.6823,Z,125,Z,,,3.4,Z,true,true,true,false,true,true,true,true,true,true,true,true,false,true,POINT (152.20333862304688 -33.69970703125)
soop_sst_nrt_trajectory_data.fid--1f707f45_1989dc45aa9_7885,12597,2792884,VRZN9,Pacific Celebes,,2010-10-30T07:51:00Z,Z,-33.7072,Z,152.2,Z,21.57,Z,1009.97,Z,5.0336,Z,5.0451,Z,5.0455,Z,,,,,200.4,Z,7.3566,Z,336,Z,8.82,Z,35.497,Z,35.5807,Z,35.5925,Z,82.73,Z,21.7582,Z,21.7673,Z,21.7568,Z,21.6821,Z,121,Z,,,3.66,Z,true,true,true,false,true,true,true,true,true,true,true,true,false,true,POINT (152.1999969482422 -33.70721435546875)
soop_sst_nrt_trajectory_data.fid--1f707f45_1989dc45aa9_7886,12597,2792885,VRZN9,Pacific Celebes,,2010-10-30T07:53:00Z,Z,-33.7147,Z,152.1966,Z,21.57,Z,1010.03,Z,5.0332,Z,5.0447,Z,5.0454,Z,,,,,200.5,Z,7.5109,Z,349,Z,7.67,Z,35.499,Z,35.5829,Z,35.596,Z,83.02,Z,21.7519,Z,21.7607,Z,21.7516,Z,21.677,Z,111,Z,,,1.46,Z,true,true,true,false,true,true,true,true,true,true,true,true,false,true,POINT (152.19664001464844 -33.714717864990234)
soop_sst_nrt_trajectory_data.fid--1f707f45_1989dc45aa9_7887,12597,2792886,VRZN9,Pacific Celebes,,2010-10-30T07:55:00Z,Z,-33.7222,Z,152.1933,Z,21.53,Z,1009.85,Z,5.0326,Z,5.0441,Z,5.0445,Z,,,,,200.6,Z,7.5109,Z,37,Z,9.9,Z,35.4992,Z,35.5817,Z,35.5956,Z,82.94,Z,21.7459,Z,21.7565,Z,21.7435,Z,21.6724,Z,287,Z,,,5.97,Z,true,true,true,false,true,true,true,true,true,true,true,true,false,true,POINT (152.19326782226562 -33.722198486328125)
soop_sst_nrt_trajectory_data.fid--1f707f45_1989dc45aa9_7888,12597,2792887,VRZN9,Pacific Celebes,,2010-10-30T07:57:00Z,Z,-33.7297,Z,152.1899,Z,21.53,Z,1009.89,Z,5.0321,Z,5.0433,Z,5.0439,Z,,,,,200.4,Z,7.4594,Z,313,Z,7.9,Z,35.499,Z,35.5809,Z,35.5958,Z,83.16,Z,21.7414,Z,21.7497,Z,21.7374,Z,21.6736,Z,91,Z,,,6.14,Z,true,true,true,false,true,true,true,true,true,true,true,true,false,true,POINT (152.18992614746094 -33.72969436645508)
soop_sst_nrt_trajectory_data.fid--1f707f45_1989dc45aa9_7889,12597,2792888,VRZN9,Pacific Celebes,,2010-10-30T07:59:00Z,Z,-33.7372,Z,152.1866,Z,21.5,Z,1009.95,Z,5.0311,Z,5.0424,Z,5.0431,Z,,,,,200.6,Z,7.3566,Z,4,Z,7.61,Z,35.4984,Z,35.5801,Z,35.5973,Z,83.09,Z,21.7324,Z,21.7421,Z,21.7279,Z,21.6675,Z,267,Z,,,0.58,Z,true,true,true,false,true,true,true,true,true,true,true,true,false,true,POINT (152.18655395507812 -33.737178802490234)
soop_sst_nrt_trajectory_data.fid--1f707f45_1989dc45aa9_788a,12597,2792889,VRZN9,Pacific Celebes,,2010-10-30T08:01:00Z,Z,-33.7447,Z,152.1832,Z,21.5,Z,1009.89,Z,5.0293,Z,5.0403,Z,5.0412,Z,,,,,200.3,Z,7.5109,Z,257,Z,10.28,Z,35.4977,Z,35.5792,Z,35.5948,Z,83.54,Z,21.716,Z,21.723,Z,21.7127,Z,21.657,Z,66,Z,,,14.03,Z,true,true,true,false,true,true,true,true,true,true,true,true,false,true,POINT (152.1832275390625 -33.74468994140625)
soop_sst_nrt_trajectory_data.fid--1f707f45_1989dc45aa9_788b,12597,2792890,VRZN9,Pacific Celebes,,2010-10-30T08:03:00Z,Z,-33.7522,Z,152.1799,Z,21.45,Z,1009.91,Z,5.0272,Z,5.0378,Z,5.0391,Z,,,,,200.4,Z,7.4594,Z,25,Z,10.27,Z,35.4986,Z,35.5762,Z,35.5964,Z,83.23,Z,21.6946,Z,21.7026,Z,21.6906,Z,21.6397,Z,267,Z,,,4.72,Z,true,true,true,false,true,true,true,true,true,true,true,true,false,true,POINT (152.17987060546875 -33.75224304199219)
soop_sst_nrt_trajectory_data.fid--1f707f45_1989dc45aa9_788c,12597,2792891,VRZN9,Pacific Celebes,,2010-10-30T08:05:00Z,Z,-33.7601,Z,152.1762,Z,21.42,Z,1009.87,Z,5.0256,Z,5.0359,Z,5.0382,Z,,,,,201.5,Z,7.5109,Z,354,Z,9.25,Z,35.5041,Z,35.576,Z,35.6048,Z,83.12,Z,21.6726,Z,21.6846,Z,21.6718,Z,21.6226,Z,172,Z,,,1.95,Z,true,true,true,false,true,true,true,true,true,true,true,true,false,true,POINT (152.17616271972656 -33.76011276245117)
soop_sst_nrt_trajectory_data.fid--1f707f45_1989dc45aa9_788d,12597,2792892,VRZN9,Pacific Celebes,,2010-10-30T08:07:00Z,Z,-33.7676,Z,152.1725,Z,21.39,Z,1009.94,Z,5.0244,Z,5.0347,Z,5.0365,Z,,,,,201.9,Z,7.5109,Z,4,Z,9.35,Z,35.515,Z,35.5873,Z,35.6123,Z,83.06,Z,21.6478,Z,21.6594,Z,21.6464,Z,21.5975,Z,222,Z,,,1.93,Z,true,true,true,false,true,true,true,true,true,true,true,true,false,true,POINT (152.1725311279297 -33.76764678955078)
soop_sst_nrt_trajectory_data.fid--1f707f45_1989dc45aa9_788e,12597,2792893,VRZN9,Pacific Celebes,,2010-10-30T08:09:00Z,Z,-33.7752,Z,152.1689,Z,21.38,Z,1009.89,Z,5.023,Z,5.0334,Z,5.0349,Z,,,,,201.7,Z,7.3566,Z,358,Z,8.03,Z,35.5271,Z,35.6007,Z,35.6267,Z,82.97,Z,21.6197,Z,21.6307,Z,21.6136,Z,21.5755,Z,179,Z,,,0.72,Z,true,true,true,false,true,true,true,true,true,true,true,true,false,true,POINT (152.1689453125 -33.775177001953125)
soop_sst_nrt_trajectory_data.fid--1f707f45_1989dc45aa9_788f,12597,2792894,VRZN9,Pacific Celebes,,2010-10-30T08:11:00Z,Z,-33.7827,Z,152.1654,Z,21.38,Z,1009.78,Z,5.0202,Z,5.031,Z,5.0319,Z,,,,,201.6,Z,7.4594,Z,0,Z,8.69,Z,35.5376,Z,35.6119,Z,35.6308,Z,83.47,Z,21.58,Z,21.5941,Z,21.5799,Z,21.5484,Z,202,Z,,,1.23,Z,true,true,true,false,true,true,true,true,true,true,true,true,false,true,POINT (152.16537475585938 -33.782718658447266)
soop_sst_nrt_trajectory_data.fid--1f707f45_1989dc45aa9_7890,12597,2792895,VRZN9,Pacific Celebes,,2010-10-30T08:13:00Z,Z,-33.7903,Z,152.1618,Z,21.3,Z,1010.06,Z,5.0165,Z,5.0278,Z,5.0281,Z,,,,,201.8,Z,7.4594,Z,123,Z,6.86,Z,35.5427,Z,35.6239,Z,35.6365,Z,83.01,Z,21.5382,Z,21.5488,Z,21.5365,Z,21.5119,Z,355,Z,,,12.59,Z,true,true,true,false,true,true,true,true,true,true,true,true,false,true,POINT (152.16175842285156 -33.79025650024414)
soop_sst_nrt_trajectory_data.fid--1f707f45_1989dc45aa9_7891,12597,2792896,VRZN9,Pacific Celebes,,2010-10-30T08:15:00Z,Z,-33.7978,Z,152.1582,Z,21.32,Z,1010.15,Z,5.0123,Z,5.0241,Z,5.0242,Z,,,,,201.4,Z,7.5109,Z,33,Z,6.65,Z,35.5482,Z,35.6304,Z,35.645,Z,83.48,Z,21.4911,Z,21.5054,Z,21.4888,Z,21.4693,Z,320,Z,,,4.11,Z,true,true,true,false,true,true,true,true,true,true,true,true,false,true,POINT (152.15821838378906 -33.79779815673828)
soop_sst_nrt_trajectory_data.fid--1f707f45_1989dc45aa9_7892,12597,2792897,VRZN9,Pacific Celebes,,2010-10-30T08:17:00Z,Z,-33.8054,Z,152.1547,Z,21.3,Z,1010.07,Z,5.008,Z,5.0193,Z,5.0194,Z,,,,,201.4,Z,7.6138,Z,75,Z,9.72,Z,35.5539,Z,35.6337,Z,35.6467,Z,83.66,Z,21.4428,Z,21.4554,Z,21.4406,Z,21.4239,Z,320,Z,,,10.68,Z,true,true,true,false,true,true,true,true,true,true,true,true,false,true,POINT (152.1546630859375 -33.80536651611328)
soop_sst_nrt_trajectory_data.fid--1f707f45_1989dc45aa9_7893,12597,2792898,VRZN9,Pacific Celebes,,2010-10-30T08:19:00Z,Z,-33.8133,Z,152.151,Z,21.23,Z,1010,Z,5.0024,Z,5.0138,Z,5.0153,Z,,,,,201.3,Z,7.5109,Z,315,Z,9.36,Z,35.5518,Z,35.6318,Z,35.6542,Z,83.13,Z,21.3914,Z,21.4048,Z,21.3922,Z,21.3739,Z,104,Z,,,6.68,Z,true,true,true,false,true,true,true,true,true,true,true,true,false,true,POINT (152.1509552001953 -33.813289642333984)
soop_sst_nrt_trajectory_data.fid--1f707f45_1989dc45aa9_7894,12597,2792899,VRZN9,Pacific Celebes,,2010-10-30T08:21:00Z,Z,-33.8209,Z,152.1475,Z,21.22,Z,1009.96,Z,4.9984,Z,5.01,Z,5.0114,Z,,,,,200.9,Z,7.6138,Z,91,Z,9.72,Z,35.553,Z,35.6337,Z,35.6561,Z,83.06,Z,21.3515,Z,21.366,Z,21.3525,Z,21.3416,Z,330,Z,,,12.45,Z,true,true,true,false,true,true,true,true,true,true,true,true,false,true,POINT (152.1474609375 -33.8209342956543)
soop_sst_nrt_trajectory_data.fid--1f707f45_1989dc45aa9_7895,12597,2792900,VRZN9,Pacific Celebes,,2010-10-30T08:23:00Z,Z,-33.8286,Z,152.144,Z,21.2,Z,1009.96,Z,4.9966,Z,5.0084,Z,5.0093,Z,,,,,200.7,Z,7.6138,Z,26,Z,9.94,Z,35.5554,Z,35.6425,Z,35.6594,Z,82.77,Z,21.3312,Z,21.34,Z,21.3283,Z,21.3208,Z,274,Z,,,4.55,Z,true,true,true,false,true,true,true,true,true,true,true,true,false,true,POINT (152.14398193359375 -33.82862854003906)
soop_sst_nrt_trajectory_data.fid--1f707f45_1989dc45aa9_7896,12597,2792901,VRZN9,Pacific Celebes,,2010-10-30T08:25:00Z,Z,-33.8363,Z,152.1405,Z,21.22,Z,1010.03,Z,4.996,Z,5.0076,Z,5.0081,Z,,,,,200.4,Z,7.5109,Z,29,Z,6.88,Z,35.5618,Z,35.6464,Z,35.6615,Z,83.05,Z,21.3177,Z,21.3276,Z,21.3143,Z,21.3156,Z,315,Z,,,3.65,Z,true,true,true,false,true,true,true,true,true,true,true,true,false,true,POINT (152.1405487060547 -33.83632278442383)
soop_sst_nrt_trajectory_data.fid--1f707f45_1989dc45aa9_7897,12597,2792902,VRZN9,Pacific Celebes,,2010-10-30T08:27:00Z,Z,-33.844,Z,152.1372,Z,21.22,Z,1009.93,Z,4.9967,Z,5.0082,Z,5.0083,Z,,,,,200.3,Z,7.6138,Z,30,Z,6.63,Z,35.5689,Z,35.6514,Z,35.665,Z,83.68,Z,21.3159,Z,21.3274,Z,21.312,Z,21.3207,Z,320,Z,,,3.81,Z,true,true,true,false,true,true,true,true,true,true,true,true,false,true,POINT (152.1371612548828 -33.843971252441406)
soop_sst_nrt_trajectory_data.fid--1f707f45_1989dc45aa9_7898,12597,2792903,VRZN9,Pacific Celebes,,2010-10-30T08:29:00Z,Z,-33.8516,Z,152.1338,Z,21.21,Z,1009.94,Z,4.9978,Z,5.0093,Z,5.0094,Z,,,,,200.2,Z,7.6138,Z,47,Z,8.44,Z,35.5688,Z,35.6526,Z,35.6639,Z,84.05,Z,21.3266,Z,21.3365,Z,21.3239,Z,21.3329,Z,307,Z,,,6.45,Z,true,true,true,false,true,true,true,true,true,true,true,true,false,true,POINT (152.13377380371094 -33.85163879394531)
soop_sst_nrt_trajectory_data.fid--1f707f45_1989dc45aa9_7899,12597,2792904,VRZN9,Pacific Celebes,,2010-10-30T08:31:00Z,Z,-33.8594,Z,152.1304,Z,21.2,Z,1009.97,Z,4.9984,Z,5.0097,Z,5.0103,Z,,,,,199.9,Z,7.6138,Z,204,Z,8.03,Z,35.5677,Z,35.6493,Z,35.665,Z,84.3,Z,21.3337,Z,21.3443,Z,21.3312,Z,21.3318,Z,32,Z,,,15.3,Z,true,true,true,false,true,true,true,true,true,true,true,true,false,true,POINT (152.13043212890625 -33.85935974121094)
soop_sst_nrt_trajectory_data.fid--1f707f45_1989dc45aa9_789a,12597,2792905,VRZN9,Pacific Celebes,,2010-10-30T08:33:00Z,Z,-33.8671,Z,152.1271,Z,21.18,Z,1009.84,Z,4.9989,Z,5.0102,Z,5.0108,Z,,,,,199.6,Z,7.6138,Z,307,Z,9.78,Z,35.5657,Z,35.6483,Z,35.6627,Z,84.38,Z,21.341,Z,21.3503,Z,21.3388,Z,21.3321,Z,97,Z,,,8,Z,true,true,true,false,true,true,true,true,true,true,true,true,false,true,POINT (152.12710571289062 -33.867149353027344)
soop_sst_nrt_trajectory_data.fid--1f707f45_1989dc45aa9_789b,12597,2792906,VRZN9,Pacific Celebes,,2010-10-30T08:35:00Z,Z,-33.8752,Z,152.1236,Z,21.17,Z,1010.03,Z,4.9993,Z,5.0106,Z,5.0111,Z,,,,,199.7,Z,7.6138,Z,69,Z,8.1,Z,35.5654,Z,35.6455,Z,35.6599,Z,84.41,Z,21.3452,Z,21.3575,Z,21.345,Z,21.3313,Z,322,Z,,,8.91,Z,true,true,true,false,true,true,true,true,true,true,true,true,false,true,POINT (152.12362670898438 -33.875240325927734)
soop_sst_nrt_trajectory_data.fid--1f707f45_1989dc45aa9_789c,12597,2792907,VRZN9,Pacific Celebes,,2010-10-30T08:37:00Z,Z,-33.883,Z,152.1203,Z,21.19,Z,1009.85,Z,4.9991,Z,5.0105,Z,5.011,Z,,,,,199.6,Z,7.6138,Z,85,Z,9.1,Z,35.56,Z,35.6421,Z,35.6566,Z,84.69,Z,21.3498,Z,21.3606,Z,21.348,Z,21.3368,Z,327,Z,,,11.34,Z,true,true,true,false,true,true,true,true,true,true,true,true,false,true,POINT (152.12030029296875 -33.88303756713867)
soop_sst_nrt_trajectory_data.fid--1f707f45_1989dc45aa9_789d,12597,2792908,VRZN9,Pacific Celebes,,2010-10-30T08:39:00Z,Z,-33.8907,Z,152.1167,Z,21.13,Z,1010.04,Z,4.9986,Z,5.0098,Z,5.0099,Z,,,,,201.6,Z,7.6138,Z,222,Z,8.4,Z,35.5569,Z,35.6364,Z,35.6486,Z,84.31,Z,21.3487,Z,21.3608,Z,21.3471,Z,21.3311,Z,44,Z,,,14.95,Z,true,true,true,false,true,true,true,true,true,true,true,true,false,true,POINT (152.1166534423828 -33.89073944091797)
soop_sst_nrt_trajectory_data.fid--1f707f45_1989dc45aa9_789e,12597,2792909,VRZN9,Pacific Celebes,,2010-10-30T08:42:00Z,H,-33.8984,Z,152.113,Z,21.14,Z,1010.1,Z,4.9977,Z,5.0091,Z,5.0098,Z,,,,,201.8,Z,7.6138,Z,113,Z,7.96,Z,35.5485,Z,35.6318,Z,35.6477,Z,84.18,Z,21.3502,Z,21.3596,Z,21.3472,Z,21.3254,Z,347,Z,,,12.99,Z,true,true,true,false,true,true,true,true,true,true,true,true,false,true,POINT (152.1129608154297 -33.8984375)
soop_sst_nrt_trajectory_data.fid--1f707f45_1989dc45aa9_789f,12671,2835479,VRZN9,Pacific Celebes,,2011-02-25T08:34:00Z,Z,-33.6063,Z,152.253,Z,70.19,B,22.97,B,,Z,,Z,,Z,,,,,202.5,Z,7.0993,Z,338,Z,5.28,Z,,Z,,Z,,Z,,Z,,Z,,Z,,Z,24.2999,Z,64,Z,,,2.96,Z,true,true,false,false,true,true,true,true,false,false,true,true,false,true,POINT (152.25302124023438 -33.60625457763672)
soop_sst_nrt_trajectory_data.fid--1f707f45_1989dc45aa9_78a0,12671,2835480,VRZN9,Pacific Celebes,,2011-02-25T08:36:00Z,Z,-33.6133,Z,152.2494,Z,70.76,B,23.01,B,,Z,,Z,,Z,,,,,203.1,Z,7.0993,Z,338,Z,4.94,Z,,Z,,Z,,Z,,Z,,Z,,Z,,Z,24.2997,Z,59,Z,,,3.13,Z,true,true,false,false,true,true,true,true,false,false,true,true,false,true,POINT (152.24942016601562 -33.61330795288086)
soop_sst_nrt_trajectory_data.fid--1f707f45_1989dc45aa9_78a1,12671,2835481,VRZN9,Pacific Celebes,,2011-02-25T08:38:00Z,Z,-33.6203,Z,152.2459,Z,70.51,B,22.97,B,,Z,,Z,,Z,,,,,202.8,Z,7.0993,Z,338,Z,5.36,Z,,Z,,Z,,Z,,Z,,Z,,Z,,Z,24.2903,Z,66,Z,,,2.93,Z,true,true,false,false,true,true,true,true,false,false,true,true,false,true,POINT (152.2458953857422 -33.620323181152344)
soop_sst_nrt_trajectory_data.fid--1f707f45_1989dc45aa9_78a2,12671,2835482,VRZN9,Pacific Celebes,,2011-02-25T08:40:00Z,Z,-33.6273,Z,152.2424,Z,70.58,B,22.96,B,,Z,,Z,,Z,,,,,202.9,Z,6.9964,Z,338,Z,5.44,Z,,Z,,Z,,Z,,Z,,Z,,Z,,Z,24.2711,Z,69,Z,,,2.82,Z,true,true,false,false,true,true,true,true,false,false,true,true,false,true,POINT (152.24237060546875 -33.62730026245117)
soop_sst_nrt_trajectory_data.fid--1f707f45_1989dc45aa9_78a3,12671,2835483,VRZN9,Pacific Celebes,,2011-02-25T08:42:00Z,Z,-33.6346,Z,152.2387,Z,70.08,B,22.95,B,,Z,,Z,,Z,,,,,202.7,Z,6.9964,Z,338,Z,5.07,Z,,Z,,Z,,Z,,Z,,Z,,Z,,Z,24.2413,Z,62,Z,,,2.98,Z,true,true,false,false,true,true,true,true,false,false,true,true,false,true,POINT (152.23873901367188 -33.63456726074219)
soop_sst_nrt_trajectory_data.fid--1f707f45_1989dc45aa9_78a4,12671,2835484,VRZN9,Pacific Celebes,,2011-02-25T08:44:00Z,Z,-33.6415,Z,152.2354,Z,70.3,B,22.95,B,,Z,,Z,,Z,,,,,202.1,Z,6.9964,Z,338,Z,5.26,Z,,Z,,Z,,Z,,Z,,Z,,Z,,Z,24.2074,Z,65,Z,,,2.89,Z,true,true,false,false,true,true,true,true,false,false,true,true,false,true,POINT (152.2353515625 -33.64154815673828)
soop_sst_nrt_trajectory_data.fid--1f707f45_1989dc45aa9_78a5,12671,2835485,VRZN9,Pacific Celebes,,2011-02-25T08:46:00Z,Z,-33.6485,Z,152.2319,Z,69.33,B,22.92,B,,Z,,Z,,Z,,,,,202.4,Z,7.0993,Z,338,Z,4.38,Z,,Z,,Z,,Z,,Z,,Z,,Z,,Z,24.1759,Z,51,Z,,,3.45,Z,true,true,false,false,true,true,true,true,false,false,true,true,false,true,POINT (152.23190307617188 -33.6485481262207)
soop_sst_nrt_trajectory_data.fid--1f707f45_1989dc45aa9_78a6,12671,2835486,VRZN9,Pacific Celebes,,2011-02-25T08:48:00Z,Z,-33.6556,Z,152.2285,Z,71.11,B,22.96,B,,Z,,Z,,Z,,,,,202.3,Z,6.945,Z,338,Z,4.67,Z,,Z,,Z,,Z,,Z,,Z,,Z,,Z,24.125,Z,56,Z,,,3.15,Z,true,true,false,false,true,true,true,true,false,false,true,true,false,true,POINT (152.2284698486328 -33.65555953979492)
soop_sst_nrt_trajectory_data.fid--1f707f45_1989dc45aa9_78a7,12671,2835487,VRZN9,Pacific Celebes,,2011-02-25T08:50:00Z,Z,-33.6625,Z,152.2251,Z,71.19,B,22.9,B,,Z,,Z,,Z,,,,,202.1,Z,6.945,Z,338,Z,5.25,Z,,Z,,Z,,Z,,Z,,Z,,Z,,Z,24.0297,Z,66,Z,,,2.86,Z,true,true,false,false,true,true,true,true,false,false,true,true,false,true,POINT (152.22509765625 -33.66249465942383)
soop_sst_nrt_trajectory_data.fid--1f707f45_1989dc45aa9_78a8,12671,2835488,VRZN9,Pacific Celebes,,2011-02-25T08:52:00Z,Z,-33.6694,Z,152.2218,Z,69.83,B,22.86,B,,Z,,Z,,Z,,,,,201.9,Z,6.7392,Z,338,Z,4.76,Z,,Z,,Z,,Z,,Z,,Z,,Z,,Z,23.9595,Z,59,Z,,,2.93,Z,true,true,false,false,true,true,true,true,false,false,true,true,false,true,POINT (152.22177124023438 -33.669403076171875)
soop_sst_nrt_trajectory_data.fid--1f707f45_1989dc45aa9_78a9,12671,2835489,VRZN9,Pacific Celebes,,2011-02-25T08:54:00Z,Z,-33.6763,Z,152.2184,Z,71.44,B,22.88,B,,Z,,Z,,Z,,,,,202.2,Z,6.945,Z,338,Z,4.92,Z,,Z,,Z,,Z,,Z,,Z,,Z,,Z,23.9101,Z,60,Z,,,3.01,Z,true,true,false,false,true,true,true,true,false,false,true,true,false,true,POINT (152.21841430664062 -33.67628479003906)
soop_sst_nrt_trajectory_data.fid--1f707f45_1989dc45aa9_78aa,12671,2835490,VRZN9,Pacific Celebes,,2011-02-25T08:56:00Z,Z,-33.6832,Z,152.2152,Z,73.04,B,22.89,B,,Z,,Z,,Z,,,,,201.5,Z,6.6878,Z,338,Z,6.25,Z,,Z,,Z,,Z,,Z,,Z,,Z,,Z,23.8586,Z,91,Z,,,2.51,Z,true,true,false,false,true,true,true,true,false,false,true,true,false,true,POINT (152.2151641845703 -33.68316650390625)
soop_sst_nrt_trajectory_data.fid--1f707f45_1989dc45aa9_78ab,12671,2835491,VRZN9,Pacific Celebes,,2011-02-25T08:58:00Z,Z,-33.6903,Z,152.2117,Z,72.38,B,22.82,B,,Z,,Z,,Z,,,,,202,Z,7.0993,Z,338,Z,5.92,Z,,Z,,Z,,Z,,Z,,Z,,Z,,Z,23.7928,Z,76,Z,,,2.74,Z,true,true,false,false,true,true,true,true,false,false,true,true,false,true,POINT (152.21170043945312 -33.69034194946289)
soop_sst_nrt_trajectory_data.fid--1f707f45_1989dc45aa9_78ac,12671,2835492,VRZN9,Pacific Celebes,,2011-02-25T09:00:00Z,Z,-33.6973,Z,152.2083,Z,73.11,B,22.79,B,,Z,,Z,,Z,,,,,202.1,Z,6.8421,Z,338,Z,5.76,Z,,Z,,Z,,Z,,Z,,Z,,Z,,Z,23.6903,Z,77,Z,,,2.63,Z,true,true,false,false,true,true,true,true,false,false,true,true,false,true,POINT (152.20834350585938 -33.697261810302734)
soop_sst_nrt_trajectory_data.fid--1f707f45_1989dc45aa9_78ad,12671,2835493,VRZN9,Pacific Celebes,,2011-02-25T09:02:00Z,Z,-33.7042,Z,152.2049,Z,77.47,B,22.79,B,,Z,,Z,,Z,,,,,202.6,Z,6.9964,Z,338,Z,7.09,Z,,Z,,Z,,Z,,Z,,Z,,Z,,Z,23.5793,Z,104,Z,,,2.69,Z,true,true,false,false,true,true,true,true,false,false,true,true,false,true,POINT (152.2049102783203 -33.70416259765625)
soop_sst_nrt_trajectory_data.fid--1f707f45_1989dc45aa9_78ae,12671,2835494,VRZN9,Pacific Celebes,,2011-02-25T09:04:00Z,Z,-33.711,Z,152.2015,Z,78.45,B,22.54,B,,Z,,Z,,Z,,,,,202.5,Z,6.945,Z,338,Z,7.55,Z,,Z,,Z,,Z,,Z,,Z,,Z,,Z,23.4644,Z,114,Z,,,2.83,Z,true,true,false,false,true,true,true,true,false,false,true,true,false,true,POINT (152.2014923095703 -33.7110481262207)
soop_sst_nrt_trajectory_data.fid--1f707f45_1989dc45aa9_78af,12671,2835495,VRZN9,Pacific Celebes,,2011-02-25T09:06:00Z,Z,-33.7179,Z,152.1981,Z,79.08,B,22.47,B,,Z,,Z,,Z,,,,,202.6,Z,6.7392,Z,338,Z,7.65,Z,,Z,,Z,,Z,,Z,,Z,,Z,,Z,23.3613,Z,120,Z,,,2.89,Z,true,true,false,false,true,true,true,true,false,false,true,true,false,true,POINT (152.19805908203125 -33.717926025390625)
soop_sst_nrt_trajectory_data.fid--1f707f45_1989dc45aa9_78b0,12671,2835496,VRZN9,Pacific Celebes,,2011-02-25T09:08:00Z,Z,-33.7248,Z,152.1946,Z,78.37,B,22.37,B,,Z,,Z,,Z,,,,,202.6,Z,6.8421,Z,338,Z,7.36,Z,,Z,,Z,,Z,,Z,,Z,,Z,,Z,23.3062,Z,112,Z,,,2.76,Z,true,true,false,false,true,true,true,true,false,false,true,true,false,true,POINT (152.19464111328125 -33.72478103637695)
soop_sst_nrt_trajectory_data.fid--1f707f45_1989dc45aa9_78b1,12671,2835497,VRZN9,Pacific Celebes,,2011-02-25T09:10:00Z,Z,-33.7316,Z,152.1912,Z,78.45,B,22.37,B,,Z,,Z,,Z,,,,,202.5,Z,6.9964,Z,338,Z,7.3,Z,,Z,,Z,,Z,,Z,,Z,,Z,,Z,23.2867,Z,108,Z,,,2.74,Z,true,true,false,false,true,true,true,true,false,false,true,true,false,true,POINT (152.1912384033203 -33.73164749145508)
soop_sst_nrt_trajectory_data.fid--1f707f45_1989dc45aa9_78b2,12671,2835498,VRZN9,Pacific Celebes,,2011-02-25T09:12:00Z,Z,-33.7385,Z,152.1878,Z,78.06,B,22.32,B,,Z,,Z,,Z,,,,,202.9,Z,6.9964,Z,338,Z,7.42,Z,,Z,,Z,,Z,,Z,,Z,,Z,,Z,23.2776,Z,111,Z,,,2.78,Z,true,true,false,false,true,true,true,true,false,false,true,true,false,true,POINT (152.18775939941406 -33.738521575927734)
soop_sst_nrt_trajectory_data.fid--1f707f45_1989dc45aa9_78b3,12671,2835499,VRZN9,Pacific Celebes,,2011-02-25T09:14:00Z,Z,-33.7457,Z,152.1842,Z,77.88,B,22.34,B,,Z,,Z,,Z,,,,,202.8,Z,6.9964,Z,338,Z,7.21,Z,,Z,,Z,,Z,,Z,,Z,,Z,,Z,23.278,Z,106,Z,,,2.72,Z,true,true,false,false,true,true,true,true,false,false,true,true,false,true,POINT (152.1841583251953 -33.745670318603516)
soop_sst_nrt_trajectory_data.fid--1f707f45_1989dc45aa9_78b4,12671,2835500,VRZN9,Pacific Celebes,,2011-02-25T09:16:00Z,Z,-33.7526,Z,152.1807,Z,77.66,B,22.31,B,,Z,,Z,,Z,,,,,202.9,Z,6.945,Z,338,Z,6.76,Z,,Z,,Z,,Z,,Z,,Z,,Z,,Z,23.2904,Z,98,Z,,,2.62,Z,true,true,false,false,true,true,true,true,false,false,true,true,false,true,POINT (152.18067932128906 -33.75255584716797)
soop_sst_nrt_trajectory_data.fid--1f707f45_1989dc45aa9_78b5,12671,2835501,VRZN9,Pacific Celebes,,2011-02-25T09:18:00Z,Z,-33.7594,Z,152.1772,Z,78.12,B,22.36,B,,Z,,Z,,Z,,,,,203.1,Z,6.8421,Z,338,Z,7.25,Z,,Z,,Z,,Z,,Z,,Z,,Z,,Z,23.3134,Z,111,Z,,,2.72,Z,true,true,false,false,true,true,true,true,false,false,true,true,false,true,POINT (152.1771697998047 -33.75941467285156)
soop_sst_nrt_trajectory_data.fid--1f707f45_1989dc45aa9_78b6,12671,2835502,VRZN9,Pacific Celebes,,2011-02-25T09:20:00Z,Z,-33.7663,Z,152.1736,Z,78.27,B,22.37,B,,Z,,Z,,Z,,,,,203.4,Z,6.8421,Z,338,Z,7.17,Z,,Z,,Z,,Z,,Z,,Z,,Z,,Z,23.3369,Z,109,Z,,,2.69,Z,true,true,false,false,true,true,true,true,false,false,true,true,false,true,POINT (152.17361450195312 -33.76626968383789)
soop_sst_nrt_trajectory_data.fid--1f707f45_1989dc45aa9_78b7,12671,2835503,VRZN9,Pacific Celebes,,2011-02-25T09:22:00Z,Z,-33.7731,Z,152.1701,Z,78.01,B,22.34,B,,Z,,Z,,Z,,,,,203,Z,6.6878,Z,338,Z,6.8,Z,,Z,,Z,,Z,,Z,,Z,,Z,,Z,23.3628,Z,104,Z,,,2.58,Z,true,true,false,false,true,true,true,true,false,false,true,true,false,true,POINT (152.1701202392578 -33.77313995361328)
soop_sst_nrt_trajectory_data.fid--1f707f45_1989dc45aa9_78b8,12671,2835504,VRZN9,Pacific Celebes,,2011-02-25T09:24:00Z,Z,-33.78,Z,152.1666,Z,77.87,B,22.31,B,,Z,,Z,,Z,,,,,203.3,Z,6.8421,Z,338,Z,7.36,Z,,Z,,Z,,Z,,Z,,Z,,Z,,Z,23.3903,Z,113,Z,,,2.76,Z,true,true,false,false,true,true,true,true,false,false,true,true,false,true,POINT (152.1665802001953 -33.77999496459961)
soop_sst_nrt_trajectory_data.fid--1f707f45_1989dc45aa9_78b9,12671,2835505,VRZN9,Pacific Celebes,,2011-02-25T09:26:00Z,Z,-33.7869,Z,152.163,Z,77.76,B,22.35,B,,Z,,Z,,Z,,,,,203.6,Z,6.8421,Z,338,Z,6.63,Z,,Z,,Z,,Z,,Z,,Z,,Z,,Z,23.4223,Z,98,Z,,,2.58,Z,true,true,false,false,true,true,true,true,false,false,true,true,false,true,POINT (152.1629638671875 -33.78689956665039)
soop_sst_nrt_trajectory_data.fid--1f707f45_1989dc45aa9_78ba,12671,2835506,VRZN9,Pacific Celebes,,2011-02-25T09:28:00Z,Z,-33.7938,Z,152.1593,Z,77.86,B,22.31,B,,Z,,Z,,Z,,,,,203.6,Z,6.8421,Z,338,Z,7.55,Z,,Z,,Z,,Z,,Z,,Z,,Z,,Z,23.4445,Z,117,Z,,,2.83,Z,true,true,false,false,true,true,true,true,false,false,true,true,false,true,POINT (152.1593475341797 -33.7938117980957)
soop_sst_nrt_trajectory_data.fid--1f707f45_1989dc45aa9_78bb,12671,2835507,VRZN9,Pacific Celebes,,2011-02-25T09:30:00Z,Z,-33.801,Z,152.1556,Z,78.19,B,22.37,B,,Z,,Z,,Z,,,,,203.4,Z,6.945,Z,338,Z,7.8,Z,,Z,,Z,,Z,,Z,,Z,,Z,,Z,23.4627,Z,119,Z,,,2.94,Z,true,true,false,false,true,true,true,true,false,false,true,true,false,true,POINT (152.15560913085938 -33.80103302001953)
soop_sst_nrt_trajectory_data.fid--1f707f45_1989dc45aa9_78bc,12671,2835508,VRZN9,Pacific Celebes,,2011-02-25T09:32:00Z,Z,-33.808,Z,152.152,Z,78.12,B,22.31,B,,Z,,Z,,Z,,,,,203.6,Z,6.9964,Z,338,Z,8.07,Z,,Z,,Z,,Z,,Z,,Z,,Z,,Z,23.4845,Z,123,Z,,,3.06,Z,true,true,false,false,true,true,true,true,false,false,true,true,false,true,POINT (152.15199279785156 -33.807952880859375)
soop_sst_nrt_trajectory_data.fid--1f707f45_1989dc45aa9_78bd,12671,2835509,VRZN9,Pacific Celebes,,2011-02-25T09:34:00Z,Z,-33.8149,Z,152.1484,Z,77.81,B,22.29,B,,Z,,Z,,Z,,,,,203.6,Z,6.9964,Z,338,Z,8.02,Z,,Z,,Z,,Z,,Z,,Z,,Z,,Z,23.5151,Z,122,Z,,,3.04,Z,true,true,false,false,true,true,true,true,false,false,true,true,false,true,POINT (152.1483612060547 -33.81489181518555)
soop_sst_nrt_trajectory_data.fid--1f707f45_1989dc45aa9_78be,12671,2835510,VRZN9,Pacific Celebes,,2011-02-25T09:36:00Z,Z,-33.8218,Z,152.1448,Z,77.95,B,22.31,B,,Z,,Z,,Z,,,,,203.3,Z,6.8421,Z,338,Z,8.44,Z,,Z,,Z,,Z,,Z,,Z,,Z,,Z,23.5502,Z,131,Z,,,3.31,Z,true,true,false,false,true,true,true,true,false,false,true,true,false,true,POINT (152.14479064941406 -33.82180404663086)
soop_sst_nrt_trajectory_data.fid--1f707f45_1989dc45aa9_78bf,12671,2835511,VRZN9,Pacific Celebes,,2011-02-25T09:38:00Z,Z,-33.8287,Z,152.1412,Z,78.19,B,22.28,B,,Z,,Z,,Z,,,,,203.4,Z,7.0993,Z,338,Z,8.4,Z,,Z,,Z,,Z,,Z,,Z,,Z,,Z,23.5851,Z,126,Z,,,3.22,Z,true,true,false,false,true,true,true,true,false,false,true,true,false,true,POINT (152.14120483398438 -33.8287353515625)
soop_sst_nrt_trajectory_data.fid--1f707f45_1989dc45aa9_78c0,12671,2835512,VRZN9,Pacific Celebes,,2011-02-25T09:40:00Z,Z,-33.8357,Z,152.1376,Z,78.2,B,22.27,B,,Z,,Z,,Z,,,,,203.3,Z,6.9964,Z,338,Z,8.4,Z,,Z,,Z,,Z,,Z,,Z,,Z,,Z,23.6144,Z,127,Z,,,3.24,Z,true,true,false,false,true,true,true,true,false,false,true,true,false,true,POINT (152.13760375976562 -33.835716247558594)
soop_sst_nrt_trajectory_data.fid--1f707f45_1989dc45aa9_78c1,12671,2835513,VRZN9,Pacific Celebes,,2011-02-25T09:42:00Z,Z,-33.8427,Z,152.134,Z,77.86,B,22.22,B,,Z,,Z,,Z,,,,,203.2,Z,7.0993,Z,338,Z,8.06,Z,,Z,,Z,,Z,,Z,,Z,,Z,,Z,23.6307,Z,120,Z,,,3.04,Z,true,true,false,false,true,true,true,true,false,false,true,true,false,true,POINT (152.13401794433594 -33.842708587646484)
soop_sst_nrt_trajectory_data.fid--1f707f45_1989dc45aa9_78c2,12671,2835514,VRZN9,Pacific Celebes,,2011-02-25T09:44:00Z,Z,-33.8497,Z,152.1304,Z,78.01,B,22.23,B,,Z,,Z,,Z,,,,,203.3,Z,7.0993,Z,338,Z,8.27,Z,,Z,,Z,,Z,,Z,,Z,,Z,,Z,23.6293,Z,124,Z,,,3.15,Z,true,true,false,false,true,true,true,true,false,false,true,true,false,true,POINT (152.13040161132812 -33.84971237182617)
soop_sst_nrt_trajectory_data.fid--1f707f45_1989dc45aa9_78c3,12671,2835515,VRZN9,Pacific Celebes,,2011-02-25T09:46:00Z,Z,-33.857,Z,152.1266,Z,78,B,22.26,B,,Z,,Z,,Z,,,,,203.3,Z,7.0993,Z,338,Z,8.44,Z,,Z,,Z,,Z,,Z,,Z,,Z,,Z,23.6343,Z,126,Z,,,3.24,Z,true,true,false,false,true,true,true,true,false,false,true,true,false,true,POINT (152.12664794921875 -33.85697937011719)
soop_sst_nrt_trajectory_data.fid--1f707f45_1989dc45aa9_78c4,12671,2835516,VRZN9,Pacific Celebes,,2011-02-25T09:48:00Z,Z,-33.864,Z,152.1231,Z,78.09,B,22.26,B,,Z,,Z,,Z,,,,,203.1,Z,6.9964,Z,338,Z,8.5,Z,,Z,,Z,,Z,,Z,,Z,,Z,,Z,23.6476,Z,129,Z,,,3.3,Z,true,true,false,false,true,true,true,true,false,false,true,true,false,true,POINT (152.12306213378906 -33.86399459838867)
soop_sst_nrt_trajectory_data.fid--1f707f45_1989dc45aa9_78c5,12671,2835517,VRZN9,Pacific Celebes,,2011-02-25T09:50:00Z,Z,-33.871,Z,152.1195,Z,77.54,B,22.2,B,,Z,,Z,,Z,,,,,202.6,Z,7.0993,Z,338,Z,8.64,Z,,Z,,Z,,Z,,Z,,Z,,Z,,Z,23.65,Z,128,Z,,,3.36,Z,true,true,false,false,true,true,true,true,false,false,true,true,false,true,POINT (152.11953735351562 -33.87104415893555)
soop_sst_nrt_trajectory_data.fid--1f707f45_1989dc45aa9_78c6,12671,2835518,VRZN9,Pacific Celebes,,2011-02-25T09:52:00Z,Z,-33.8781,Z,152.116,Z,77.91,B,22.22,B,,Z,,Z,,Z,,,,,202.6,Z,6.945,Z,338,Z,8.61,Z,,Z,,Z,,Z,,Z,,Z,,Z,,Z,23.6453,Z,130,Z,,,3.39,Z,true,true,false,false,true,true,true,true,false,false,true,true,false,true,POINT (152.1160430908203 -33.8780632019043)
soop_sst_nrt_trajectory_data.fid--1f707f45_1989dc45aa9_78c7,12671,2835519,VRZN9,Pacific Celebes,,2011-02-25T09:54:00Z,Z,-33.8851,Z,152.1126,Z,77.5,B,22.18,B,,Z,,Z,,Z,,,,,202.3,Z,6.8421,Z,338,Z,8.56,Z,,Z,,Z,,Z,,Z,,Z,,Z,,Z,23.6396,Z,131,Z,,,3.39,Z,true,true,false,false,true,true,true,true,false,false,true,true,false,true,POINT (152.1125946044922 -33.88506317138672)
soop_sst_nrt_trajectory_data.fid--1f707f45_1989dc45aa9_78c8,12671,2835520,VRZN9,Pacific Celebes,,2011-02-25T09:56:00Z,Z,-33.892,Z,152.1092,Z,77.55,B,22.18,B,,Z,,Z,,Z,,,,,202.3,Z,6.8421,Z,338,Z,8.9,Z,,Z,,Z,,Z,,Z,,Z,,Z,,Z,23.6443,Z,135,Z,,,3.62,Z,true,true,false,false,true,true,true,true,false,false,true,true,false,true,POINT (152.10916137695312 -33.89204788208008)
soop_sst_nrt_trajectory_data.fid--1f707f45_1989dc45aa9_78c9,12671,2835521,VRZN9,Pacific Celebes,,2011-02-25T09:58:00Z,Z,-33.899,Z,152.1057,Z,78.25,B,22.21,B,,Z,,Z,,Z,,,,,203,Z,7.0993,Z,338,Z,8.64,Z,,Z,,Z,,Z,,Z,,Z,,Z,,Z,23.6306,Z,129,Z,,,3.36,Z,true,true,false,false,true,true,true,true,false,false,true,true,false,true,POINT (152.10565185546875 -33.89895248413086)
soop_sst_nrt_trajectory_data.fid--1f707f45_1989dc45aa9_78ca,12743,2877483,VRZN9,Pacific Celebes,,2011-05-29T02:48:00Z,Z,-33.604,Z,151.8615,Z,16.17,Z,1017.08,Z,,Z,,Z,,Z,,,,,213.2,Z,6.3277,Z,334,Z,9.47,Z,,Z,,Z,,Z,85.29,Z,,Z,,Z,,Z,20.9445,Z,151,Z,,,4.69,Z,true,true,false,false,true,true,true,true,false,true,true,true,false,true,POINT (151.8615264892578 -33.604026794433594)
soop_sst_nrt_trajectory_data.fid--1f707f45_1989dc45aa9_78cb,12743,2877484,VRZN9,Pacific Celebes,,2011-05-29T02:50:00Z,Z,-33.6098,Z,151.857,Z,16.19,Z,1017.1,Z,,Z,,Z,,Z,,,,,213.1,Z,6.2248,Z,331,Z,9.11,Z,,Z,,Z,,Z,86.5,Z,,Z,,Z,,Z,20.9413,Z,145,Z,,,4.75,Z,true,true,false,false,true,true,true,true,false,true,true,true,false,true,POINT (151.85699462890625 -33.60983657836914)
soop_sst_nrt_trajectory_data.fid--1f707f45_1989dc45aa9_78cc,12743,2877485,VRZN9,Pacific Celebes,,2011-05-29T02:52:00Z,Z,-33.6159,Z,151.8523,Z,16.28,Z,1016.99,Z,,Z,,Z,,Z,,,,,213,Z,6.5849,Z,333,Z,9.93,Z,,Z,,Z,,Z,82.97,Z,,Z,,Z,,Z,20.9237,Z,150,Z,,,5.04,Z,true,true,false,false,true,true,true,true,false,true,true,true,false,true,POINT (151.852294921875 -33.615882873535156)
soop_sst_nrt_trajectory_data.fid--1f707f45_1989dc45aa9_78cd,12743,2877486,VRZN9,Pacific Celebes,,2011-05-29T02:54:00Z,Z,-33.6216,Z,151.8478,Z,16.3,Z,1016.87,Z,,Z,,Z,,Z,,,,,213.2,Z,6.3277,Z,335,Z,10.6,Z,,Z,,Z,,Z,84.79,Z,,Z,,Z,,Z,20.9132,Z,159,Z,,,5.55,Z,true,true,false,false,true,true,true,true,false,true,true,true,false,true,POINT (151.84779357910156 -33.621646881103516)
soop_sst_nrt_trajectory_data.fid--1f707f45_1989dc45aa9_78ce,12743,2877487,VRZN9,Pacific Celebes,,2011-05-29T02:56:00Z,Z,-33.6274,Z,151.8433,Z,16.29,Z,1016.82,Z,,Z,,Z,,Z,,,,,213,Z,6.3277,Z,336,Z,11.68,Z,,Z,,Z,,Z,85.68,Z,,Z,,Z,,Z,20.9003,Z,165,Z,,,6.44,Z,true,true,false,false,true,true,true,true,false,true,true,true,false,true,POINT (151.8433380126953 -33.627384185791016)
soop_sst_nrt_trajectory_data.fid--1f707f45_1989dc45aa9_78cf,12743,2877488,VRZN9,Pacific Celebes,,2011-05-29T02:58:00Z,Z,-33.6331,Z,151.8389,Z,16.32,Z,1016.85,Z,,Z,,Z,,Z,,,,,213.2,Z,6.4306,Z,331,Z,10.56,Z,,Z,,Z,,Z,87.9,Z,,Z,,Z,,Z,20.8958,Z,152,Z,,,5.84,Z,true,true,false,false,true,true,true,true,false,true,true,true,false,true,POINT (151.83885192871094 -33.63312911987305)
soop_sst_nrt_trajectory_data.fid--1f707f45_1989dc45aa9_78d0,12743,2877489,VRZN9,Pacific Celebes,,2011-05-29T03:00:00Z,Z,-33.6388,Z,151.8344,Z,16.27,Z,1016.73,Z,,Z,,Z,,Z,,,,,213.3,Z,6.0704,Z,332,Z,11.36,Z,,Z,,Z,,Z,86.3,Z,,Z,,Z,,Z,20.8968,Z,160,Z,,,6.64,Z,true,true,false,false,true,true,true,true,false,true,true,true,false,true,POINT (151.83436584472656 -33.63884353637695)
soop_sst_nrt_trajectory_data.fid--1f707f45_1989dc45aa9_78d1,12743,2877490,VRZN9,Pacific Celebes,,2011-05-29T03:02:00Z,Z,-33.6445,Z,151.8299,Z,16.27,Z,1016.68,Z,,Z,,Z,,Z,,,,,213.1,Z,6.3277,Z,338,Z,14.03,Z,,Z,,Z,,Z,87.26,Z,,Z,,Z,,Z,20.8861,Z,175,Z,,,8.5,Z,true,true,false,false,true,true,true,true,false,true,true,true,false,true,POINT (151.82994079589844 -33.64451599121094)
soop_sst_nrt_trajectory_data.fid--1f707f45_1989dc45aa9_78d2,12743,2877491,VRZN9,Pacific Celebes,,2011-05-29T03:04:00Z,Z,-33.6502,Z,151.8256,Z,16.06,Z,1016.72,Z,,Z,,Z,,Z,,,,,212.7,Z,6.3277,Z,338,Z,13.85,Z,,Z,,Z,,Z,84.23,Z,,Z,,Z,,Z,20.8845,Z,174,Z,,,8.33,Z,true,true,false,false,true,true,true,true,false,true,true,true,false,true,POINT (151.8255615234375 -33.65022659301758)
soop_sst_nrt_trajectory_data.fid--1f707f45_1989dc45aa9_78d3,12743,2877492,VRZN9,Pacific Celebes,,2011-05-29T03:06:00Z,Z,-33.6559,Z,151.8212,Z,16.32,Z,1016.74,Z,,Z,,Z,,Z,,,,,212.8,Z,6.3277,Z,338,Z,14.27,Z,,Z,,Z,,Z,89.73,Z,,Z,,Z,,Z,20.8872,Z,175,Z,,,8.73,Z,true,true,false,false,true,true,true,true,false,true,true,true,false,true,POINT (151.82119750976562 -33.65589141845703)
soop_sst_nrt_trajectory_data.fid--1f707f45_1989dc45aa9_78d4,12743,2877493,VRZN9,Pacific Celebes,,2011-05-29T03:08:00Z,Z,-33.6617,Z,151.8167,Z,16.46,Z,1016.5,Z,,Z,,Z,,Z,,,,,212.9,Z,6.2248,Z,338,Z,17.1,Z,,Z,,Z,,Z,88.41,Z,,Z,,Z,,Z,20.8974,Z,179,Z,,,11.57,Z,true,true,false,false,true,true,true,true,false,true,true,true,false,true,POINT (151.81671142578125 -33.66168975830078)
soop_sst_nrt_trajectory_data.fid--1f707f45_1989dc45aa9_78d5,12743,2877494,VRZN9,Pacific Celebes,,2011-05-29T03:10:00Z,Z,-33.6671,Z,151.8125,Z,16.54,Z,1016.18,Z,,Z,,Z,,Z,,,,,212.7,Z,5.7103,Z,338,Z,18.3,Z,,Z,,Z,,Z,89.33,Z,,Z,,Z,,Z,20.9236,Z,181,Z,,,13.18,Z,true,true,false,false,true,true,true,true,false,true,true,true,false,true,POINT (151.81253051757812 -33.66713333129883)
soop_sst_nrt_trajectory_data.fid--1f707f45_1989dc45aa9_78d6,12743,2877495,VRZN9,Pacific Celebes,,2011-05-29T03:12:00Z,Z,-33.6727,Z,151.8083,Z,16.34,Z,1016.96,Z,,Z,,Z,,Z,,,,,212.5,Z,6.1733,Z,338,Z,13.56,Z,,Z,,Z,,Z,88.52,Z,,Z,,Z,,Z,20.9283,Z,174,Z,,,8.17,Z,true,true,false,false,true,true,true,true,false,true,true,true,false,true,POINT (151.8082733154297 -33.6727294921875)
soop_sst_nrt_trajectory_data.fid--1f707f45_1989dc45aa9_78d7,12743,2877496,VRZN9,Pacific Celebes,,2011-05-29T03:14:00Z,Z,-33.6783,Z,151.8039,Z,16.3,Z,1016.63,Z,,Z,,Z,,Z,,,,,213.3,Z,6.2248,Z,338,Z,16.55,Z,,Z,,Z,,Z,89.56,Z,,Z,,Z,,Z,20.9135,Z,179,Z,,,11.03,Z,true,true,false,false,true,true,true,true,false,true,true,true,false,true,POINT (151.8039093017578 -33.67827606201172)
soop_sst_nrt_trajectory_data.fid--1f707f45_1989dc45aa9_78d8,12743,2877497,VRZN9,Pacific Celebes,,2011-05-29T03:16:00Z,Z,-33.6838,Z,151.7995,Z,16.23,Z,1016.39,Z,,Z,,Z,,Z,,,,,213.7,Z,6.0704,Z,338,Z,17.29,Z,,Z,,Z,,Z,87.2,Z,,Z,,Z,,Z,20.8878,Z,181,Z,,,11.88,Z,true,true,false,false,true,true,true,true,false,true,true,true,false,true,POINT (151.79953002929688 -33.68376159667969)
soop_sst_nrt_trajectory_data.fid--1f707f45_1989dc45aa9_78d9,12743,2877498,VRZN9,Pacific Celebes,,2011-05-29T03:18:00Z,Z,-33.6892,Z,151.7952,Z,16.25,Z,1016.42,Z,,Z,,Z,,Z,,,,,213.8,Z,5.9676,Z,338,Z,16.93,Z,,Z,,Z,,Z,86.69,Z,,Z,,Z,,Z,20.8512,Z,181,Z,,,11.61,Z,true,true,false,false,true,true,true,true,false,true,true,true,false,true,POINT (151.79515075683594 -33.689231872558594)
soop_sst_nrt_trajectory_data.fid--1f707f45_1989dc45aa9_78da,12743,2877499,VRZN9,Pacific Celebes,,2011-05-29T03:20:00Z,Z,-33.6947,Z,151.7908,Z,16.05,Z,1016.41,Z,,Z,,Z,,Z,,,,,213.4,Z,6.2248,Z,338,Z,16.32,Z,,Z,,Z,,Z,85.45,Z,,Z,,Z,,Z,20.8618,Z,179,Z,,,10.8,Z,true,true,false,false,true,true,true,true,false,true,true,true,false,true,POINT (151.7908172607422 -33.69472885131836)
soop_sst_nrt_trajectory_data.fid--1f707f45_1989dc45aa9_78db,12743,2877500,VRZN9,Pacific Celebes,,2011-05-29T03:22:00Z,Z,-33.7003,Z,151.7865,Z,16.03,Z,1016.32,Z,,Z,,Z,,Z,,,,,213.2,Z,6.0704,Z,338,Z,15.65,Z,,Z,,Z,,Z,87.41,Z,,Z,,Z,,Z,20.8583,Z,178,Z,,,10.28,Z,true,true,false,false,true,true,true,true,false,true,true,true,false,true,POINT (151.7864532470703 -33.7003059387207)
soop_sst_nrt_trajectory_data.fid--1f707f45_1989dc45aa9_78dc,12743,2877501,VRZN9,Pacific Celebes,,2011-05-29T03:24:00Z,Z,-33.7061,Z,151.7818,Z,16.03,Z,1016.47,Z,,Z,,Z,,Z,,,,,213.8,Z,6.3277,Z,338,Z,15.53,Z,,Z,,Z,,Z,88.26,Z,,Z,,Z,,Z,20.8745,Z,178,Z,,,9.95,Z,true,true,false,false,true,true,true,true,false,true,true,true,false,true,POINT (151.78179931640625 -33.70610809326172)
soop_sst_nrt_trajectory_data.fid--1f707f45_1989dc45aa9_78dd,12743,2877502,VRZN9,Pacific Celebes,,2011-05-29T03:26:00Z,Z,-33.7117,Z,151.7773,Z,16.12,Z,1016.39,Z,,Z,,Z,,Z,,,,,214.1,Z,6.2248,Z,337,Z,16.6,Z,,Z,,Z,,Z,91.34,Z,,Z,,Z,,Z,20.91,Z,179,Z,,,11.14,Z,true,true,false,false,true,true,true,true,false,true,true,true,false,true,POINT (151.7772979736328 -33.7116584777832)
soop_sst_nrt_trajectory_data.fid--1f707f45_1989dc45aa9_78de,12743,2877503,VRZN9,Pacific Celebes,,2011-05-29T03:28:00Z,Z,-33.7172,Z,151.7728,Z,15.93,Z,1016.42,Z,,Z,,Z,,Z,,,,,214,Z,6.2248,Z,338,Z,17.43,Z,,Z,,Z,,Z,87.19,Z,,Z,,Z,,Z,20.9495,Z,181,Z,,,11.89,Z,true,true,false,false,true,true,true,true,false,true,true,true,false,true,POINT (151.7728271484375 -33.71718978881836)
soop_sst_nrt_trajectory_data.fid--1f707f45_1989dc45aa9_78df,12743,2877504,VRZN9,Pacific Celebes,,2011-05-29T03:30:00Z,Z,-33.7228,Z,151.7684,Z,15.72,Z,1016.61,Z,,Z,,Z,,Z,,,,,213.8,Z,5.7103,Z,338,Z,16.8,Z,,Z,,Z,,Z,82.86,Z,,Z,,Z,,Z,20.9893,Z,181,Z,,,11.7,Z,true,true,false,false,true,true,true,true,false,true,true,true,false,true,POINT (151.7683563232422 -33.722782135009766)
soop_sst_nrt_trajectory_data.fid--1f707f45_1989dc45aa9_78e0,12743,2877505,VRZN9,Pacific Celebes,,2011-05-29T03:32:00Z,Z,-33.7283,Z,151.7638,Z,15.68,Z,1016.51,Z,,Z,,Z,,Z,,,,,214.4,Z,6.2248,Z,338,Z,16.29,Z,,Z,,Z,,Z,85.29,Z,,Z,,Z,,Z,21.026,Z,180,Z,,,10.77,Z,true,true,false,false,true,true,true,true,false,true,true,true,false,true,POINT (151.76382446289062 -33.72832107543945)
soop_sst_nrt_trajectory_data.fid--1f707f45_1989dc45aa9_78e1,12743,2877506,VRZN9,Pacific Celebes,,2011-05-29T03:34:00Z,Z,-33.7339,Z,151.7593,Z,15.76,Z,1016.5,Z,,Z,,Z,,Z,,,,,214,Z,5.9676,Z,338,Z,14.93,Z,,Z,,Z,,Z,81.12,Z,,Z,,Z,,Z,21.066,Z,179,Z,,,9.66,Z,true,true,false,false,true,true,true,true,false,true,true,true,false,true,POINT (151.7593231201172 -33.73388671875)
soop_sst_nrt_trajectory_data.fid--1f707f45_1989dc45aa9_78e2,12743,2877507,VRZN9,Pacific Celebes,,2011-05-29T03:36:00Z,Z,-33.7395,Z,151.7548,Z,15.82,Z,1016.37,Z,,Z,,Z,,Z,,,,,214.1,Z,6.3277,Z,338,Z,15.32,Z,,Z,,Z,,Z,85.19,Z,,Z,,Z,,Z,21.0915,Z,178,Z,,,9.75,Z,true,true,false,false,true,true,true,true,false,true,true,true,false,true,POINT (151.7548065185547 -33.73945617675781)
soop_sst_nrt_trajectory_data.fid--1f707f45_1989dc45aa9_78e3,12743,2877508,VRZN9,Pacific Celebes,,2011-05-29T03:38:00Z,Z,-33.745,Z,151.7503,Z,15.93,Z,1016.37,Z,,Z,,Z,,Z,,,,,214,Z,6.482,Z,338,Z,16.15,Z,,Z,,Z,,Z,86.93,Z,,Z,,Z,,Z,21.1101,Z,179,Z,,,10.43,Z,true,true,false,false,true,true,true,true,false,true,true,true,false,true,POINT (151.75030517578125 -33.745033264160156)
soop_sst_nrt_trajectory_data.fid--1f707f45_1989dc45aa9_78e4,12743,2877509,VRZN9,Pacific Celebes,,2011-05-29T03:40:00Z,Z,-33.7509,Z,151.7456,Z,15.93,Z,1016.23,Z,,Z,,Z,,Z,,,,,213.8,Z,6.482,Z,338,Z,15.78,Z,,Z,,Z,,Z,86.23,Z,,Z,,Z,,Z,21.1215,Z,178,Z,,,10.07,Z,true,true,false,false,true,true,true,true,false,true,true,true,false,true,POINT (151.74559020996094 -33.75090789794922)
soop_sst_nrt_trajectory_data.fid--1f707f45_1989dc45aa9_78e5,12743,2877510,VRZN9,Pacific Celebes,,2011-05-29T03:42:00Z,Z,-33.7568,Z,151.7415,Z,15.92,Z,1016.39,Z,,Z,,Z,,Z,,,,,209.9,Z,6.3277,Z,338,Z,13.89,Z,,Z,,Z,,Z,88.81,Z,,Z,,Z,,Z,21.1308,Z,171,Z,,,8.37,Z,true,true,false,false,true,true,true,true,false,true,true,true,false,true,POINT (151.74151611328125 -33.75681686401367)
soop_sst_nrt_trajectory_data.fid--1f707f45_1989dc45aa9_78e6,12743,2877511,VRZN9,Pacific Celebes,,2011-05-29T03:44:00Z,Z,-33.7627,Z,151.7372,Z,15.9,Z,1016.3,Z,,Z,,Z,,Z,,,,,211.5,Z,6.482,Z,338,Z,14.07,Z,,Z,,Z,,Z,84.58,Z,,Z,,Z,,Z,21.1373,Z,173,Z,,,8.42,Z,true,true,false,false,true,true,true,true,false,true,true,true,false,true,POINT (151.7372283935547 -33.76266860961914)
soop_sst_nrt_trajectory_data.fid--1f707f45_1989dc45aa9_78e7,12743,2877512,VRZN9,Pacific Celebes,,2011-05-29T03:46:00Z,Z,-33.7685,Z,151.733,Z,15.89,Z,1016.31,Z,,Z,,Z,,Z,,,,,211.5,Z,6.5849,Z,338,Z,14.03,Z,,Z,,Z,,Z,83.19,Z,,Z,,Z,,Z,21.1431,Z,172,Z,,,8.3,Z,true,true,false,false,true,true,true,true,false,true,true,true,false,true,POINT (151.73297119140625 -33.76847839355469)
soop_sst_nrt_trajectory_data.fid--1f707f45_1989dc45aa9_78e8,12743,2877513,VRZN9,Pacific Celebes,,2011-05-29T03:48:00Z,Z,-33.7743,Z,151.7288,Z,15.89,Z,1016.29,Z,,Z,,Z,,Z,,,,,211,Z,6.2248,Z,338,Z,14.07,Z,,Z,,Z,,Z,82.61,Z,,Z,,Z,,Z,21.1401,Z,173,Z,,,8.62,Z,true,true,false,false,true,true,true,true,false,true,true,true,false,true,POINT (151.72877502441406 -33.77429962158203)
soop_sst_nrt_trajectory_data.fid--1f707f45_1989dc45aa9_78e9,12743,2877514,VRZN9,Pacific Celebes,,2011-05-29T03:50:00Z,Z,-33.7802,Z,151.7246,Z,15.85,Z,1016.31,Z,,Z,,Z,,Z,,,,,211,Z,6.0704,Z,338,Z,13.9,Z,,Z,,Z,,Z,78.58,Z,,Z,,Z,,Z,21.13,Z,174,Z,,,8.58,Z,true,true,false,false,true,true,true,true,false,true,true,true,false,true,POINT (151.7245635986328 -33.780155181884766)
soop_sst_nrt_trajectory_data.fid--1f707f45_1989dc45aa9_78ea,12743,2877515,VRZN9,Pacific Celebes,,2011-05-29T03:52:00Z,Z,-33.7862,Z,151.7207,Z,15.84,Z,1016.33,Z,,Z,,Z,,Z,,,,,207.7,Z,6.4306,Z,338,Z,13.68,Z,,Z,,Z,,Z,77.98,Z,,Z,,Z,,Z,21.1129,Z,168,Z,,,8.08,Z,true,true,false,false,true,true,true,true,false,true,true,true,false,true,POINT (151.7207489013672 -33.786216735839844)
soop_sst_nrt_trajectory_data.fid--1f707f45_1989dc45aa9_78eb,12743,2877516,VRZN9,Pacific Celebes,,2011-05-29T03:54:00Z,Z,-33.7926,Z,151.7166,Z,15.94,Z,1016.36,Z,,Z,,Z,,Z,,,,,208.4,Z,6.7392,Z,337,Z,13.32,Z,,Z,,Z,,Z,82.65,Z,,Z,,Z,,Z,21.0984,Z,165,Z,,,7.59,Z,true,true,false,false,true,true,true,true,false,true,true,true,false,true,POINT (151.71661376953125 -33.792606353759766)
soop_sst_nrt_trajectory_data.fid--1f707f45_1989dc45aa9_78ec,12743,2877517,VRZN9,Pacific Celebes,,2011-05-29T03:56:00Z,Z,-33.7986,Z,151.7127,Z,16.18,Z,1016.27,Z,,Z,,Z,,Z,,,,,208.3,Z,6.482,Z,336,Z,13.75,Z,,Z,,Z,,Z,88.66,Z,,Z,,Z,,Z,21.086,Z,166,Z,,,8.26,Z,true,true,false,false,true,true,true,true,false,true,true,true,false,true,POINT (151.7127227783203 -33.79864501953125)
soop_sst_nrt_trajectory_data.fid--1f707f45_1989dc45aa9_78ed,12743,2877518,VRZN9,Pacific Celebes,,2011-05-29T03:58:00Z,Z,-33.8048,Z,151.7089,Z,16.13,Z,1016.24,Z,,Z,,Z,,Z,,,,,207.5,Z,6.7392,Z,334,Z,13.19,Z,,Z,,Z,,Z,87.87,Z,,Z,,Z,,Z,21.0792,Z,159,Z,,,7.72,Z,true,true,false,false,true,true,true,true,false,true,true,true,false,true,POINT (151.70892333984375 -33.804752349853516)
soop_sst_nrt_trajectory_data.fid--1f707f45_1989dc45aa9_78ee,12743,2877519,VRZN9,Pacific Celebes,,2011-05-29T04:00:00Z,Z,-33.8109,Z,151.7051,Z,16.2,Z,1016.25,Z,,Z,,Z,,Z,,,,,207.4,Z,6.482,Z,335,Z,13.03,Z,,Z,,Z,,Z,90.5,Z,,Z,,Z,,Z,21.0672,Z,161,Z,,,7.66,Z,true,true,false,false,true,true,true,true,false,true,true,true,false,true,POINT (151.70513916015625 -33.810855865478516)
soop_sst_nrt_trajectory_data.fid--1f707f45_1989dc45aa9_78ef,12743,2877520,VRZN9,Pacific Celebes,,2011-05-29T04:02:00Z,Z,-33.8168,Z,151.7014,Z,16.31,Z,1016.41,Z,,Z,,Z,,Z,,,,,207.9,Z,6.482,Z,336,Z,13.28,Z,,Z,,Z,,Z,90.97,Z,,Z,,Z,,Z,21.0505,Z,164,Z,,,7.82,Z,true,true,false,false,true,true,true,true,false,true,true,true,false,true,POINT (151.70135498046875 -33.81682586669922)
soop_sst_nrt_trajectory_data.fid--1f707f45_1989dc45aa9_78f0,12743,2877521,VRZN9,Pacific Celebes,,2011-05-29T04:04:00Z,Z,-33.8227,Z,151.6978,Z,16.27,Z,1016.24,Z,,Z,,Z,,Z,,,,,207,Z,6.0704,Z,335,Z,13.69,Z,,Z,,Z,,Z,88.04,Z,,Z,,Z,,Z,21.0324,Z,165,Z,,,8.58,Z,true,true,false,false,true,true,true,true,false,true,true,true,false,true,POINT (151.69778442382812 -33.82268142700195)
soop_sst_nrt_trajectory_data.fid--1f707f45_1989dc45aa9_78f1,12743,2877522,VRZN9,Pacific Celebes,,2011-05-29T04:06:00Z,Z,-33.8285,Z,151.6942,Z,16.21,Z,1016,Z,,Z,,Z,,Z,,,,,207.3,Z,6.0704,Z,337,Z,16.25,Z,,Z,,Z,,Z,87.55,Z,,Z,,Z,,Z,21.0195,Z,172,Z,,,10.92,Z,true,true,false,false,true,true,true,true,false,true,true,true,false,true,POINT (151.6941680908203 -33.828529357910156)
soop_sst_nrt_trajectory_data.fid--1f707f45_1989dc45aa9_78f2,12743,2877523,VRZN9,Pacific Celebes,,2011-05-29T04:08:00Z,Z,-33.8344,Z,151.6906,Z,16.2,Z,1016.22,Z,,Z,,Z,,Z,,,,,207.1,Z,6.0704,Z,334,Z,14.14,Z,,Z,,Z,,Z,86.81,Z,,Z,,Z,,Z,21.0088,Z,164,Z,,,9.08,Z,true,true,false,false,true,true,true,true,false,true,true,true,false,true,POINT (151.69058227539062 -33.834373474121094)
soop_sst_nrt_trajectory_data.fid--1f707f45_1989dc45aa9_78f3,12743,2877524,VRZN9,Pacific Celebes,,2011-05-29T04:10:00Z,Z,-33.8405,Z,151.6868,Z,16.17,Z,1016.02,Z,,Z,,Z,,Z,,,,,207.2,Z,5.9676,Z,338,Z,16.25,Z,,Z,,Z,,Z,87.26,Z,,Z,,Z,,Z,20.9977,Z,173,Z,,,10.95,Z,true,true,false,false,true,true,true,true,false,true,true,true,false,true,POINT (151.68682861328125 -33.8404655456543)
soop_sst_nrt_trajectory_data.fid--1f707f45_1989dc45aa9_78f4,12743,2877525,VRZN9,Pacific Celebes,,2011-05-29T04:12:00Z,Z,-33.8464,Z,151.6832,Z,16.15,Z,1016.17,Z,,Z,,Z,,Z,,,,,206.7,Z,5.9676,Z,337,Z,15.39,Z,,Z,,Z,,Z,88.76,Z,,Z,,Z,,Z,20.984,Z,170,Z,,,10.17,Z,true,true,false,false,true,true,true,true,false,true,true,true,false,true,POINT (151.68324279785156 -33.84640884399414)
soop_sst_nrt_trajectory_data.fid--1f707f45_1989dc45aa9_78f5,12743,2877526,VRZN9,Pacific Celebes,,2011-05-29T04:14:00Z,Z,-33.8523,Z,151.6794,Z,16.19,Z,1016.28,Z,,Z,,Z,,Z,,,,,208.8,Z,5.7103,Z,337,Z,15.44,Z,,Z,,Z,,Z,88.31,Z,,Z,,Z,,Z,20.9644,Z,173,Z,,,10.43,Z,true,true,false,false,true,true,true,true,false,true,true,true,false,true,POINT (151.67938232421875 -33.85226058959961)
soop_sst_nrt_trajectory_data.fid--1f707f45_1989dc45aa9_78f6,12743,2877527,VRZN9,Pacific Celebes,,2011-05-29T04:16:00Z,Z,-33.858,Z,151.6754,Z,16.18,Z,1016.23,Z,,Z,,Z,,Z,,,,,210.2,Z,6.3277,Z,337,Z,15.19,Z,,Z,,Z,,Z,89.47,Z,,Z,,Z,,Z,20.9485,Z,172,Z,,,9.69,Z,true,true,false,false,true,true,true,true,false,true,true,true,false,true,POINT (151.67538452148438 -33.85798645019531)
soop_sst_nrt_trajectory_data.fid--1f707f45_1989dc45aa9_78f7,12743,2877528,VRZN9,Pacific Celebes,,2011-05-29T04:18:00Z,Z,-33.8637,Z,151.6714,Z,16.12,Z,1016.18,Z,,Z,,Z,,Z,,,,,209.7,Z,5.8132,Z,338,Z,15.36,Z,,Z,,Z,,Z,87.97,Z,,Z,,Z,,Z,20.9407,Z,175,Z,,,10.21,Z,true,true,false,false,true,true,true,true,false,true,true,true,false,true,POINT (151.67144775390625 -33.86373519897461)
soop_sst_nrt_trajectory_data.fid--1f707f45_1989dc45aa9_78f8,12743,2877529,VRZN9,Pacific Celebes,,2011-05-29T04:20:00Z,Z,-33.8695,Z,151.6676,Z,16.07,Z,1016.17,Z,,Z,,Z,,Z,,,,,209.3,Z,6.3277,Z,338,Z,15.86,Z,,Z,,Z,,Z,86.72,Z,,Z,,Z,,Z,20.9327,Z,174,Z,,,10.27,Z,true,true,false,false,true,true,true,true,false,true,true,true,false,true,POINT (151.6675567626953 -33.86951446533203)
soop_sst_nrt_trajectory_data.fid--1f707f45_1989dc45aa9_78f9,12743,2877530,VRZN9,Pacific Celebes,,2011-05-29T04:22:00Z,Z,-33.8753,Z,151.6636,Z,16.11,Z,1016.14,Z,,Z,,Z,,Z,,,,,209.5,Z,5.9676,Z,337,Z,16.5,Z,,Z,,Z,,Z,84.76,Z,,Z,,Z,,Z,20.9268,Z,175,Z,,,11.25,Z,true,true,false,false,true,true,true,true,false,true,true,true,false,true,POINT (151.6636199951172 -33.87531661987305)
soop_sst_nrt_trajectory_data.fid--1f707f45_1989dc45aa9_78fa,12743,2877531,VRZN9,Pacific Celebes,,2011-05-29T04:24:00Z,Z,-33.8812,Z,151.6597,Z,16.17,Z,1016.19,Z,,Z,,Z,,Z,,,,,209.2,Z,5.9161,Z,338,Z,15.93,Z,,Z,,Z,,Z,87,Z,,Z,,Z,,Z,20.9193,Z,175,Z,,,10.68,Z,true,true,false,false,true,true,true,true,false,true,true,true,false,true,POINT (151.65969848632812 -33.88116455078125)
soop_sst_nrt_trajectory_data.fid--1f707f45_1989dc45aa9_78fb,12743,2877532,VRZN9,Pacific Celebes,,2011-05-29T04:26:00Z,Z,-33.8871,Z,151.6554,Z,16.17,Z,1016.03,Z,,Z,,Z,,Z,,,,,211,Z,6.0704,Z,338,Z,16.71,Z,,Z,,Z,,Z,86.25,Z,,Z,,Z,,Z,20.916,Z,177,Z,,,11.31,Z,true,true,false,false,true,true,true,true,false,true,true,true,false,true,POINT (151.6553955078125 -33.88714599609375)
soop_sst_nrt_trajectory_data.fid--1f707f45_1989dc45aa9_78fc,12743,2877533,VRZN9,Pacific Celebes,,2011-05-29T04:28:00Z,Z,-33.8929,Z,151.6513,Z,16.2,Z,1016.05,Z,,Z,,Z,,Z,,,,,210.6,Z,6.2248,Z,338,Z,16.18,Z,,Z,,Z,,Z,84.51,Z,,Z,,Z,,Z,20.9154,Z,176,Z,,,10.67,Z,true,true,false,false,true,true,true,true,false,true,true,true,false,true,POINT (151.65133666992188 -33.892860412597656)
soop_sst_nrt_trajectory_data.fid--1f707f45_1989dc45aa9_78fd,12743,2877534,VRZN9,Pacific Celebes,,2011-05-29T04:30:00Z,Z,-33.8987,Z,151.6473,Z,16.28,Z,1016.28,Z,,Z,,Z,,Z,,,,,210.2,Z,6.2248,Z,338,Z,16.07,Z,,Z,,Z,,Z,85.09,Z,,Z,,Z,,Z,20.9107,Z,175,Z,,,10.56,Z,true,true,false,false,true,true,true,true,false,true,true,true,false,true,POINT (151.6472930908203 -33.89866256713867)
soop_sst_nrt_trajectory_data.fid--1f707f45_1989dc45aa9_78fe,12809,2917150,VRZN9,Pacific Celebes,,2011-08-22T13:47:00Z,Z,-33.6041,Z,152.2899,Z,13.98,Z,1032.21,Z,,Z,,Z,,Z,,,,,202.2,Z,6.9964,Z,338,Z,8.86,Z,,Z,,Z,,Z,86.65,Z,,Z,,Z,,Z,19.1173,Z,132,Z,,,3.54,Z,true,true,false,false,true,true,true,true,false,true,true,true,false,true,POINT (152.2898712158203 -33.60408020019531)
soop_sst_nrt_trajectory_data.fid--1f707f45_1989dc45aa9_78ff,12809,2917151,VRZN9,Pacific Celebes,,2011-08-22T13:49:00Z,Z,-33.611,Z,152.2865,Z,14.1,Z,1032.1801,Z,,Z,,Z,,Z,,,,,202.3,Z,6.7392,Z,338,Z,8.64,Z,,Z,,Z,,Z,85.75,Z,,Z,,Z,,Z,19.1247,Z,134,Z,,,3.48,Z,true,true,false,false,true,true,true,true,false,true,true,true,false,true,POINT (152.2864990234375 -33.61095428466797)
soop_sst_nrt_trajectory_data.fid--1f707f45_1989dc45aa9_7900,12809,2917152,VRZN9,Pacific Celebes,,2011-08-22T13:51:00Z,Z,-33.6179,Z,152.2833,Z,14.28,Z,1032.24,Z,,Z,,Z,,Z,,,,,201.1,Z,6.945,Z,338,Z,8.32,Z,,Z,,Z,,Z,85.88,Z,,Z,,Z,,Z,19.1368,Z,125,Z,,,3.21,Z,true,true,false,false,true,true,true,true,false,true,true,true,false,true,POINT (152.28329467773438 -33.61789321899414)
soop_sst_nrt_trajectory_data.fid--1f707f45_1989dc45aa9_7901,12809,2917153,VRZN9,Pacific Celebes,,2011-08-22T13:53:00Z,Z,-33.6249,Z,152.28,Z,14.31,Z,1032.29,Z,,Z,,Z,,Z,,,,,201.7,Z,6.8421,Z,331,Z,7.59,Z,,Z,,Z,,Z,86.95,Z,,Z,,Z,,Z,19.1367,Z,109,Z,,,3.69,Z,true,true,false,false,true,true,true,true,false,true,true,true,false,true,POINT (152.27996826171875 -33.6248779296875)
soop_sst_nrt_trajectory_data.fid--1f707f45_1989dc45aa9_7902,12809,2917154,VRZN9,Pacific Celebes,,2011-08-22T13:55:00Z,Z,-33.6319,Z,152.2767,Z,14.31,Z,1032.25,Z,,Z,,Z,,Z,,,,,201.3,Z,6.945,Z,338,Z,6.84,Z,,Z,,Z,,Z,88.26,Z,,Z,,Z,,Z,19.1351,Z,98,Z,,,2.63,Z,true,true,false,false,true,true,true,true,false,true,true,true,false,true,POINT (152.27670288085938 -33.63187026977539)
soop_sst_nrt_trajectory_data.fid--1f707f45_1989dc45aa9_7903,12809,2917155,VRZN9,Pacific Celebes,,2011-08-22T13:57:00Z,Z,-33.6388,Z,152.2734,Z,14.23,Z,1032.11,Z,,Z,,Z,,Z,,,,,201.5,Z,6.9964,Z,337,Z,9.86,Z,,Z,,Z,,Z,87.51,Z,,Z,,Z,,Z,19.1452,Z,140,Z,,,4.38,Z,true,true,false,false,true,true,true,true,false,true,true,true,false,true,POINT (152.27342224121094 -33.638824462890625)
soop_sst_nrt_trajectory_data.fid--1f707f45_1989dc45aa9_7904,12809,2917156,VRZN9,Pacific Celebes,,2011-08-22T13:59:00Z,Z,-33.6457,Z,152.2703,Z,14.42,Z,1031.83,Z,,Z,,Z,,Z,,,,,200.9,Z,6.8421,Z,338,Z,12.6,Z,,Z,,Z,,Z,76.94,Z,,Z,,Z,,Z,19.1556,Z,157,Z,,,6.76,Z,true,true,false,false,true,true,true,true,false,true,true,true,false,true,POINT (152.27027893066406 -33.64570999145508)
soop_sst_nrt_trajectory_data.fid--1f707f45_1989dc45aa9_7905,12809,2917157,VRZN9,Pacific Celebes,,2011-08-22T14:01:00Z,Z,-33.6527,Z,152.2667,Z,14.77,Z,1031.84,Z,,Z,,Z,,Z,,,,,203.1,Z,6.482,Z,338,Z,13.07,Z,,Z,,Z,,Z,74.48,Z,,Z,,Z,,Z,19.1667,Z,162,Z,,,7.47,Z,true,true,false,false,true,true,true,true,false,true,true,true,false,true,POINT (152.2667236328125 -33.652671813964844)
soop_sst_nrt_trajectory_data.fid--1f707f45_1989dc45aa9_7906,12809,2917158,VRZN9,Pacific Celebes,,2011-08-22T14:03:00Z,Z,-33.6594,Z,152.2634,Z,14.85,Z,1032.0699,Z,,Z,,Z,,Z,,,,,202.4,Z,6.6878,Z,338,Z,10.32,Z,,Z,,Z,,Z,72,Z,,Z,,Z,,Z,19.197,Z,149,Z,,,4.82,Z,true,true,false,false,true,true,true,true,false,true,true,true,false,true,POINT (152.26341247558594 -33.65940475463867)
soop_sst_nrt_trajectory_data.fid--1f707f45_1989dc45aa9_7907,12809,2917159,VRZN9,Pacific Celebes,,2011-08-22T14:05:00Z,Z,-33.6661,Z,152.2601,Z,15.02,Z,1031.88,Z,,Z,,Z,,Z,,,,,202.3,Z,6.5849,Z,338,Z,12.89,Z,,Z,,Z,,Z,74.25,Z,,Z,,Z,,Z,19.2234,Z,160,Z,,,7.22,Z,true,true,false,false,true,true,true,true,false,true,true,true,false,true,POINT (152.26011657714844 -33.66612243652344)
soop_sst_nrt_trajectory_data.fid--1f707f45_1989dc45aa9_7908,12809,2917160,VRZN9,Pacific Celebes,,2011-08-22T14:07:00Z,Z,-33.6729,Z,152.2568,Z,14.94,Z,1032.09,Z,,Z,,Z,,Z,,,,,202.4,Z,6.9964,Z,338,Z,9.82,Z,,Z,,Z,,Z,72.13,Z,,Z,,Z,,Z,19.2512,Z,142,Z,,,4.24,Z,true,true,false,false,true,true,true,true,false,true,true,true,false,true,POINT (152.25677490234375 -33.67290496826172)
soop_sst_nrt_trajectory_data.fid--1f707f45_1989dc45aa9_7909,12809,2917161,VRZN9,Pacific Celebes,,2011-08-22T14:09:00Z,Z,-33.6797,Z,152.2534,Z,15.02,Z,1031.9301,Z,,Z,,Z,,Z,,,,,202.4,Z,6.482,Z,338,Z,11.94,Z,,Z,,Z,,Z,72.38,Z,,Z,,Z,,Z,19.2852,Z,158,Z,,,6.41,Z,true,true,false,false,true,true,true,true,false,true,true,true,false,true,POINT (152.25344848632812 -33.67965316772461)
soop_sst_nrt_trajectory_data.fid--1f707f45_1989dc45aa9_790a,12809,2917162,VRZN9,Pacific Celebes,,2011-08-22T14:11:00Z,Z,-33.6864,Z,152.2502,Z,15.1,Z,1032.02,Z,,Z,,Z,,Z,,,,,202.3,Z,6.5849,Z,338,Z,10.97,Z,,Z,,Z,,Z,75.15,Z,,Z,,Z,,Z,19.3217,Z,153,Z,,,5.45,Z,true,true,false,false,true,true,true,true,false,true,true,true,false,true,POINT (152.2501678466797 -33.68635177612305)
soop_sst_nrt_trajectory_data.fid--1f707f45_1989dc45aa9_790b,12809,2917163,VRZN9,Pacific Celebes,,2011-08-22T14:13:00Z,Z,-33.693,Z,152.2469,Z,15.18,Z,1031.75,Z,,Z,,Z,,Z,,,,,202.1,Z,6.5849,Z,338,Z,13.64,Z,,Z,,Z,,Z,78.81,Z,,Z,,Z,,Z,19.3546,Z,162,Z,,,7.93,Z,true,true,false,false,true,true,true,true,false,true,true,true,false,true,POINT (152.24693298339844 -33.69302749633789)
soop_sst_nrt_trajectory_data.fid--1f707f45_1989dc45aa9_790c,12809,2917164,VRZN9,Pacific Celebes,,2011-08-22T14:15:00Z,Z,-33.7,Z,152.2435,Z,15.14,Z,1031.77,Z,,Z,,Z,,Z,,,,,202.2,Z,6.8421,Z,338,Z,13.19,Z,,Z,,Z,,Z,76.13,Z,,Z,,Z,,Z,19.3707,Z,160,Z,,,7.31,Z,true,true,false,false,true,true,true,true,false,true,true,true,false,true,POINT (152.24354553222656 -33.699954986572266)
soop_sst_nrt_trajectory_data.fid--1f707f45_1989dc45aa9_790d,12809,2917165,VRZN9,Pacific Celebes,,2011-08-22T14:17:00Z,Z,-33.7066,Z,152.2403,Z,15.22,Z,1031.73,Z,,Z,,Z,,Z,,,,,202.3,Z,6.7392,Z,338,Z,13.07,Z,,Z,,Z,,Z,76.55,Z,,Z,,Z,,Z,19.3916,Z,160,Z,,,7.27,Z,true,true,false,false,true,true,true,true,false,true,true,true,false,true,POINT (152.24029541015625 -33.70658493041992)
soop_sst_nrt_trajectory_data.fid--1f707f45_1989dc45aa9_790e,12809,2917166,VRZN9,Pacific Celebes,,2011-08-22T14:19:00Z,Z,-33.7133,Z,152.237,Z,15.13,Z,1031.86,Z,,Z,,Z,,Z,,,,,202.2,Z,6.9964,Z,337,Z,12.25,Z,,Z,,Z,,Z,73.01,Z,,Z,,Z,,Z,19.4094,Z,154,Z,,,6.42,Z,true,true,false,false,true,true,true,true,false,true,true,true,false,true,POINT (152.2370147705078 -33.71330642700195)
soop_sst_nrt_trajectory_data.fid--1f707f45_1989dc45aa9_790f,12809,2917167,VRZN9,Pacific Celebes,,2011-08-22T14:21:00Z,Z,-33.72,Z,152.2337,Z,15.18,Z,1031.67,Z,,Z,,Z,,Z,,,,,202.6,Z,6.5849,Z,338,Z,13.07,Z,,Z,,Z,,Z,74.06,Z,,Z,,Z,,Z,19.4214,Z,161,Z,,,7.39,Z,true,true,false,false,true,true,true,true,false,true,true,true,false,true,POINT (152.2336883544922 -33.720001220703125)
soop_sst_nrt_trajectory_data.fid--1f707f45_1989dc45aa9_7910,12809,2917168,VRZN9,Pacific Celebes,,2011-08-22T14:23:00Z,Z,-33.7267,Z,152.2304,Z,15.23,Z,1031.7,Z,,Z,,Z,,Z,,,,,202.1,Z,6.8421,Z,338,Z,12.77,Z,,Z,,Z,,Z,74.3,Z,,Z,,Z,,Z,19.4271,Z,158,Z,,,6.92,Z,true,true,false,false,true,true,true,true,false,true,true,true,false,true,POINT (152.23043823242188 -33.72669219970703)
soop_sst_nrt_trajectory_data.fid--1f707f45_1989dc45aa9_7911,12809,2917169,VRZN9,Pacific Celebes,,2011-08-22T14:25:00Z,Z,-33.7334,Z,152.2273,Z,15.3,Z,1031.48,Z,,Z,,Z,,Z,,,,,201.4,Z,6.482,Z,338,Z,15.11,Z,,Z,,Z,,Z,74.12,Z,,Z,,Z,,Z,19.448,Z,164,Z,,,9.42,Z,true,true,false,false,true,true,true,true,false,true,true,true,false,true,POINT (152.22731018066406 -33.733367919921875)
soop_sst_nrt_trajectory_data.fid--1f707f45_1989dc45aa9_7912,12809,2917170,VRZN9,Pacific Celebes,,2011-08-22T14:27:00Z,Z,-33.74,Z,152.2241,Z,15.22,Z,1031.76,Z,,Z,,Z,,Z,,,,,202.1,Z,6.482,Z,338,Z,12.57,Z,,Z,,Z,,Z,73.84,Z,,Z,,Z,,Z,19.4658,Z,160,Z,,,6.99,Z,true,true,false,false,true,true,true,true,false,true,true,true,false,true,POINT (152.22409057617188 -33.7399787902832)
soop_sst_nrt_trajectory_data.fid--1f707f45_1989dc45aa9_7913,12809,2917171,VRZN9,Pacific Celebes,,2011-08-22T14:29:00Z,Z,-33.7466,Z,152.2211,Z,15.22,Z,1031.5699,Z,,Z,,Z,,Z,,,,,201,Z,6.482,Z,338,Z,14.25,Z,,Z,,Z,,Z,71.73,Z,,Z,,Z,,Z,19.4969,Z,163,Z,,,8.59,Z,true,true,false,false,true,true,true,true,false,true,true,true,false,true,POINT (152.22105407714844 -33.74657440185547)
soop_sst_nrt_trajectory_data.fid--1f707f45_1989dc45aa9_7914,12809,2917172,VRZN9,Pacific Celebes,,2011-08-22T14:31:00Z,Z,-33.7534,Z,152.2178,Z,15.31,Z,1031.64,Z,,Z,,Z,,Z,,,,,201.9,Z,6.482,Z,338,Z,13.77,Z,,Z,,Z,,Z,72.76,Z,,Z,,Z,,Z,19.5121,Z,162,Z,,,8.13,Z,true,true,false,false,true,true,true,true,false,true,true,true,false,true,POINT (152.2177734375 -33.7534065246582)
soop_sst_nrt_trajectory_data.fid--1f707f45_1989dc45aa9_7915,12809,2917173,VRZN9,Pacific Celebes,,2011-08-22T14:33:00Z,Z,-33.76,Z,152.2147,Z,15.39,Z,1031.6801,Z,,Z,,Z,,Z,,,,,201.4,Z,6.3277,Z,338,Z,13.5,Z,,Z,,Z,,Z,73.51,Z,,Z,,Z,,Z,19.5345,Z,162,Z,,,7.99,Z,true,true,false,false,true,true,true,true,false,true,true,true,false,true,POINT (152.21469116210938 -33.75997543334961)
soop_sst_nrt_trajectory_data.fid--1f707f45_1989dc45aa9_7916,12809,2917174,VRZN9,Pacific Celebes,,2011-08-22T14:35:00Z,Z,-33.7665,Z,152.2116,Z,15.35,Z,1031.77,Z,,Z,,Z,,Z,,,,,201.4,Z,6.5849,Z,338,Z,12.81,Z,,Z,,Z,,Z,71.94,Z,,Z,,Z,,Z,19.5545,Z,159,Z,,,7.14,Z,true,true,false,false,true,true,true,true,false,true,true,true,false,true,POINT (152.21160888671875 -33.76654052734375)
soop_sst_nrt_trajectory_data.fid--1f707f45_1989dc45aa9_7917,12809,2917175,VRZN9,Pacific Celebes,,2011-08-22T14:37:00Z,Z,-33.7732,Z,152.2086,Z,15.35,Z,1031.8,Z,,Z,,Z,,Z,,,,,200.9,Z,6.5849,Z,338,Z,12.6,Z,,Z,,Z,,Z,69.75,Z,,Z,,Z,,Z,19.5709,Z,158,Z,,,6.95,Z,true,true,false,false,true,true,true,true,false,true,true,true,false,true,POINT (152.2085723876953 -33.77316665649414)
soop_sst_nrt_trajectory_data.fid--1f707f45_1989dc45aa9_7918,12809,2917176,VRZN9,Pacific Celebes,,2011-08-22T14:39:00Z,Z,-33.7798,Z,152.2055,Z,15.42,Z,1031.74,Z,,Z,,Z,,Z,,,,,201.3,Z,6.482,Z,338,Z,13.15,Z,,Z,,Z,,Z,69.76,Z,,Z,,Z,,Z,19.5664,Z,161,Z,,,7.54,Z,true,true,false,false,true,true,true,true,false,true,true,true,false,true,POINT (152.20547485351562 -33.779788970947266)
soop_sst_nrt_trajectory_data.fid--1f707f45_1989dc45aa9_7919,12809,2917177,VRZN9,Pacific Celebes,,2011-08-22T14:41:00Z,Z,-33.7864,Z,152.2024,Z,15.43,Z,1031.8,Z,,Z,,Z,,Z,,,,,201.3,Z,6.6878,Z,338,Z,12.94,Z,,Z,,Z,,Z,70.9,Z,,Z,,Z,,Z,19.5595,Z,159,Z,,,7.19,Z,true,true,false,false,true,true,true,true,false,true,true,true,false,true,POINT (152.20237731933594 -33.78641891479492)
soop_sst_nrt_trajectory_data.fid--1f707f45_1989dc45aa9_791a,12809,2917178,VRZN9,Pacific Celebes,,2011-08-22T14:43:00Z,Z,-33.793,Z,152.1993,Z,15.44,Z,1031.87,Z,,Z,,Z,,Z,,,,,200.9,Z,6.6878,Z,338,Z,12.25,Z,,Z,,Z,,Z,70.73,Z,,Z,,Z,,Z,19.5504,Z,156,Z,,,6.55,Z,true,true,false,false,true,true,true,true,false,true,true,true,false,true,POINT (152.1993408203125 -33.79304885864258)
soop_sst_nrt_trajectory_data.fid--1f707f45_1989dc45aa9_791b,12809,2917179,VRZN9,Pacific Celebes,,2011-08-22T14:45:00Z,Z,-33.7997,Z,152.1963,Z,15.43,Z,1031.78,Z,,Z,,Z,,Z,,,,,200.8,Z,6.482,Z,338,Z,12.89,Z,,Z,,Z,,Z,69.86,Z,,Z,,Z,,Z,19.5302,Z,159,Z,,,7.3,Z,true,true,false,false,true,true,true,true,false,true,true,true,false,true,POINT (152.19631958007812 -33.79969787597656)
soop_sst_nrt_trajectory_data.fid--1f707f45_1989dc45aa9_791c,12809,2917180,VRZN9,Pacific Celebes,,2011-08-22T14:47:00Z,Z,-33.8067,Z,152.1932,Z,15.43,Z,1031.8,Z,,Z,,Z,,Z,,,,,200.4,Z,6.6878,Z,338,Z,13.11,Z,,Z,,Z,,Z,67.26,Z,,Z,,Z,,Z,19.4955,Z,158,Z,,,7.35,Z,true,true,false,false,true,true,true,true,false,true,true,true,false,true,POINT (152.19322204589844 -33.80665969848633)
soop_sst_nrt_trajectory_data.fid--1f707f45_1989dc45aa9_791d,12809,2917181,VRZN9,Pacific Celebes,,2011-08-22T14:49:00Z,Z,-33.8133,Z,152.1901,Z,15.43,Z,1031.88,Z,,Z,,Z,,Z,,,,,201.1,Z,6.5849,Z,338,Z,12.18,Z,,Z,,Z,,Z,68.08,Z,,Z,,Z,,Z,19.4513,Z,157,Z,,,6.56,Z,true,true,false,false,true,true,true,true,false,true,true,true,false,true,POINT (152.1901397705078 -33.81332015991211)
soop_sst_nrt_trajectory_data.fid--1f707f45_1989dc45aa9_791e,12809,2917182,VRZN9,Pacific Celebes,,2011-08-22T14:51:00Z,Z,-33.82,Z,152.1871,Z,15.52,Z,1031.88,Z,,Z,,Z,,Z,,,,,200.7,Z,6.5849,Z,338,Z,11.72,Z,,Z,,Z,,Z,73.04,Z,,Z,,Z,,Z,19.3869,Z,155,Z,,,6.13,Z,true,true,false,false,true,true,true,true,false,true,true,true,false,true,POINT (152.18711853027344 -33.819984436035156)
soop_sst_nrt_trajectory_data.fid--1f707f45_1989dc45aa9_791f,12809,2917183,VRZN9,Pacific Celebes,,2011-08-22T14:53:00Z,Z,-33.8267,Z,152.1841,Z,15.44,Z,1031.83,Z,,Z,,Z,,Z,,,,,200.7,Z,6.6878,Z,338,Z,11.9,Z,,Z,,Z,,Z,67.63,Z,,Z,,Z,,Z,19.3224,Z,155,Z,,,6.23,Z,true,true,false,false,true,true,true,true,false,true,true,true,false,true,POINT (152.18408203125 -33.82668685913086)
soop_sst_nrt_trajectory_data.fid--1f707f45_1989dc45aa9_7920,12809,2917184,VRZN9,Pacific Celebes,,2011-08-22T14:55:00Z,Z,-33.8334,Z,152.1808,Z,15.5,Z,1031.84,Z,,Z,,Z,,Z,,,,,201.9,Z,6.7392,Z,338,Z,11.86,Z,,Z,,Z,,Z,69.76,Z,,Z,,Z,,Z,19.242,Z,156,Z,,,6.15,Z,true,true,false,false,true,true,true,true,false,true,true,true,false,true,POINT (152.18084716796875 -33.83338928222656)
soop_sst_nrt_trajectory_data.fid--1f707f45_1989dc45aa9_7921,12809,2917185,VRZN9,Pacific Celebes,,2011-08-22T14:57:00Z,Z,-33.8401,Z,152.1777,Z,15.52,Z,1031.86,Z,,Z,,Z,,Z,,,,,201.4,Z,6.7392,Z,338,Z,11.31,Z,,Z,,Z,,Z,70.56,Z,,Z,,Z,,Z,19.1509,Z,153,Z,,,5.66,Z,true,true,false,false,true,true,true,true,false,true,true,true,false,true,POINT (152.17770385742188 -33.840091705322266)
soop_sst_nrt_trajectory_data.fid--1f707f45_1989dc45aa9_7922,12809,2917186,VRZN9,Pacific Celebes,,2011-08-22T14:59:00Z,Z,-33.8468,Z,152.1746,Z,15.47,Z,1031.75,Z,,Z,,Z,,Z,,,,,201.3,Z,6.7392,Z,338,Z,12.35,Z,,Z,,Z,,Z,67.47,Z,,Z,,Z,,Z,19.0851,Z,157,Z,,,6.6,Z,true,true,false,false,true,true,true,true,false,true,true,true,false,true,POINT (152.17459106445312 -33.84676742553711)
soop_sst_nrt_trajectory_data.fid--1f707f45_1989dc45aa9_7923,12809,2917187,VRZN9,Pacific Celebes,,2011-08-22T15:01:00Z,Z,-33.8534,Z,152.1714,Z,15.52,Z,1031.75,Z,,Z,,Z,,Z,,,,,201.6,Z,6.482,Z,338,Z,12.27,Z,,Z,,Z,,Z,69.69,Z,,Z,,Z,,Z,19.0426,Z,158,Z,,,6.71,Z,true,true,false,false,true,true,true,true,false,true,true,true,false,true,POINT (152.1714324951172 -33.85342788696289)
soop_sst_nrt_trajectory_data.fid--1f707f45_1989dc45aa9_7924,12809,2917188,VRZN9,Pacific Celebes,,2011-08-22T15:03:00Z,Z,-33.8604,Z,152.1682,Z,15.48,Z,1031.87,Z,,Z,,Z,,Z,,,,,201.4,Z,6.5849,Z,338,Z,11.39,Z,,Z,,Z,,Z,68.62,Z,,Z,,Z,,Z,19.02,Z,154,Z,,,5.83,Z,true,true,false,false,true,true,true,true,false,true,true,true,false,true,POINT (152.1681671142578 -33.860389709472656)
soop_sst_nrt_trajectory_data.fid--1f707f45_1989dc45aa9_7925,12809,2917189,VRZN9,Pacific Celebes,,2011-08-22T15:05:00Z,Z,-33.8671,Z,152.165,Z,15.5,Z,1031.77,Z,,Z,,Z,,Z,,,,,201.4,Z,6.482,Z,338,Z,11.85,Z,,Z,,Z,,Z,67.73,Z,,Z,,Z,,Z,19.012,Z,157,Z,,,6.32,Z,true,true,false,false,true,true,true,true,false,true,true,true,false,true,POINT (152.16502380371094 -33.8670654296875)
soop_sst_nrt_trajectory_data.fid--1f707f45_1989dc45aa9_7926,12809,2917190,VRZN9,Pacific Celebes,,2011-08-22T15:07:00Z,Z,-33.8737,Z,152.1619,Z,15.46,Z,1031.84,Z,,Z,,Z,,Z,,,,,201.7,Z,6.5849,Z,338,Z,11.81,Z,,Z,,Z,,Z,66.41,Z,,Z,,Z,,Z,19.0008,Z,156,Z,,,6.22,Z,true,true,false,false,true,true,true,true,false,true,true,true,false,true,POINT (152.161865234375 -33.87369918823242)
soop_sst_nrt_trajectory_data.fid--1f707f45_1989dc45aa9_7927,12809,2917191,VRZN9,Pacific Celebes,,2011-08-22T15:09:00Z,Z,-33.8803,Z,152.1588,Z,15.4,Z,1031.49,Z,,Z,,Z,,Z,,,,,201.2,Z,6.7392,Z,338,Z,14.86,Z,,Z,,Z,,Z,71.59,Z,,Z,,Z,,Z,18.9821,Z,163,Z,,,8.97,Z,true,true,false,false,true,true,true,true,false,true,true,true,false,true,POINT (152.15879821777344 -33.88029098510742)
soop_sst_nrt_trajectory_data.fid--1f707f45_1989dc45aa9_7928,12809,2917192,VRZN9,Pacific Celebes,,2011-08-22T15:11:00Z,Z,-33.8868,Z,152.1557,Z,15.35,Z,1031.64,Z,,Z,,Z,,Z,,,,,201.9,Z,6.4306,Z,338,Z,12.65,Z,,Z,,Z,,Z,75.3,Z,,Z,,Z,,Z,18.949,Z,160,Z,,,7.11,Z,true,true,false,false,true,true,true,true,false,true,true,true,false,true,POINT (152.15565490722656 -33.88680648803711)
soop_sst_nrt_trajectory_data.fid--1f707f45_1989dc45aa9_7929,12809,2917193,VRZN9,Pacific Celebes,,2011-08-22T15:13:00Z,Z,-33.8933,Z,152.1526,Z,15.17,Z,1031.52,Z,,Z,,Z,,Z,,,,,201.7,Z,6.482,Z,338,Z,14.36,Z,,Z,,Z,,Z,73.48,Z,,Z,,Z,,Z,18.9122,Z,163,Z,,,8.7,Z,true,true,false,false,true,true,true,true,false,true,true,true,false,true,POINT (152.15257263183594 -33.89326095581055)
soop_sst_nrt_trajectory_data.fid--1f707f45_1989dc45aa9_792a,12809,2917194,VRZN9,Pacific Celebes,,2011-08-22T15:15:00Z,Z,-33.8997,Z,152.1496,Z,15.1,Z,1031.5699,Z,,Z,,Z,,Z,,,,,201.1,Z,6.4306,Z,338,Z,13.82,Z,,Z,,Z,,Z,74.94,Z,,Z,,Z,,Z,18.865,Z,162,Z,,,8.22,Z,true,true,false,false,true,true,true,true,false,true,true,true,false,true,POINT (152.14956665039062 -33.89974594116211)
soop_sst_nrt_trajectory_data.fid--1f707f45_1989dc45aa9_792b,12887,2958055,VRZN9,Pacific Celebes,,2011-12-06T01:25:00Z,Z,-33.6015,Z,152.0048,Z,17.4,Z,1014.4,Z,,Z,,Z,,Z,,,,,213,Z,6.1733,Z,338,Z,12.89,Z,,Z,,Z,,Z,41.43,Z,,Z,,Z,,Z,20.1806,Z,173,Z,,,7.53,Z,true,true,false,false,true,true,true,true,false,true,true,true,false,true,POINT (152.00482177734375 -33.601539611816406)
soop_sst_nrt_trajectory_data.fid--1f707f45_1989dc45aa9_792c,12887,2958056,VRZN9,Pacific Celebes,,2011-12-06T01:27:00Z,Z,-33.6072,Z,152.0004,Z,17.37,Z,1014.4,Z,,Z,,Z,,Z,,,,,213.3,Z,6.0704,Z,338,Z,11.64,Z,,Z,,Z,,Z,44.83,Z,,Z,,Z,,Z,20.2452,Z,171,Z,,,6.43,Z,true,true,false,false,true,true,true,true,false,true,true,true,false,true,POINT (152.00035095214844 -33.607234954833984)
soop_sst_nrt_trajectory_data.fid--1f707f45_1989dc45aa9_792d,12887,2958057,VRZN9,Pacific Celebes,,2011-12-06T01:29:00Z,Z,-33.6128,Z,151.9961,Z,17.37,Z,1014.3,Z,,Z,,Z,,Z,,,,,212.8,Z,6.1733,Z,338,Z,12.82,Z,,Z,,Z,,Z,47,Z,,Z,,Z,,Z,20.3069,Z,173,Z,,,7.46,Z,true,true,false,false,true,true,true,true,false,true,true,true,false,true,POINT (151.99607849121094 -33.61277770996094)
soop_sst_nrt_trajectory_data.fid--1f707f45_1989dc45aa9_792e,12887,2958058,VRZN9,Pacific Celebes,,2011-12-06T01:31:00Z,Z,-33.6183,Z,151.9918,Z,17.37,Z,1014.18,Z,,Z,,Z,,Z,,,,,213.2,Z,6.1733,Z,338,Z,12.35,Z,,Z,,Z,,Z,43.31,Z,,Z,,Z,,Z,20.3623,Z,172,Z,,,7.02,Z,true,true,false,false,true,true,true,true,false,true,true,true,false,true,POINT (151.99179077148438 -33.61826705932617)
soop_sst_nrt_trajectory_data.fid--1f707f45_1989dc45aa9_792f,12887,2958059,VRZN9,Pacific Celebes,,2011-12-06T01:33:00Z,Z,-33.6237,Z,151.9875,Z,17.39,Z,1014.37,Z,,Z,,Z,,Z,,,,,213.2,Z,6.0704,Z,338,Z,12.44,Z,,Z,,Z,,Z,48.81,Z,,Z,,Z,,Z,20.4079,Z,173,Z,,,7.18,Z,true,true,false,false,true,true,true,true,false,true,true,true,false,true,POINT (151.98753356933594 -33.62371826171875)
soop_sst_nrt_trajectory_data.fid--1f707f45_1989dc45aa9_7930,12887,2958060,VRZN9,Pacific Celebes,,2011-12-06T01:35:00Z,Z,-33.6291,Z,151.9833,Z,17.37,Z,1014.2,Z,,Z,,Z,,Z,,,,,213,Z,5.9161,Z,338,Z,12.89,Z,,Z,,Z,,Z,41.15,Z,,Z,,Z,,Z,20.4471,Z,174,Z,,,7.73,Z,true,true,false,false,true,true,true,true,false,true,true,true,false,true,POINT (151.9833221435547 -33.62913513183594)
soop_sst_nrt_trajectory_data.fid--1f707f45_1989dc45aa9_7931,12887,2958061,VRZN9,Pacific Celebes,,2011-12-06T01:37:00Z,Z,-33.6346,Z,151.9791,Z,17.37,Z,1014.28,Z,,Z,,Z,,Z,,,,,213.2,Z,5.9676,Z,338,Z,12.65,Z,,Z,,Z,,Z,44.77,Z,,Z,,Z,,Z,20.4822,Z,174,Z,,,7.46,Z,true,true,false,false,true,true,true,true,false,true,true,true,false,true,POINT (151.9790802001953 -33.63456344604492)
soop_sst_nrt_trajectory_data.fid--1f707f45_1989dc45aa9_7932,12887,2958062,VRZN9,Pacific Celebes,,2011-12-06T01:39:00Z,Z,-33.64,Z,151.9748,Z,17.39,Z,1014.16,Z,,Z,,Z,,Z,,,,,212.9,Z,6.0704,Z,338,Z,13.57,Z,,Z,,Z,,Z,44.5,Z,,Z,,Z,,Z,20.5095,Z,175,Z,,,8.26,Z,true,true,false,false,true,true,true,true,false,true,true,true,false,true,POINT (151.97483825683594 -33.640037536621094)
soop_sst_nrt_trajectory_data.fid--1f707f45_1989dc45aa9_7933,12887,2958063,VRZN9,Pacific Celebes,,2011-12-06T01:41:00Z,Z,-33.6455,Z,151.9705,Z,17.31,Z,1014.15,Z,,Z,,Z,,Z,,,,,213.3,Z,6.2248,Z,338,Z,13.1,Z,,Z,,Z,,Z,45.52,Z,,Z,,Z,,Z,20.5331,Z,174,Z,,,7.69,Z,true,true,false,false,true,true,true,true,false,true,true,true,false,true,POINT (151.9705352783203 -33.64552307128906)
soop_sst_nrt_trajectory_data.fid--1f707f45_1989dc45aa9_7934,12887,2958064,VRZN9,Pacific Celebes,,2011-12-06T01:43:00Z,Z,-33.6513,Z,151.9661,Z,17.3,Z,1014.19,Z,,Z,,Z,,Z,,,,,212.8,Z,6.1733,Z,338,Z,11.86,Z,,Z,,Z,,Z,43.24,Z,,Z,,Z,,Z,20.5614,Z,170,Z,,,6.56,Z,true,true,false,false,true,true,true,true,false,true,true,true,false,true,POINT (151.96609497070312 -33.65129089355469)
soop_sst_nrt_trajectory_data.fid--1f707f45_1989dc45aa9_7935,12887,2958065,VRZN9,Pacific Celebes,,2011-12-06T01:45:00Z,Z,-33.6568,Z,151.9618,Z,17.37,Z,1014.24,Z,,Z,,Z,,Z,,,,,213.3,Z,5.9676,Z,338,Z,12.27,Z,,Z,,Z,,Z,42.75,Z,,Z,,Z,,Z,20.5759,Z,173,Z,,,7.1,Z,true,true,false,false,true,true,true,true,false,true,true,true,false,true,POINT (151.9617919921875 -33.65677261352539)
soop_sst_nrt_trajectory_data.fid--1f707f45_1989dc45aa9_7936,12887,2958066,VRZN9,Pacific Celebes,,2011-12-06T01:47:00Z,Z,-33.6622,Z,151.9576,Z,17.4,Z,1014.24,Z,,Z,,Z,,Z,,,,,213.1,Z,5.9676,Z,338,Z,11.69,Z,,Z,,Z,,Z,45.88,Z,,Z,,Z,,Z,20.5846,Z,171,Z,,,6.55,Z,true,true,false,false,true,true,true,true,false,true,true,true,false,true,POINT (151.95755004882812 -33.66222381591797)
soop_sst_nrt_trajectory_data.fid--1f707f45_1989dc45aa9_7937,12887,2958067,VRZN9,Pacific Celebes,,2011-12-06T01:49:00Z,Z,-33.6677,Z,151.9533,Z,17.39,Z,1014.13,Z,,Z,,Z,,Z,,,,,212.8,Z,5.8132,Z,338,Z,13.02,Z,,Z,,Z,,Z,45.65,Z,,Z,,Z,,Z,20.5924,Z,175,Z,,,7.93,Z,true,true,false,false,true,true,true,true,false,true,true,true,false,true,POINT (151.9533233642578 -33.667701721191406)
soop_sst_nrt_trajectory_data.fid--1f707f45_1989dc45aa9_7938,12887,2958068,VRZN9,Pacific Celebes,,2011-12-06T01:51:00Z,Z,-33.6732,Z,151.9491,Z,17.36,Z,1014.18,Z,,Z,,Z,,Z,,,,,212.8,Z,6.0704,Z,338,Z,12.75,Z,,Z,,Z,,Z,43.52,Z,,Z,,Z,,Z,20.5991,Z,173,Z,,,7.48,Z,true,true,false,false,true,true,true,true,false,true,true,true,false,true,POINT (151.9490966796875 -33.67319107055664)
soop_sst_nrt_trajectory_data.fid--1f707f45_1989dc45aa9_7939,12887,2958069,VRZN9,Pacific Celebes,,2011-12-06T01:53:00Z,Z,-33.6788,Z,151.9449,Z,17.35,Z,1014.22,Z,,Z,,Z,,Z,,,,,212,Z,6.1733,Z,338,Z,12.35,Z,,Z,,Z,,Z,43.43,Z,,Z,,Z,,Z,20.6063,Z,171,Z,,,7.02,Z,true,true,false,false,true,true,true,true,false,true,true,true,false,true,POINT (151.9449005126953 -33.678802490234375)
soop_sst_nrt_trajectory_data.fid--1f707f45_1989dc45aa9_793a,12887,2958070,VRZN9,Pacific Celebes,,2011-12-06T01:55:00Z,Z,-33.6844,Z,151.9407,Z,17.37,Z,1014.12,Z,,Z,,Z,,Z,,,,,212.2,Z,6.0704,Z,338,Z,12.78,Z,,Z,,Z,,Z,48.84,Z,,Z,,Z,,Z,20.6113,Z,173,Z,,,7.5,Z,true,true,false,false,true,true,true,true,false,true,true,true,false,true,POINT (151.940673828125 -33.68441390991211)
soop_sst_nrt_trajectory_data.fid--1f707f45_1989dc45aa9_793b,12887,2958071,VRZN9,Pacific Celebes,,2011-12-06T01:57:00Z,Z,-33.6902,Z,151.9363,Z,17.37,Z,1014.13,Z,,Z,,Z,,Z,,,,,212,Z,5.9161,Z,338,Z,13.14,Z,,Z,,Z,,Z,48.4,Z,,Z,,Z,,Z,20.6183,Z,174,Z,,,7.97,Z,true,true,false,false,true,true,true,true,false,true,true,true,false,true,POINT (151.93634033203125 -33.690216064453125)
soop_sst_nrt_trajectory_data.fid--1f707f45_1989dc45aa9_793c,12887,2958072,VRZN9,Pacific Celebes,,2011-12-06T01:59:00Z,Z,-33.6957,Z,151.9322,Z,17.29,Z,1014.14,Z,,Z,,Z,,Z,,,,,212.4,Z,5.8132,Z,338,Z,12.5,Z,,Z,,Z,,Z,42.88,Z,,Z,,Z,,Z,20.6253,Z,173,Z,,,7.44,Z,true,true,false,false,true,true,true,true,false,true,true,true,false,true,POINT (151.93215942382812 -33.69571304321289)
soop_sst_nrt_trajectory_data.fid--1f707f45_1989dc45aa9_793d,12887,2958073,VRZN9,Pacific Celebes,,2011-12-06T02:01:00Z,Z,-33.7013,Z,151.928,Z,17.29,Z,1014.12,Z,,Z,,Z,,Z,,,,,211.8,Z,5.9676,Z,338,Z,12.44,Z,,Z,,Z,,Z,42.86,Z,,Z,,Z,,Z,20.627,Z,172,Z,,,7.26,Z,true,true,false,false,true,true,true,true,false,true,true,true,false,true,POINT (151.92803955078125 -33.701255798339844)
soop_sst_nrt_trajectory_data.fid--1f707f45_1989dc45aa9_793e,12887,2958074,VRZN9,Pacific Celebes,,2011-12-06T02:03:00Z,Z,-33.7068,Z,151.9239,Z,17.26,Z,1014.13,Z,,Z,,Z,,Z,,,,,211.6,Z,6.0704,Z,338,Z,12.22,Z,,Z,,Z,,Z,44.59,Z,,Z,,Z,,Z,20.6247,Z,171,Z,,,6.97,Z,true,true,false,false,true,true,true,true,false,true,true,true,false,true,POINT (151.92391967773438 -33.70684814453125)
soop_sst_nrt_trajectory_data.fid--1f707f45_1989dc45aa9_793f,12887,2958075,VRZN9,Pacific Celebes,,2011-12-06T02:05:00Z,Z,-33.7124,Z,151.9197,Z,17.3,Z,1014.16,Z,,Z,,Z,,Z,,,,,212,Z,6.1733,Z,338,Z,12.57,Z,,Z,,Z,,Z,46.5,Z,,Z,,Z,,Z,20.6197,Z,171,Z,,,7.23,Z,true,true,false,false,true,true,true,true,false,true,true,true,false,true,POINT (151.91973876953125 -33.71243667602539)
soop_sst_nrt_trajectory_data.fid--1f707f45_1989dc45aa9_7940,12887,2958076,VRZN9,Pacific Celebes,,2011-12-06T02:07:00Z,Z,-33.7181,Z,151.9156,Z,17.35,Z,1014.06,Z,,Z,,Z,,Z,,,,,211.8,Z,6.2248,Z,338,Z,12.72,Z,,Z,,Z,,Z,46.72,Z,,Z,,Z,,Z,20.6137,Z,171,Z,,,7.33,Z,true,true,false,false,true,true,true,true,false,true,true,true,false,true,POINT (151.91555786132812 -33.718074798583984)
soop_sst_nrt_trajectory_data.fid--1f707f45_1989dc45aa9_7941,12887,2958077,VRZN9,Pacific Celebes,,2011-12-06T02:09:00Z,Z,-33.7238,Z,151.9114,Z,17.29,Z,1014.04,Z,,Z,,Z,,Z,,,,,211.1,Z,6.0704,Z,338,Z,12.35,Z,,Z,,Z,,Z,44.2,Z,,Z,,Z,,Z,20.606,Z,170,Z,,,7.1,Z,true,true,false,false,true,true,true,true,false,true,true,true,false,true,POINT (151.91143798828125 -33.72377395629883)
soop_sst_nrt_trajectory_data.fid--1f707f45_1989dc45aa9_7942,12887,2958078,VRZN9,Pacific Celebes,,2011-12-06T02:11:00Z,Z,-33.7295,Z,151.9073,Z,17.31,Z,1014.07,Z,,Z,,Z,,Z,,,,,211.5,Z,6.3277,Z,338,Z,12.44,Z,,Z,,Z,,Z,44.77,Z,,Z,,Z,,Z,20.5963,Z,170,Z,,,6.99,Z,true,true,false,false,true,true,true,true,false,true,true,true,false,true,POINT (151.9072723388672 -33.729454040527344)
soop_sst_nrt_trajectory_data.fid--1f707f45_1989dc45aa9_7943,12887,2958079,VRZN9,Pacific Celebes,,2011-12-06T02:13:00Z,Z,-33.7354,Z,151.903,Z,17.3,Z,1014.04,Z,,Z,,Z,,Z,,,,,211,Z,6.1733,Z,338,Z,12.53,Z,,Z,,Z,,Z,46.02,Z,,Z,,Z,,Z,20.5867,Z,170,Z,,,7.19,Z,true,true,false,false,true,true,true,true,false,true,true,true,false,true,POINT (151.90298461914062 -33.735408782958984)
soop_sst_nrt_trajectory_data.fid--1f707f45_1989dc45aa9_7944,12887,2958080,VRZN9,Pacific Celebes,,2011-12-06T02:15:00Z,Z,-33.7411,Z,151.8988,Z,17.3,Z,1013.93,Z,,Z,,Z,,Z,,,,,211.2,Z,6.0704,Z,338,Z,12.5,Z,,Z,,Z,,Z,44.88,Z,,Z,,Z,,Z,20.5728,Z,171,Z,,,7.24,Z,true,true,false,false,true,true,true,true,false,true,true,true,false,true,POINT (151.89881896972656 -33.74114990234375)
soop_sst_nrt_trajectory_data.fid--1f707f45_1989dc45aa9_7945,12887,2958081,VRZN9,Pacific Celebes,,2011-12-06T02:17:00Z,Z,-33.7469,Z,151.8947,Z,17.36,Z,1014.06,Z,,Z,,Z,,Z,,,,,211,Z,6.0704,Z,338,Z,12.78,Z,,Z,,Z,,Z,46.45,Z,,Z,,Z,,Z,20.5575,Z,171,Z,,,7.5,Z,true,true,false,false,true,true,true,true,false,true,true,true,false,true,POINT (151.8946533203125 -33.7469482421875)
soop_sst_nrt_trajectory_data.fid--1f707f45_1989dc45aa9_7946,12887,2958082,VRZN9,Pacific Celebes,,2011-12-06T02:19:00Z,Z,-33.7528,Z,151.8905,Z,17.39,Z,1013.99,Z,,Z,,Z,,Z,,,,,210.9,Z,6.0704,Z,338,Z,13.35,Z,,Z,,Z,,Z,42.72,Z,,Z,,Z,,Z,20.5368,Z,173,Z,,,8.05,Z,true,true,false,false,true,true,true,true,false,true,true,true,false,true,POINT (151.89048767089844 -33.75275802612305)
soop_sst_nrt_trajectory_data.fid--1f707f45_1989dc45aa9_7947,12887,2958083,VRZN9,Pacific Celebes,,2011-12-06T02:21:00Z,Z,-33.7586,Z,151.8863,Z,17.37,Z,1014.07,Z,,Z,,Z,,Z,,,,,210.7,Z,6.0704,Z,338,Z,12.56,Z,,Z,,Z,,Z,43.08,Z,,Z,,Z,,Z,20.5132,Z,171,Z,,,7.3,Z,true,true,false,false,true,true,true,true,false,true,true,true,false,true,POINT (151.88633728027344 -33.758602142333984)
soop_sst_nrt_trajectory_data.fid--1f707f45_1989dc45aa9_7948,12887,2958084,VRZN9,Pacific Celebes,,2011-12-06T02:23:00Z,Z,-33.7645,Z,151.8822,Z,17.36,Z,1014.1,Z,,Z,,Z,,Z,,,,,210.6,Z,6.3277,Z,338,Z,12.36,Z,,Z,,Z,,Z,46.59,Z,,Z,,Z,,Z,20.4934,Z,169,Z,,,6.91,Z,true,true,false,false,true,true,true,true,false,true,true,true,false,true,POINT (151.88218688964844 -33.76447296142578)
soop_sst_nrt_trajectory_data.fid--1f707f45_1989dc45aa9_7949,12887,2958085,VRZN9,Pacific Celebes,,2011-12-06T02:25:00Z,Z,-33.7703,Z,151.878,Z,17.32,Z,1014.11,Z,,Z,,Z,,Z,,,,,211.2,Z,6.2248,Z,338,Z,12.78,Z,,Z,,Z,,Z,47.29,Z,,Z,,Z,,Z,20.4791,Z,171,Z,,,7.39,Z,true,true,false,false,true,true,true,true,false,true,true,true,false,true,POINT (151.87799072265625 -33.770259857177734)
soop_sst_nrt_trajectory_data.fid--1f707f45_1989dc45aa9_794a,12887,2958086,VRZN9,Pacific Celebes,,2011-12-06T02:27:00Z,Z,-33.7761,Z,151.8738,Z,17.29,Z,1014.07,Z,,Z,,Z,,Z,,,,,210.6,Z,6.482,Z,338,Z,12.18,Z,,Z,,Z,,Z,43.88,Z,,Z,,Z,,Z,20.4663,Z,167,Z,,,6.63,Z,true,true,false,false,true,true,true,true,false,true,true,true,false,true,POINT (151.87384033203125 -33.77611541748047)
soop_sst_nrt_trajectory_data.fid--1f707f45_1989dc45aa9_794b,12887,2958087,VRZN9,Pacific Celebes,,2011-12-06T02:29:00Z,Z,-33.7822,Z,151.8695,Z,17.3,Z,1014.09,Z,,Z,,Z,,Z,,,,,210.7,Z,6.3277,Z,338,Z,12.56,Z,,Z,,Z,,Z,45.36,Z,,Z,,Z,,Z,20.4544,Z,169,Z,,,7.1,Z,true,true,false,false,true,true,true,true,false,true,true,true,false,true,POINT (151.86949157714844 -33.78223419189453)
soop_sst_nrt_trajectory_data.fid--1f707f45_1989dc45aa9_794c,12887,2958088,VRZN9,Pacific Celebes,,2011-12-06T02:31:00Z,Z,-33.7881,Z,151.8653,Z,17.29,Z,1014.07,Z,,Z,,Z,,Z,,,,,210.8,Z,6.3277,Z,338,Z,12.86,Z,,Z,,Z,,Z,45.34,Z,,Z,,Z,,Z,20.4463,Z,170,Z,,,7.38,Z,true,true,false,false,true,true,true,true,false,true,true,true,false,true,POINT (151.86529541015625 -33.78811264038086)
soop_sst_nrt_trajectory_data.fid--1f707f45_1989dc45aa9_794d,12887,2958089,VRZN9,Pacific Celebes,,2011-12-06T02:33:00Z,Z,-33.794,Z,151.8611,Z,17.3,Z,1014,Z,,Z,,Z,,Z,,,,,210.9,Z,6.4306,Z,338,Z,13.57,Z,,Z,,Z,,Z,43.66,Z,,Z,,Z,,Z,20.4381,Z,171,Z,,,7.98,Z,true,true,false,false,true,true,true,true,false,true,true,true,false,true,POINT (151.86109924316406 -33.79396057128906)
soop_sst_nrt_trajectory_data.fid--1f707f45_1989dc45aa9_794e,12887,2958090,VRZN9,Pacific Celebes,,2011-12-06T02:35:00Z,Z,-33.7998,Z,151.857,Z,17.3,Z,1014.07,Z,,Z,,Z,,Z,,,,,210.5,Z,5.9676,Z,338,Z,12.64,Z,,Z,,Z,,Z,46.7,Z,,Z,,Z,,Z,20.4334,Z,171,Z,,,7.45,Z,true,true,false,false,true,true,true,true,false,true,true,true,false,true,POINT (151.8569793701172 -33.799800872802734)
soop_sst_nrt_trajectory_data.fid--1f707f45_1989dc45aa9_794f,12887,2958091,VRZN9,Pacific Celebes,,2011-12-06T02:37:00Z,Z,-33.8056,Z,151.8529,Z,17.27,Z,1014.11,Z,,Z,,Z,,Z,,,,,210.7,Z,6.0704,Z,338,Z,11.69,Z,,Z,,Z,,Z,47.36,Z,,Z,,Z,,Z,20.4283,Z,168,Z,,,6.47,Z,true,true,false,false,true,true,true,true,false,true,true,true,false,true,POINT (151.85287475585938 -33.805572509765625)
soop_sst_nrt_trajectory_data.fid--1f707f45_1989dc45aa9_7950,12887,2958092,VRZN9,Pacific Celebes,,2011-12-06T02:39:00Z,Z,-33.8111,Z,151.8483,Z,17.23,Z,1014.02,Z,,Z,,Z,,Z,,,,,214.7,Z,6.3277,Z,338,Z,12.4,Z,,Z,,Z,,Z,44.06,Z,,Z,,Z,,Z,20.425,Z,173,Z,,,6.95,Z,true,true,false,false,true,true,true,true,false,true,true,true,false,true,POINT (151.8482666015625 -33.811126708984375)
soop_sst_nrt_trajectory_data.fid--1f707f45_1989dc45aa9_7951,12887,2958093,VRZN9,Pacific Celebes,,2011-12-06T02:41:00Z,Z,-33.8167,Z,151.8436,Z,17.21,Z,1014.02,Z,,Z,,Z,,Z,,,,,214.8,Z,6.482,Z,338,Z,12.28,Z,,Z,,Z,,Z,41.86,Z,,Z,,Z,,Z,20.4146,Z,172,Z,,,6.72,Z,true,true,false,false,true,true,true,true,false,true,true,true,false,true,POINT (151.84359741210938 -33.81672668457031)
soop_sst_nrt_trajectory_data.fid--1f707f45_1989dc45aa9_7952,12887,2958094,VRZN9,Pacific Celebes,,2011-12-06T02:43:00Z,Z,-33.8223,Z,151.8389,Z,17.21,Z,1013.98,Z,,Z,,Z,,Z,,,,,214.7,Z,6.3277,Z,338,Z,12.61,Z,,Z,,Z,,Z,43.65,Z,,Z,,Z,,Z,20.4024,Z,173,Z,,,7.15,Z,true,true,false,false,true,true,true,true,false,true,true,true,false,true,POINT (151.8389434814453 -33.82232666015625)
soop_sst_nrt_trajectory_data.fid--1f707f45_1989dc45aa9_7953,12887,2958095,VRZN9,Pacific Celebes,,2011-12-06T02:45:00Z,Z,-33.8281,Z,151.834,Z,17.23,Z,1013.97,Z,,Z,,Z,,Z,,,,,215.3,Z,6.3277,Z,338,Z,12.35,Z,,Z,,Z,,Z,47.29,Z,,Z,,Z,,Z,20.3804,Z,173,Z,,,6.9,Z,true,true,false,false,true,true,true,true,false,true,true,true,false,true,POINT (151.83404541015625 -33.828094482421875)
soop_sst_nrt_trajectory_data.fid--1f707f45_1989dc45aa9_7954,12887,2958096,VRZN9,Pacific Celebes,,2011-12-06T02:47:00Z,Z,-33.8336,Z,151.8294,Z,17.2,Z,1013.94,Z,,Z,,Z,,Z,,,,,215.1,Z,6.2248,Z,338,Z,12.57,Z,,Z,,Z,,Z,46.72,Z,,Z,,Z,,Z,20.3523,Z,174,Z,,,7.19,Z,true,true,false,false,true,true,true,true,false,true,true,true,false,true,POINT (151.8293914794922 -33.8336296081543)
soop_sst_nrt_trajectory_data.fid--1f707f45_1989dc45aa9_7955,12887,2958097,VRZN9,Pacific Celebes,,2011-12-06T02:49:00Z,Z,-33.8392,Z,151.8247,Z,17.2,Z,1013.88,Z,,Z,,Z,,Z,,,,,214.9,Z,6.3277,Z,338,Z,12.44,Z,,Z,,Z,,Z,42.27,Z,,Z,,Z,,Z,20.329,Z,173,Z,,,6.99,Z,true,true,false,false,true,true,true,true,false,true,true,true,false,true,POINT (151.82472229003906 -33.83921813964844)
soop_sst_nrt_trajectory_data.fid--1f707f45_1989dc45aa9_7956,12887,2958098,VRZN9,Pacific Celebes,,2011-12-06T02:51:00Z,Z,-33.8447,Z,151.82,Z,17.23,Z,1013.88,Z,,Z,,Z,,Z,,,,,215.6,Z,6.0704,Z,338,Z,12,Z,,Z,,Z,,Z,45.7,Z,,Z,,Z,,Z,20.302,Z,174,Z,,,6.77,Z,true,true,false,false,true,true,true,true,false,true,true,true,false,true,POINT (151.82000732421875 -33.844722747802734)
soop_sst_nrt_trajectory_data.fid--1f707f45_1989dc45aa9_7957,12887,2958099,VRZN9,Pacific Celebes,,2011-12-06T02:53:00Z,Z,-33.8503,Z,151.8154,Z,17.28,Z,1013.76,Z,,Z,,Z,,Z,,,,,214.8,Z,6.3277,Z,338,Z,12.86,Z,,Z,,Z,,Z,46.79,Z,,Z,,Z,,Z,20.2698,Z,174,Z,,,7.38,Z,true,true,false,false,true,true,true,true,false,true,true,true,false,true,POINT (151.81539916992188 -33.85026168823242)
soop_sst_nrt_trajectory_data.fid--1f707f45_1989dc45aa9_7958,12887,2958100,VRZN9,Pacific Celebes,,2011-12-06T02:55:00Z,Z,-33.8557,Z,151.8107,Z,17.25,Z,1013.79,Z,,Z,,Z,,Z,,,,,215.5,Z,6.3277,Z,338,Z,12.81,Z,,Z,,Z,,Z,41.56,Z,,Z,,Z,,Z,20.2409,Z,175,Z,,,7.34,Z,true,true,false,false,true,true,true,true,false,true,true,true,false,true,POINT (151.8107452392578 -33.8557014465332)
soop_sst_nrt_trajectory_data.fid--1f707f45_1989dc45aa9_7959,12887,2958101,VRZN9,Pacific Celebes,,2011-12-06T02:57:00Z,Z,-33.8611,Z,151.8062,Z,17.21,Z,1013.83,Z,,Z,,Z,,Z,,,,,215.2,Z,6.4306,Z,338,Z,12.35,Z,,Z,,Z,,Z,39.77,Z,,Z,,Z,,Z,20.2085,Z,172,Z,,,6.83,Z,true,true,false,false,true,true,true,true,false,true,true,true,false,true,POINT (151.80615234375 -33.861141204833984)
soop_sst_nrt_trajectory_data.fid--1f707f45_1989dc45aa9_795a,12887,2958102,VRZN9,Pacific Celebes,,2011-12-06T02:59:00Z,Z,-33.8666,Z,151.8014,Z,17.22,Z,1013.92,Z,,Z,,Z,,Z,,,,,216.1,Z,6.2248,Z,338,Z,11.85,Z,,Z,,Z,,Z,43.9,Z,,Z,,Z,,Z,20.1657,Z,173,Z,,,6.51,Z,true,true,false,false,true,true,true,true,false,true,true,true,false,true,POINT (151.80137634277344 -33.86659622192383)
soop_sst_nrt_trajectory_data.fid--1f707f45_1989dc45aa9_795b,12887,2958103,VRZN9,Pacific Celebes,,2011-12-06T03:01:00Z,Z,-33.8723,Z,151.7964,Z,17.22,Z,1013.93,Z,,Z,,Z,,Z,,,,,216.1,Z,6.0704,Z,338,Z,11.89,Z,,Z,,Z,,Z,43.29,Z,,Z,,Z,,Z,20.1276,Z,174,Z,,,6.66,Z,true,true,false,false,true,true,true,true,false,true,true,true,false,true,POINT (151.79637145996094 -33.87232971191406)
soop_sst_nrt_trajectory_data.fid--1f707f45_1989dc45aa9_795c,12887,2958104,VRZN9,Pacific Celebes,,2011-12-06T03:03:00Z,Z,-33.8778,Z,151.7916,Z,17.21,Z,1013.95,Z,,Z,,Z,,Z,,,,,215.7,Z,6.0704,Z,338,Z,12.18,Z,,Z,,Z,,Z,40.61,Z,,Z,,Z,,Z,20.0957,Z,175,Z,,,6.94,Z,true,true,false,false,true,true,true,true,false,true,true,true,false,true,POINT (151.79164123535156 -33.877811431884766)
soop_sst_nrt_trajectory_data.fid--1f707f45_1989dc45aa9_795d,12887,2958105,VRZN9,Pacific Celebes,,2011-12-06T03:05:00Z,Z,-33.8833,Z,151.7869,Z,17.22,Z,1013.96,Z,,Z,,Z,,Z,,,,,216.2,Z,6.2248,Z,338,Z,10.93,Z,,Z,,Z,,Z,45.22,Z,,Z,,Z,,Z,20.0737,Z,170,Z,,,5.66,Z,true,true,false,false,true,true,true,true,false,true,true,true,false,true,POINT (151.786865234375 -33.883262634277344)
soop_sst_nrt_trajectory_data.fid--1f707f45_1989dc45aa9_795e,12887,2958106,VRZN9,Pacific Celebes,,2011-12-06T03:07:00Z,Z,-33.8888,Z,151.782,Z,17.2,Z,1013.88,Z,,Z,,Z,,Z,,,,,216.4,Z,6.0704,Z,338,Z,11.85,Z,,Z,,Z,,Z,47.25,Z,,Z,,Z,,Z,20.0463,Z,174,Z,,,6.62,Z,true,true,false,false,true,true,true,true,false,true,true,true,false,true,POINT (151.78199768066406 -33.888763427734375)
soop_sst_nrt_trajectory_data.fid--1f707f45_1989dc45aa9_795f,12887,2958107,VRZN9,Pacific Celebes,,2011-12-06T03:09:00Z,Z,-33.8942,Z,151.7771,Z,17.18,Z,1013.92,Z,,Z,,Z,,Z,,,,,216.6,Z,6.4306,Z,338,Z,11.86,Z,,Z,,Z,,Z,45.5,Z,,Z,,Z,,Z,20.0239,Z,172,Z,,,6.37,Z,true,true,false,false,true,true,true,true,false,true,true,true,false,true,POINT (151.77711486816406 -33.89424133300781)
soop_sst_nrt_trajectory_data.fid--1f707f45_1989dc45aa9_7960,12887,2958108,VRZN9,Pacific Celebes,,2011-12-06T03:11:00Z,Z,-33.8997,Z,151.7722,Z,17.18,Z,1013.94,Z,,Z,,Z,,Z,,,,,216.8,Z,6.3277,Z,338,Z,11.1,Z,,Z,,Z,,Z,48.86,Z,,Z,,Z,,Z,20.0117,Z,170,Z,,,5.74,Z,true,true,false,false,true,true,true,true,false,true,true,true,false,true,POINT (151.77220153808594 -33.89971923828125)
soop_sst_nrt_trajectory_data.fid--1f707f45_1989dc45aa9_7961,12962,3003880,VRZN9,Pacific Celebes,,2012-03-18T23:10:00Z,Z,-33.6022,Z,151.9348,Z,21.63,Z,1018.54,Z,5.2021,Z,5.2122,Z,8.2226,B,,,,,220.4,Z,6.5849,Z,338,Z,14.56,Z,35.514,Z,35.583,Z,59.9396,B,57.25,Z,23.3518,Z,23.3624,Z,23.3536,Z,23.3782,Z,182,Z,,,8.81,Z,true,true,true,false,true,true,true,true,true,true,true,true,false,true,POINT (151.93484497070312 -33.60221481323242)
soop_sst_nrt_trajectory_data.fid--1f707f45_1989dc45aa9_7962,12962,3003881,VRZN9,Pacific Celebes,,2012-03-18T23:12:00Z,Z,-33.6076,Z,151.9292,Z,21.71,Z,1018.6,Z,5.2008,Z,5.2114,Z,8.2226,B,,,,,220.8,Z,6.5849,Z,338,Z,14.81,Z,35.5105,Z,35.5847,Z,59.949,B,59.97,Z,23.3438,Z,23.3527,Z,23.3469,Z,23.3837,Z,183,Z,,,9.05,Z,true,true,true,false,true,true,true,true,true,true,true,true,false,true,POINT (151.9292449951172 -33.607643127441406)
soop_sst_nrt_trajectory_data.fid--1f707f45_1989dc45aa9_7963,12962,3003882,VRZN9,Pacific Celebes,,2012-03-18T23:14:00Z,Z,-33.6131,Z,151.9237,Z,21.64,Z,1018.59,Z,5.1964,Z,5.2078,Z,8.2226,B,,,,,220.5,Z,6.5849,Z,338,Z,14.93,Z,35.505,Z,35.59,Z,59.9995,B,59.08,Z,23.3086,Z,23.3119,Z,23.3106,Z,23.3577,Z,183,Z,,,9.16,Z,true,true,true,false,true,true,true,true,true,true,true,true,false,true,POINT (151.9237060546875 -33.61306381225586)
soop_sst_nrt_trajectory_data.fid--1f707f45_1989dc45aa9_7964,12962,3003883,VRZN9,Pacific Celebes,,2012-03-18T23:16:00Z,Z,-33.6187,Z,151.9185,Z,21.59,Z,1018.64,Z,5.1913,Z,5.2019,Z,8.2226,B,,,,,217.4,Z,6.482,Z,338,Z,14.53,Z,35.5158,Z,35.5921,Z,60.0844,B,56.59,Z,23.2465,Z,23.2531,Z,23.2498,Z,23.3207,Z,179,Z,,,8.86,Z,true,true,true,false,true,true,true,true,true,true,true,true,false,true,POINT (151.91854858398438 -33.618717193603516)
soop_sst_nrt_trajectory_data.fid--1f707f45_1989dc45aa9_7965,12962,3003884,VRZN9,Pacific Celebes,,2012-03-18T23:18:00Z,Z,-33.6244,Z,151.9134,Z,21.65,Z,1018.63,Z,5.1911,Z,5.2014,Z,8.2226,B,,,,,216.9,Z,6.5849,Z,338,Z,15.27,Z,35.5187,Z,35.5893,Z,60.093,B,57.45,Z,23.2411,Z,23.2518,Z,23.2436,Z,23.3263,Z,180,Z,,,9.49,Z,true,true,true,false,true,true,true,true,true,true,true,true,false,true,POINT (151.91343688964844 -33.624412536621094)
soop_sst_nrt_trajectory_data.fid--1f707f45_1989dc45aa9_7966,12962,3003885,VRZN9,Pacific Celebes,,2012-03-18T23:20:00Z,Z,-33.63,Z,151.9081,Z,21.65,Z,1018.61,Z,5.1926,Z,5.2026,Z,8.2226,B,,,,,218.7,Z,6.3277,Z,338,Z,15.31,Z,35.5202,Z,35.5877,Z,60.0751,B,56.09,Z,23.2535,Z,23.2652,Z,23.2564,Z,23.3292,Z,183,Z,,,9.74,Z,true,true,true,false,true,true,true,true,true,true,true,true,false,true,POINT (151.90814208984375 -33.62995147705078)
soop_sst_nrt_trajectory_data.fid--1f707f45_1989dc45aa9_7967,12962,3003886,VRZN9,Pacific Celebes,,2012-03-18T23:22:00Z,Z,-33.6355,Z,151.903,Z,21.69,Z,1018.62,Z,5.1948,Z,5.2046,Z,-1.7179,B,,,,,217.5,Z,6.5849,Z,338,Z,15.5,Z,35.5198,Z,35.5862,Z,,Z,54.41,Z,23.275,Z,23.2861,Z,23.2788,Z,23.3454,Z,181,Z,,,9.71,Z,true,true,true,false,true,true,true,true,true,true,true,true,false,true,POINT (151.9030303955078 -33.63551712036133)
soop_sst_nrt_trajectory_data.fid--1f707f45_1989dc45aa9_7968,12962,3003887,VRZN9,Pacific Celebes,,2012-03-18T23:24:00Z,Z,-33.6413,Z,151.8976,Z,21.75,Z,1018.77,Z,5.1971,Z,5.2078,Z,8.2226,B,,,,,217.8,Z,6.7392,Z,338,Z,14.56,Z,35.5135,Z,35.5881,Z,60.0045,B,55.77,Z,23.3047,Z,23.3143,Z,23.307,Z,23.3709,Z,179,Z,,,8.69,Z,true,true,true,false,true,true,true,true,true,true,true,true,false,true,POINT (151.89764404296875 -33.64131546020508)
soop_sst_nrt_trajectory_data.fid--1f707f45_1989dc45aa9_7969,12962,3003888,VRZN9,Pacific Celebes,,2012-03-18T23:26:00Z,Z,-33.6469,Z,151.8925,Z,21.71,Z,1018.8,Z,5.1995,Z,5.2098,Z,-1.7179,B,,,,,217.4,Z,6.1733,Z,338,Z,14.6,Z,35.5118,Z,35.585,Z,,Z,56.22,Z,23.3298,Z,23.3371,Z,23.3321,Z,23.3812,Z,181,Z,,,9.17,Z,true,true,true,false,true,true,true,true,true,true,true,true,false,true,POINT (151.89251708984375 -33.64692687988281)
soop_sst_nrt_trajectory_data.fid--1f707f45_1989dc45aa9_796a,12962,3003889,VRZN9,Pacific Celebes,,2012-03-18T23:28:00Z,Z,-33.6527,Z,151.8874,Z,21.77,Z,1018.84,Z,5.2005,Z,5.211,Z,8.2226,B,,,,,216.7,Z,6.8421,Z,338,Z,14.4,Z,35.512,Z,35.5836,Z,59.955,B,57.83,Z,23.339,Z,23.3503,Z,23.3426,Z,23.384,Z,177,Z,,,8.45,Z,true,true,true,false,true,true,true,true,true,true,true,true,false,true,POINT (151.8874053955078 -33.65266036987305)
soop_sst_nrt_trajectory_data.fid--1f707f45_1989dc45aa9_796b,12962,3003890,VRZN9,Pacific Celebes,,2012-03-18T23:30:00Z,Z,-33.6584,Z,151.8822,Z,21.75,Z,1018.93,Z,5.2018,Z,5.2121,Z,8.2226,B,,,,,217,Z,6.482,Z,338,Z,13.97,Z,35.5126,Z,35.584,Z,59.942,B,57.66,Z,23.3507,Z,23.3603,Z,23.3519,Z,23.3971,Z,178,Z,,,8.32,Z,true,true,true,false,true,true,true,true,true,true,true,true,false,true,POINT (151.88223266601562 -33.65840530395508)
soop_sst_nrt_trajectory_data.fid--1f707f45_1989dc45aa9_796c,12962,3003891,VRZN9,Pacific Celebes,,2012-03-18T23:32:00Z,Z,-33.664,Z,151.8769,Z,21.69,Z,1018.9,Z,5.2024,Z,5.2125,Z,8.2226,B,,,,,218.2,Z,6.3277,Z,338,Z,15.11,Z,35.5116,Z,35.5809,Z,59.9296,B,54.47,Z,23.3576,Z,23.3679,Z,23.3608,Z,23.3935,Z,182,Z,,,9.54,Z,true,true,true,false,true,true,true,true,true,true,true,true,false,true,POINT (151.87693786621094 -33.664024353027344)
soop_sst_nrt_trajectory_data.fid--1f707f45_1989dc45aa9_796d,12962,3003892,VRZN9,Pacific Celebes,,2012-03-18T23:34:00Z,Z,-33.6698,Z,151.8717,Z,21.78,Z,1018.99,Z,5.2023,Z,5.212,Z,8.2226,B,,,,,217.3,Z,7.0993,Z,338,Z,13.81,Z,35.5146,Z,35.5789,Z,59.9328,B,54.86,Z,23.353,Z,23.3656,Z,23.3585,Z,23.3878,Z,175,Z,,,7.7,Z,true,true,true,false,true,true,true,true,true,true,true,true,false,true,POINT (151.87171936035156 -33.66975021362305)
soop_sst_nrt_trajectory_data.fid--1f707f45_1989dc45aa9_796e,12963,3003893,VRZN9,Pacific Celebes,,2012-03-19T00:00:00Z,Z,-33.7439,Z,151.8003,Z,21.92,Z,1019.36,Z,5.1853,Z,5.196,Z,-1.7179,B,,,,,226.1,Z,7.0993,Z,338,Z,12.75,Z,35.5121,Z,35.5878,Z,,Z,54.93,Z,23.1939,Z,23.2022,Z,23.1968,Z,23.2612,Z,181,Z,,,6.72,Z,true,true,true,false,true,true,true,true,true,true,true,true,false,true,POINT (151.8003387451172 -33.74391555786133)
soop_sst_nrt_trajectory_data.fid--1f707f45_1989dc45aa9_796f,12963,3003894,VRZN9,Pacific Celebes,,2012-03-19T00:02:00Z,Z,-33.7491,Z,151.794,Z,21.89,Z,1019.38,Z,5.1841,Z,5.1945,Z,8.2226,B,,,,,225.9,Z,6.482,Z,338,Z,12,Z,35.5178,Z,35.5888,Z,60.1833,B,53.13,Z,23.1754,Z,23.1867,Z,23.1791,Z,23.245,Z,182,Z,,,6.46,Z,true,true,true,false,true,true,true,true,true,true,true,true,false,true,POINT (151.79396057128906 -33.749080657958984)
soop_sst_nrt_trajectory_data.fid--1f707f45_1989dc45aa9_7970,12963,3003895,VRZN9,Pacific Celebes,,2012-03-19T00:04:00Z,Z,-33.7552,Z,151.7896,Z,21.92,Z,1019.29,Z,5.1862,Z,5.196,Z,8.2226,B,,,,,211.1,Z,6.482,Z,338,Z,13.06,Z,35.5217,Z,35.5878,Z,60.1631,B,53.04,Z,23.1906,Z,23.2022,Z,23.1935,Z,23.2634,Z,170,Z,,,7.46,Z,true,true,true,false,true,true,true,true,true,true,true,true,false,true,POINT (151.78955078125 -33.75517654418945)
soop_sst_nrt_trajectory_data.fid--1f707f45_1989dc45aa9_7971,12963,3003896,VRZN9,Pacific Celebes,,2012-03-19T00:06:00Z,Z,-33.7612,Z,151.7847,Z,21.81,Z,1019.16,Z,5.1892,Z,5.199,Z,8.2226,B,,,,,214.1,Z,6.7392,Z,338,Z,14.07,Z,35.5207,Z,35.5863,Z,60.1221,B,54,Z,23.2204,Z,23.2327,Z,23.2228,Z,23.2825,Z,174,Z,,,8.22,Z,true,true,true,false,true,true,true,true,true,true,true,true,false,true,POINT (151.7847137451172 -33.76115417480469)
soop_sst_nrt_trajectory_data.fid--1f707f45_1989dc45aa9_7972,12963,3003897,VRZN9,Pacific Celebes,,2012-03-19T00:08:00Z,Z,-33.7672,Z,151.7797,Z,21.79,Z,1019.26,Z,5.1913,Z,5.2014,Z,8.2226,B,,,,,215,Z,6.5849,Z,338,Z,13.6,Z,35.5162,Z,35.585,Z,60.0866,B,54.2,Z,23.2461,Z,23.2571,Z,23.2482,Z,23.2886,Z,175,Z,,,7.89,Z,true,true,true,false,true,true,true,true,true,true,true,true,false,true,POINT (151.7796630859375 -33.76716995239258)
soop_sst_nrt_trajectory_data.fid--1f707f45_1989dc45aa9_7973,12963,3003898,VRZN9,Pacific Celebes,,2012-03-19T00:10:00Z,Z,-33.7732,Z,151.7746,Z,21.79,Z,1019.28,Z,5.1911,Z,5.2014,Z,8.2226,B,,,,,214.8,Z,6.945,Z,338,Z,13.56,Z,35.5121,Z,35.5849,Z,60.0824,B,52.56,Z,23.2492,Z,23.2572,Z,23.2512,Z,23.2821,Z,173,Z,,,7.58,Z,true,true,true,false,true,true,true,true,true,true,true,true,false,true,POINT (151.7746124267578 -33.77323913574219)
soop_sst_nrt_trajectory_data.fid--1f707f45_1989dc45aa9_7974,12963,3003899,VRZN9,Pacific Celebes,,2012-03-19T00:12:00Z,Z,-33.7795,Z,151.7694,Z,21.9,Z,1019.24,Z,5.1913,Z,5.2014,Z,8.2226,B,,,,,215,Z,6.5849,Z,338,Z,13.28,Z,35.5141,Z,35.5844,Z,60.0821,B,56.75,Z,23.2486,Z,23.2579,Z,23.2514,Z,23.2856,Z,174,Z,,,7.59,Z,true,true,true,false,true,true,true,true,true,true,true,true,false,true,POINT (151.7693634033203 -33.77950668334961)
soop_sst_nrt_trajectory_data.fid--1f707f45_1989dc45aa9_7975,12963,3003900,VRZN9,Pacific Celebes,,2012-03-19T00:14:00Z,Z,-33.7856,Z,151.7645,Z,21.78,Z,1019.19,Z,5.1942,Z,5.2036,Z,8.2226,B,,,,,213.9,Z,6.8421,Z,338,Z,14.53,Z,35.5161,Z,35.5825,Z,60.0478,B,54.45,Z,23.2738,Z,23.2812,Z,23.276,Z,23.3042,Z,175,Z,,,8.58,Z,true,true,true,false,true,true,true,true,true,true,true,true,false,true,POINT (151.76449584960938 -33.785552978515625)
soop_sst_nrt_trajectory_data.fid--1f707f45_1989dc45aa9_7976,12963,3003901,VRZN9,Pacific Celebes,,2012-03-19T00:16:00Z,Z,-33.7917,Z,151.7601,Z,21.81,Z,1019.15,Z,5.199,Z,5.2084,Z,-1.7179,B,,,,,210.9,Z,6.4306,Z,338,Z,13.85,Z,35.5121,Z,35.5805,Z,,Z,56.11,Z,23.3246,Z,23.3294,Z,23.3251,Z,23.3391,Z,172,Z,,,8.25,Z,true,true,true,false,true,true,true,true,true,true,true,true,false,true,POINT (151.76007080078125 -33.79172134399414)
soop_sst_nrt_trajectory_data.fid--1f707f45_1989dc45aa9_7977,12963,3003902,VRZN9,Pacific Celebes,,2012-03-19T00:18:00Z,Z,-33.798,Z,151.7557,Z,21.79,Z,1019.18,Z,5.2031,Z,5.213,Z,8.2226,B,,,,,210.2,Z,6.8421,Z,338,Z,14.28,Z,35.5098,Z,35.5813,Z,59.9185,B,54.68,Z,23.3665,Z,23.3722,Z,23.3688,Z,23.3734,Z,170,Z,,,8.34,Z,true,true,true,false,true,true,true,true,true,true,true,true,false,true,POINT (151.75570678710938 -33.79798889160156)
soop_sst_nrt_trajectory_data.fid--1f707f45_1989dc45aa9_7978,12963,3003903,VRZN9,Pacific Celebes,,2012-03-19T00:20:00Z,Z,-33.8042,Z,151.7512,Z,21.86,Z,1019.19,Z,5.2079,Z,5.2173,Z,8.2226,B,,,,,211,Z,6.9964,Z,338,Z,14.27,Z,35.5093,Z,35.5772,Z,59.8546,B,59.18,Z,23.4129,Z,23.4182,Z,23.4148,Z,23.4089,Z,170,Z,,,8.21,Z,true,true,true,false,true,true,true,true,true,true,true,true,false,true,POINT (151.751220703125 -33.804222106933594)
soop_sst_nrt_trajectory_data.fid--1f707f45_1989dc45aa9_7979,12963,3003904,VRZN9,Pacific Celebes,,2012-03-19T00:22:00Z,Z,-33.8105,Z,151.7469,Z,21.77,Z,1019.15,Z,5.2137,Z,5.2226,Z,8.2226,B,,,,,210,Z,6.945,Z,338,Z,15.06,Z,35.5067,Z,35.5705,Z,59.7761,B,57.33,Z,23.4715,Z,23.4769,Z,23.4714,Z,23.4463,Z,171,Z,,,9,Z,true,true,true,false,true,true,true,true,true,true,true,true,false,true,POINT (151.7468719482422 -33.81050109863281)
soop_sst_nrt_trajectory_data.fid--1f707f45_1989dc45aa9_797a,12963,3003905,VRZN9,Pacific Celebes,,2012-03-19T00:24:00Z,Z,-33.8169,Z,151.7425,Z,21.73,Z,1019.23,Z,5.2192,Z,5.2289,Z,8.2226,B,,,,,210.1,Z,6.482,Z,338,Z,14.18,Z,35.5045,Z,35.5725,Z,59.6967,B,54.45,Z,23.5267,Z,23.5344,Z,23.5288,Z,23.4813,Z,172,Z,,,8.52,Z,true,true,true,false,true,true,true,true,true,true,true,true,false,true,POINT (151.74246215820312 -33.816856384277344)
soop_sst_nrt_trajectory_data.fid--1f707f45_1989dc45aa9_797b,12963,3003906,VRZN9,Pacific Celebes,,2012-03-19T00:26:00Z,Z,-33.8232,Z,151.7381,Z,21.71,Z,1019.09,Z,5.2228,Z,5.2328,Z,8.2226,B,,,,,210.2,Z,6.8421,Z,338,Z,15.28,Z,35.5006,Z,35.5713,Z,59.6437,B,57.06,Z,23.5658,Z,23.5731,Z,23.5672,Z,23.5067,Z,172,Z,,,9.3,Z,true,true,true,false,true,true,true,true,true,true,true,true,false,true,POINT (151.73805236816406 -33.82316970825195)
soop_sst_nrt_trajectory_data.fid--1f707f45_1989dc45aa9_797c,12963,3003907,VRZN9,Pacific Celebes,,2012-03-19T00:28:00Z,Z,-33.8297,Z,151.7336,Z,21.63,Z,1018.96,Z,5.2234,Z,5.2338,Z,8.2226,B,,,,,209.8,Z,6.5849,Z,338,Z,16.38,Z,35.4977,Z,35.5701,Z,59.6307,B,61.54,Z,23.5752,Z,23.584,Z,23.5766,Z,23.5249,Z,174,Z,,,10.57,Z,true,true,true,false,true,true,true,true,true,true,true,true,false,true,POINT (151.7335662841797 -33.82969665527344)
soop_sst_nrt_trajectory_data.fid--1f707f45_1989dc45aa9_797d,12963,3003908,VRZN9,Pacific Celebes,,2012-03-19T00:30:00Z,Z,-33.836,Z,151.7296,Z,21.53,Z,1019.01,Z,5.2228,Z,5.233,Z,-1.7179,B,,,,,207.7,Z,6.6878,Z,338,Z,16.27,Z,35.4992,Z,35.5692,Z,,Z,62.4,Z,23.5676,Z,23.5776,Z,23.5695,Z,23.5406,Z,172,Z,,,10.38,Z,true,true,true,false,true,true,true,true,true,true,true,true,false,true,POINT (151.7296142578125 -33.835968017578125)
soop_sst_nrt_trajectory_data.fid--1f707f45_1989dc45aa9_797e,12963,3003909,VRZN9,Pacific Celebes,,2012-03-19T00:32:00Z,Z,-33.8423,Z,151.7259,Z,21.52,Z,1019.02,Z,5.2239,Z,5.2334,Z,8.2226,B,,,,,206.4,Z,6.7392,Z,338,Z,15.86,Z,35.5037,Z,35.5696,Z,59.6339,B,63.77,Z,23.5725,Z,23.5809,Z,23.5743,Z,23.5551,Z,170,Z,,,9.94,Z,true,true,true,false,true,true,true,true,true,true,true,true,false,true,POINT (151.72586059570312 -33.84228515625)
soop_sst_nrt_trajectory_data.fid--1f707f45_1989dc45aa9_797f,12963,3003910,VRZN9,Pacific Celebes,,2012-03-19T00:34:00Z,Z,-33.8487,Z,151.7221,Z,21.38,Z,1019.02,Z,5.2281,Z,5.2375,Z,8.2226,B,,,,,206.4,Z,6.3277,Z,338,Z,15.81,Z,35.499,Z,35.5684,Z,59.5738,B,60.38,Z,23.6183,Z,23.6213,Z,23.6179,Z,23.5887,Z,171,Z,,,10.22,Z,true,true,true,false,true,true,true,true,true,true,true,true,false,true,POINT (151.72206115722656 -33.84868240356445)
soop_sst_nrt_trajectory_data.fid--1f707f45_1989dc45aa9_7980,12963,3003911,VRZN9,Pacific Celebes,,2012-03-19T00:36:00Z,Z,-33.8552,Z,151.7185,Z,21.42,Z,1019.03,Z,5.2317,Z,5.2415,Z,8.2226,B,,,,,204.6,Z,6.945,Z,338,Z,15.64,Z,35.4982,Z,35.5667,Z,59.5207,B,61.08,Z,23.6536,Z,23.6615,Z,23.6565,Z,23.6292,Z,167,Z,,,9.56,Z,true,true,true,false,true,true,true,true,true,true,true,true,false,true,POINT (151.71847534179688 -33.85521697998047)
soop_sst_nrt_trajectory_data.fid--1f707f45_1989dc45aa9_7981,12963,3003912,VRZN9,Pacific Celebes,,2012-03-19T00:38:00Z,Z,-33.8618,Z,151.7149,Z,21.42,Z,1019.1,Z,5.2333,Z,5.2431,Z,8.2226,B,,,,,204.6,Z,6.8421,Z,338,Z,15.18,Z,35.497,Z,35.5641,Z,59.4981,B,60.84,Z,23.6704,Z,23.68,Z,23.6729,Z,23.6431,Z,166,Z,,,9.2,Z,true,true,true,false,true,true,true,true,true,true,true,true,false,true,POINT (151.7148895263672 -33.86175537109375)
soop_sst_nrt_trajectory_data.fid--1f707f45_1989dc45aa9_7982,12963,3003913,VRZN9,Pacific Celebes,,2012-03-19T00:40:00Z,Z,-33.8682,Z,151.7112,Z,21.42,Z,1019.1,Z,5.2365,Z,5.2461,Z,8.2226,B,,,,,205.5,Z,6.6878,Z,338,Z,15.07,Z,35.4968,Z,35.5655,Z,59.4586,B,60.38,Z,23.7011,Z,23.7068,Z,23.7017,Z,23.668,Z,168,Z,,,9.22,Z,true,true,true,false,true,true,true,true,true,true,true,true,false,true,POINT (151.711181640625 -33.86824035644531)
soop_sst_nrt_trajectory_data.fid--1f707f45_1989dc45aa9_7983,12963,3003914,VRZN9,Pacific Celebes,,2012-03-19T00:42:00Z,Z,-33.8747,Z,151.7076,Z,21.43,Z,1019.02,Z,5.2408,Z,5.25,Z,8.2226,B,,,,,204.8,Z,6.7392,Z,338,Z,15.86,Z,35.496,Z,35.5607,Z,59.4018,B,57.36,Z,23.7431,Z,23.7498,Z,23.7431,Z,23.7059,Z,168,Z,,,9.94,Z,true,true,true,false,true,true,true,true,true,true,true,true,false,true,POINT (151.7075958251953 -33.874725341796875)
soop_sst_nrt_trajectory_data.fid--1f707f45_1989dc45aa9_7984,12963,3003915,VRZN9,Pacific Celebes,,2012-03-19T00:44:00Z,Z,-33.8815,Z,151.7038,Z,21.45,Z,1019.02,Z,5.2437,Z,5.2536,Z,8.2226,B,,,,,204.9,Z,6.4306,Z,338,Z,15.9,Z,35.4893,Z,35.5558,Z,59.3492,B,57.52,Z,23.779,Z,23.7902,Z,23.7815,Z,23.742,Z,169,Z,,,10.23,Z,true,true,true,false,true,true,true,true,true,true,true,true,false,true,POINT (151.70382690429688 -33.88148498535156)
soop_sst_nrt_trajectory_data.fid--1f707f45_1989dc45aa9_7985,12963,3003916,VRZN9,Pacific Celebes,,2012-03-19T00:46:00Z,Z,-33.8879,Z,151.7003,Z,21.56,Z,1018.97,Z,5.2456,Z,5.2551,Z,8.2226,B,,,,,205.1,Z,6.6878,Z,338,Z,15.86,Z,35.4883,Z,35.5528,Z,59.3258,B,62.41,Z,23.7984,Z,23.8082,Z,23.7986,Z,23.7596,Z,169,Z,,,9.98,Z,true,true,true,false,true,true,true,true,true,true,true,true,false,true,POINT (151.70025634765625 -33.887855529785156)
soop_sst_nrt_trajectory_data.fid--1f707f45_1989dc45aa9_7986,12963,3003917,VRZN9,Pacific Celebes,,2012-03-19T00:48:00Z,Z,-33.8942,Z,151.6968,Z,21.51,Z,1019.04,Z,5.2474,Z,5.2574,Z,8.2226,B,,,,,204.7,Z,6.7392,Z,338,Z,16.15,Z,35.4868,Z,35.5539,Z,59.2984,B,64.16,Z,23.8174,Z,23.8286,Z,23.8186,Z,23.7808,Z,168,Z,,,10.22,Z,true,true,true,false,true,true,true,true,true,true,true,true,false,true,POINT (151.69676208496094 -33.89418029785156)
soop_sst_nrt_trajectory_data.fid--1f707f45_1989dc45aa9_7987,12974,515296510,C6FS9,Stadacona,undefined,2014-10-25T01:00:00Z,Z,-33.8,Z,152.1,Z,19.6,Z,1014.8,Z,,,,,,,18.6,Z,,,45,Z,6.6878,Z,,,,,,,,,,,,,19.9,Z,,,,,,,40,Z,19,Z,2.0578,Z,true,true,false,true,true,true,false,false,false,false,true,true,true,true,POINT (152.10000610351562 -33.79999923706055)
soop_sst_nrt_trajectory_data.fid--1f707f45_1989dc45aa9_7988,12996,514985019,C6FS9,Stadacona,undefined,2014-10-31T06:00:00Z,Z,-33.7,Z,151.7,Z,21.3,Z,1008.3,Z,,,,,,,19.3,Z,,,225,Z,6.6878,Z,,,,,,,,,,,,,21.5,Z,,,,,,,50,Z,20,Z,11.8322,Z,true,true,false,true,true,true,false,false,false,false,true,true,true,true,POINT (151.6999969482422 -33.70000076293945)
soop_sst_nrt_trajectory_data.fid--1f707f45_1989dc45aa9_7989,13035,515263696,C6FS9,Stadacona,undefined,2014-11-07T06:00:00Z,Z,-33.8,Z,151.6,Z,18.6,Z,1020.2,Z,,,,,,,13.3,Z,,,45,Z,6.6878,Z,,,,,,,,,,,,,20.3,Z,,,,,,,120,Z,15.4,Z,8.7456,Z,true,true,false,true,true,true,false,false,false,false,true,true,true,true,POINT (151.60000610351562 -33.79999923706055)
soop_sst_nrt_trajectory_data.fid--1f707f45_1989dc45aa9_798a,13906,512062839,C6FS9,Stadacona,undefined,2015-04-12T05:00:00Z,Z,-33.8,Z,151.7,Z,19.4,Z,1017.7,Z,,,,,,,15.7,Z,,,225,Z,6.6878,Z,,,,,,,,,,,,,21.9,Z,,,,,,,190,Z,17.1,Z,10.8033,Z,true,true,false,true,true,true,false,false,false,false,true,true,true,true,POINT (151.6999969482422 -33.79999923706055)
soop_sst_nrt_trajectory_data.fid--1f707f45_1989dc45aa9_798b,13991,512063301,C6FS9,Stadacona,undefined,2015-05-08T00:00:00Z,Z,-33.7,Z,152.2,Z,17.2,Z,1018.9,Z,,,,,,,7.3,Z,,,360,Z,6.6878,Z,,,,,,,,,,,,,22.6,Z,,,,,,,220,Z,11.8,Z,6.1733,Z,true,true,false,true,true,true,false,false,false,false,true,true,true,true,POINT (152.1999969482422 -33.70000076293945)
soop_sst_nrt_trajectory_data.fid--1f707f45_1989dc45aa9_798c,14094,512063977,C6FS9,Stadacona,undefined,2015-06-07T19:00:00Z,Z,-33.7,Z,152.2,Z,18.5,Z,1022.9,Z,,,,,,,11.3,Z,,,225,Z,6.6878,Z,,,,,,,,,,,,,21.2,Z,,,,,,,310,Z,14.3,Z,13.3756,Z,true,true,false,true,true,true,false,false,false,false,true,true,true,true,POINT (152.1999969482422 -33.70000076293945)
soop_sst_nrt_trajectory_data.fid--1f707f45_1989dc45aa9_798d,14409,512065627,C6FS9,Stadacona,undefined,2015-08-26T09:00:00Z,Z,-33.8,Z,151.9,Z,16.7,Z,1020.5,Z,,,,,,,14.2,Z,,,45,Z,6.6878,Z,,,,,,,,,,,,,21.2,Z,,,,,,,180,Z,15.2,Z,3.6011,Z,true,true,false,true,true,true,false,false,false,false,true,true,true,true,POINT (151.89999389648438 -33.79999923706055)
soop_sst_nrt_trajectory_data.fid--1f707f45_1989dc45aa9_798e,14430,512065811,C6FS9,Stadacona,undefined,2015-09-03T13:00:00Z,Z,-33.7,Z,152.2,Z,16.8,Z,1010.7,Z,,,,,,,14.4,Z,,,225,Z,6.6878,Z,,,,,,,,,,,,,19.7,Z,,,,,,,70,Z,15.3,Z,6.1733,Z,true,true,false,true,true,true,false,false,false,false,true,true,true,true,POINT (152.1999969482422 -33.70000076293945)
soop_sst_nrt_trajectory_data.fid--1f707f45_1989dc45aa9_798f,14430,512065812,C6FS9,Stadacona,undefined,2015-09-03T14:00:00Z,Z,-33.7,Z,152,Z,16.6,Z,1012.1,Z,,,,,,,13.8,Z,,,225,Z,4.1156,Z,,,,,,,,,,,,,20.4,Z,,,,,,,60,Z,14.9,Z,5.1444,Z,true,true,false,true,true,true,false,false,false,false,true,true,true,true,POINT (152 -33.70000076293945)
soop_sst_nrt_trajectory_data.fid--1f707f45_1989dc45aa9_7990,14430,512065813,C6FS9,Stadacona,undefined,2015-09-03T15:00:00Z,Z,-33.8,Z,151.9,Z,16.8,Z,1014,Z,,,,,,,13.5,Z,,,225,Z,4.1156,Z,,,,,,,,,,,,,20.5,Z,,,,,,,50,Z,14.8,Z,5.1444,Z,true,true,false,true,true,true,false,false,false,false,true,true,true,true,POINT (151.89999389648438 -33.79999923706055)
soop_sst_nrt_trajectory_data.fid--1f707f45_1989dc45aa9_7991,14681,516694113,VRDU8,OOCL Panama,,2015-11-09T13:03:00Z,Z,-33.6928,Z,151.6533,Z,,,,,,,,,,,,,28.8, ,219.4628,Z,4.6549,Z,,,,,,,,,,,,,20.34,Z,,,,,,,,,,,,,false,false,false,false,true,true,false,false,false,false,true,false,false,false,POINT (151.65333557128906 -33.692832946777344)
soop_sst_nrt_trajectory_data.fid--1f707f45_1989dc45aa9_7992,14681,516694114,VRDU8,OOCL Panama,,2015-11-09T14:03:00Z,Z,-33.8072,Z,151.5517,Z,,,,,,,,,,,,,30.3, ,216.4498,Z,4.3969,Z,,,,,,,,,,,,,20.78,Z,,,,,,,,,,,,,false,false,false,false,true,true,false,false,false,false,true,false,false,false,POINT (151.55166625976562 -33.807167053222656)
soop_sst_nrt_trajectory_data.fid--1f707f45_1989dc45aa9_7993,14845,516697948,VRDU8,OOCL Panama,,2015-12-14T06:03:00Z,Z,-33.698,Z,151.6467,Z,,,,,,,,,,,,,22, ,218.0097,Z,5.2223,Z,,,,,,,,,,,,,23.11,Z,,,,,,,,,,,,,false,false,false,false,true,true,false,false,false,false,true,false,false,false,POINT (151.64666748046875 -33.698001861572266)
soop_sst_nrt_trajectory_data.fid--1f707f45_1989dc45aa9_7994,14845,516697949,VRDU8,OOCL Panama,,2015-12-14T07:03:00Z,Z,-33.8348,Z,151.5283,Z,,,,,,,,,,,,,24.9, ,215.6807,Z,5.2111,Z,,,,,,,,,,,,,23.05,Z,,,,,,,,,,,,,false,false,false,false,true,true,false,false,false,false,true,false,false,false,POINT (151.52833557128906 -33.834835052490234)
soop_sst_nrt_trajectory_data.fid--1f707f45_1989dc45aa9_7995,14897,515510043,C6FS9,Stadacona,undefined,2016-01-04T07:00:00Z,H,-33.8,Z,152.2,Z,21.6,Z,1015.7,Z,,,,,,,18.5,Z,,,360,Z,6.6878,Z,,,,,,,,,,,,,22.4,Z,,,,,,,100,Z,19.5,Z,14.9189,Z,true,true,false,true,true,true,false,false,false,false,true,true,true,true,POINT (152.1999969482422 -33.79999923706055)
soop_sst_nrt_trajectory_data.fid--1f707f45_1989dc45aa9_7996,14930,515542453,C6FS9,Stadacona,undefined,2016-01-15T11:00:00Z,Z,-33.8,Z,152.1,Z,19.6,Z,1026.5,Z,,,,,,,13.5,Z,,,225,Z,6.6878,Z,,,,,,,,,,,,,24.7,Z,,,,,,,190,Z,15.9,Z,14.9189,Z,true,true,false,true,true,true,false,false,false,false,true,true,true,true,POINT (152.10000610351562 -33.79999923706055)
soop_sst_nrt_trajectory_data.fid--1f707f45_1989dc45aa9_7997,15980,515536011,VRDU8,OOCL Panama,,2016-02-24T00:03:00Z,Z,-33.6833,Z,151.6633,Z,,,,,,,,,,,,,31.6,Z,218.1953,Z,4.8548,Z,,,,,,,,,,,,,24.21,Z,,,,,,,,,,,,,false,false,false,false,true,true,false,false,false,false,true,false,false,false,POINT (151.663330078125 -33.68333435058594)
soop_sst_nrt_trajectory_data.fid--1f707f45_1989dc45aa9_7998,15980,515536012,VRDU8,OOCL Panama,,2016-02-24T01:03:00Z,Z,-33.7978,Z,151.5567,Z,,,,,,,,,,,,,32.6,Z,217.7337,Z,4.4786,Z,,,,,,,,,,,,,24.52,Z,,,,,,,,,,,,,false,false,false,false,true,true,false,false,false,false,true,false,false,false,POINT (151.55667114257812 -33.79783248901367)
soop_sst_nrt_trajectory_data.fid--1f707f45_1989dc45aa9_7999,15980,515536013,VRDU8,OOCL Panama,,2016-02-24T02:03:00Z,Z,-33.8263,Z,151.5367,Z,,,,,,,,,,,,,29.7,Z,210.2442,Z,1.0202,Z,,,,,,,,,,,,,24.83,Q,,,,,,,,,,,,,false,false,false,false,true,true,false,false,false,false,true,false,false,false,POINT (151.5366668701172 -33.826332092285156)
soop_sst_nrt_trajectory_data.fid--1f707f45_1989dc45aa9_799a,15980,515536014,VRDU8,OOCL Panama,,2016-02-24T03:03:00Z,Z,-33.849,Z,151.51,Z,,,,,,,,,,,,,35.9,Z,224.3305,Z,0.98,Z,,,,,,,,,,,,,24.82,Q,,,,,,,,,,,,,false,false,false,false,true,true,false,false,false,false,true,false,false,false,POINT (151.50999450683594 -33.8489990234375)
soop_sst_nrt_trajectory_data.fid--1f707f45_1989dc45aa9_799b,15980,515536015,VRDU8,OOCL Panama,,2016-02-24T04:03:00Z,Z,-33.8733,Z,151.485,Z,,,,,,,,,,,,,28.9,Z,220.4545,Z,0.989,Z,,,,,,,,,,,,,24.73,Q,,,,,,,,,,,,,false,false,false,false,true,true,false,false,false,false,true,false,false,false,POINT (151.48500061035156 -33.87333297729492)
soop_sst_nrt_trajectory_data.fid--1f707f45_1989dc45aa9_799c,15980,515536016,VRDU8,OOCL Panama,,2016-02-24T05:03:00Z,Z,-33.8977,Z,151.4583,Z,,,,,,,,,,,,,29.2,Z,222.2874,Z,1.0173,Z,,,,,,,,,,,,,24.82,Q,,,,,,,,,,,,,false,false,false,false,true,true,false,false,false,false,true,false,false,false,POINT (151.4583282470703 -33.897666931152344)
soop_sst_nrt_trajectory_data.fid--1f707f45_1989dc45aa9_799d,16565,515617714,VRDU8,OOCL Panama,,2016-03-29T04:03:00Z,Z,-33.6222,Z,151.7217,Z,,,,,,,,,,,,,28.1,Z,219.6914,Z,4.8379,Z,,,,,,,,,,,,,24.09,Z,,,,,,,,,,,,,false,false,false,false,true,true,false,false,false,false,true,false,false,false,POINT (151.72166442871094 -33.62216567993164)
soop_sst_nrt_trajectory_data.fid--1f707f45_1989dc45aa9_799e,16565,515617715,VRDU8,OOCL Panama,,2016-03-29T05:03:00Z,Z,-33.7422,Z,151.6067,Z,,,,,,,,,,,,,28.9,Z,218.5381,Z,4.7461,Z,,,,,,,,,,,,,26.31,Z,,,,,,,,,,,,,false,false,false,false,true,true,false,false,false,false,true,false,false,false,POINT (151.60667419433594 -33.74216842651367)
soop_sst_nrt_trajectory_data.fid--1f707f45_1989dc45aa9_799f,16565,515617716,VRDU8,OOCL Panama,,2016-03-29T06:03:00Z,Z,-33.8707,Z,151.5333,Z,,,,,,,,,,,,,27.3,Z,205.3523,Z,4.3977,Z,,,,,,,,,,,,,26.39,Z,,,,,,,,,,,,,false,false,false,false,true,true,false,false,false,false,true,false,false,false,POINT (151.53334045410156 -33.87066650390625)
soop_sst_nrt_trajectory_data.fid--1f707f45_1989dc45aa9_79a0,16780,516743463,VRDU8,OOCL Panama,,2016-05-02T22:03:00Z,Z,-33.617,Z,151.7083,Z,,,,,,,,,,,,,36.7,Z,218.2343,Z,4.2993,Z,,,,,,,,,,,,,21.8,Z,,,,,,,,,,,,,false,false,false,false,true,true,false,false,false,false,true,false,false,false,POINT (151.7083282470703 -33.617000579833984)
soop_sst_nrt_trajectory_data.fid--1f707f45_1989dc45aa9_79a1,16780,516743464,VRDU8,OOCL Panama,,2016-05-02T23:03:00Z,Z,-33.7403,Z,151.6083,Z,,,,,,,,,,,,,32.7,Z,213.9796,Z,4.6006,Z,,,,,,,,,,,,,21.79,Z,,,,,,,,,,,,,false,false,false,false,true,true,false,false,false,false,true,false,false,false,POINT (151.60833740234375 -33.740333557128906)
soop_sst_nrt_trajectory_data.fid--1f707f45_1989dc45aa9_79a2,16912,516754317,HSB3403,Wana Bhum,,2012-08-29T14:54:00Z,Z,-33.6097,Z,151.6733,Z,,,,,,,,,,,,,24.3, ,216.8791,Z,8.5825,Z,,,,,,,,,,,,,17.94,Z,,,,,,,,,,,,,false,false,false,false,true,true,false,false,false,false,true,false,false,false,POINT (151.67333984375 -33.60966491699219)
soop_sst_nrt_trajectory_data.fid--1f707f45_1989dc45aa9_79a3,16912,516754318,HSB3403,Wana Bhum,,2012-08-29T14:59:00Z,Z,-33.6285,Z,151.6567,Z,,,,,,,,,,,,,25.9, ,216.3832,Z,8.6811,Z,,,,,,,,,,,,,17.94,Z,,,,,,,,,,,,,false,false,false,false,true,true,false,false,false,false,true,false,false,false,POINT (151.6566619873047 -33.628501892089844)
soop_sst_nrt_trajectory_data.fid--1f707f45_1989dc45aa9_79a4,16912,516754319,HSB3403,Wana Bhum,,2012-08-29T15:04:00Z,Z,-33.6472,Z,151.64,Z,,,,,,,,,,,,,24.1, ,216.6158,Z,8.6293,Z,,,,,,,,,,,,,17.94,Z,,,,,,,,,,,,,false,false,false,false,true,true,false,false,false,false,true,false,false,false,POINT (151.63999938964844 -33.64716720581055)
soop_sst_nrt_trajectory_data.fid--1f707f45_1989dc45aa9_79a5,16912,516754320,HSB3403,Wana Bhum,,2012-08-29T15:09:00Z,Z,-33.6655,Z,151.6233,Z,,,,,,,,,,,,,23.8, ,217.1104,Z,8.5311,Z,,,,,,,,,,,,,17.93,Z,,,,,,,,,,,,,false,false,false,false,true,true,false,false,false,false,true,false,false,false,POINT (151.6233367919922 -33.66550064086914)
soop_sst_nrt_trajectory_data.fid--1f707f45_1989dc45aa9_79a6,16912,516754321,HSB3403,Wana Bhum,,2012-08-29T15:14:00Z,Z,-33.6838,Z,151.6067,Z,,,,,,,,,,,,,26, ,217.1045,Z,8.5305,Z,,,,,,,,,,,,,17.89,Z,,,,,,,,,,,,,false,false,false,false,true,true,false,false,false,false,true,false,false,false,POINT (151.60667419433594 -33.683834075927734)
soop_sst_nrt_trajectory_data.fid--1f707f45_1989dc45aa9_79a7,16912,516754322,HSB3403,Wana Bhum,,2012-08-29T15:19:00Z,Z,-33.7022,Z,151.59,Z,,,,,,,,,,,,,25.5, ,217.0986,Z,8.5298,Z,,,,,,,,,,,,,17.88,Z,,,,,,,,,,,,,false,false,false,false,true,true,false,false,false,false,true,false,false,false,POINT (151.58999633789062 -33.70216751098633)
soop_sst_nrt_trajectory_data.fid--1f707f45_1989dc45aa9_79a8,16912,516754323,HSB3403,Wana Bhum,,2012-08-29T15:24:00Z,Z,-33.721,Z,151.5733,Z,,,,,,,,,,,,,25, ,216.3538,Z,8.6778,Z,,,,,,,,,,,,,17.87,Z,,,,,,,,,,,,,false,false,false,false,true,true,false,false,false,false,true,false,false,false,POINT (151.57333374023438 -33.72100067138672)
soop_sst_nrt_trajectory_data.fid--1f707f45_1989dc45aa9_79a9,16912,516754324,HSB3403,Wana Bhum,,2012-08-29T15:29:00Z,Z,-33.74,Z,151.555,Z,,,,,,,,,,,,,24.7, ,218.7412,Z,9.0397,Z,,,,,,,,,,,,,17.84,Z,,,,,,,,,,,,,false,false,false,false,true,true,false,false,false,false,true,false,false,false,POINT (151.55499267578125 -33.7400016784668)
soop_sst_nrt_trajectory_data.fid--1f707f45_1989dc45aa9_79aa,16912,516754325,HSB3403,Wana Bhum,,2012-08-29T15:34:00Z,Z,-33.759,Z,151.5383,Z,,,,,,,,,,,,,25, ,216.101,Z,8.7264,Z,,,,,,,,,,,,,17.85,Z,,,,,,,,,,,,,false,false,false,false,true,true,false,false,false,false,true,false,false,false,POINT (151.538330078125 -33.75899887084961)
soop_sst_nrt_trajectory_data.fid--1f707f45_1989dc45aa9_79ab,16912,516754326,HSB3403,Wana Bhum,,2012-08-29T15:39:00Z,Z,-33.7778,Z,151.5217,Z,,,,,,,,,,,,,24.7, ,216.3356,Z,8.6758,Z,,,,,,,,,,,,,17.83,Z,,,,,,,,,,,,,false,false,false,false,true,true,false,false,false,false,true,false,false,false,POINT (151.52166748046875 -33.77783203125)
soop_sst_nrt_trajectory_data.fid--1f707f45_1989dc45aa9_79ac,16912,516754327,HSB3403,Wana Bhum,,2012-08-29T15:44:00Z,Z,-33.797,Z,151.505,Z,,,,,,,,,,,,,24.5, ,215.8511,Z,8.7751,Z,,,,,,,,,,,,,17.79,Z,,,,,,,,,,,,,false,false,false,false,true,true,false,false,false,false,true,false,false,false,POINT (151.5050048828125 -33.797000885009766)
soop_sst_nrt_trajectory_data.fid--1f707f45_1989dc45aa9_79ad,16912,516754328,HSB3403,Wana Bhum,,2012-08-29T15:49:00Z,Z,-33.8165,Z,151.49,Z,,,,,,,,,,,,,24.4, ,212.5813,Z,8.5876,Z,,,,,,,,,,,,,17.72,Z,,,,,,,,,,,,,false,false,false,false,true,true,false,false,false,false,true,false,false,false,POINT (151.49000549316406 -33.81650161743164)
soop_sst_nrt_trajectory_data.fid--1f707f45_1989dc45aa9_79ae,16912,516754329,HSB3403,Wana Bhum,,2012-08-29T15:54:00Z,Z,-33.8357,Z,151.475,Z,,,,,,,,,,,,,24.9, ,213.0252,Z,8.4831,Z,,,,,,,,,,,,,17.71,Z,,,,,,,,,,,,,false,false,false,false,true,true,false,false,false,false,true,false,false,false,POINT (151.47500610351562 -33.83566665649414)
soop_sst_nrt_trajectory_data.fid--1f707f45_1989dc45aa9_79af,16912,516754330,HSB3403,Wana Bhum,,2012-08-29T15:59:00Z,Z,-33.8558,Z,151.46,Z,,,,,,,,,,,,,23.4, ,211.7018,Z,8.796,Z,,,,,,,,,,,,,17.71,Z,,,,,,,,,,,,,false,false,false,false,true,true,false,false,false,false,true,false,false,false,POINT (151.4600067138672 -33.8558349609375)
soop_sst_nrt_trajectory_data.fid--1f707f45_1989dc45aa9_79b0,16912,516754331,HSB3403,Wana Bhum,,2012-08-29T16:04:00Z,Z,-33.8768,Z,151.4483,Z,,,,,,,,,,,,,25.2, ,204.7749,Z,8.5819,Z,,,,,,,,,,,,,17.6,Z,,,,,,,,,,,,,false,false,false,false,true,true,false,false,false,false,true,false,false,false,POINT (151.44833374023438 -33.876834869384766)
soop_sst_nrt_trajectory_data.fid--1f707f45_1989dc45aa9_79b1,16912,516754332,HSB3403,Wana Bhum,,2012-08-29T16:09:00Z,Z,-33.8977,Z,151.435,Z,,,,,,,,,,,,,25.9, ,207.9774,Z,8.7539,Z,,,,,,,,,,,,,17.49,Z,,,,,,,,,,,,,false,false,false,false,true,true,false,false,false,false,true,false,false,false,POINT (151.43499755859375 -33.897666931152344)
soop_sst_nrt_trajectory_data.fid--1f707f45_1989dc45aa9_79b2,16941,516755806,HSB3403,Wana Bhum,,2012-09-27T00:59:00Z,Z,-33.7873,Z,151.5333,Z,,,,,,,,,,,,,29.8, ,214.0411,Z,8.034,Z,,,,,,,,,,,,,18.87,Z,,,,,,,,,,,,,false,false,false,false,true,true,false,false,false,false,true,false,false,false,POINT (151.53334045410156 -33.78733444213867)
soop_sst_nrt_trajectory_data.fid--1f707f45_1989dc45aa9_79b3,16941,516755807,HSB3403,Wana Bhum,,2012-09-27T01:59:00Z,Z,-33.8853,Z,151.4183,Z,,,,,,,,,,,,,25.2, ,224.2367,Z,4.2319,Z,,,,,,,,,,,,,18.58,Z,,,,,,,,,,,,,false,false,false,false,true,true,false,false,false,false,true,false,false,false,POINT (151.4183349609375 -33.88533401489258)
soop_sst_nrt_trajectory_data.fid--1f707f45_1989dc45aa9_79b4,16969,516756476,HSB3403,Wana Bhum,,2012-10-25T12:59:00Z,Z,-33.722,Z,151.575,Z,,,,,,,,,,,,,26.2, ,215.7961,Z,8.3547,Z,,,,,,,,,,,,,19,Z,,,,,,,,,,,,,false,false,false,false,true,true,false,false,false,false,true,false,false,false,POINT (151.5749969482422 -33.72200012207031)
soop_sst_nrt_trajectory_data.fid--1f707f45_1989dc45aa9_79b5,16969,516756477,HSB3403,Wana Bhum,,2012-10-25T13:59:00Z,Z,-33.8798,Z,151.4417,Z,,,,,,,,,,,,,21.8, ,215.0306,Z,5.963,Z,,,,,,,,,,,,,19.32,Z,,,,,,,,,,,,,false,false,false,false,true,true,false,false,false,false,true,false,false,false,POINT (151.44166564941406 -33.87983322143555)
soop_sst_nrt_trajectory_data.fid--1f707f45_1989dc45aa9_79b6,16997,516757133,HSB3403,Wana Bhum,,2012-11-22T15:59:00Z,Z,-33.7252,Z,151.5683,Z,,,,,,,,,,,,,25.1, ,216.6319,Z,8.9078,Z,,,,,,,,,,,,,20.32,Z,,,,,,,,,,,,,false,false,false,false,true,true,false,false,false,false,true,false,false,false,POINT (151.56832885742188 -33.72516632080078)
soop_sst_nrt_trajectory_data.fid--1f707f45_1989dc45aa9_79b7,17026,516757811,HSB3403,Wana Bhum,,2012-12-21T06:59:00Z,Z,-33.6445,Z,151.6433,Z,,,,,,,,,,,,,26.2, ,215.5095,Z,7.8302,Z,,,,,,,,,,,,,20.92,Z,,,,,,,,,,,,,false,false,false,false,true,true,false,false,false,false,true,false,false,false,POINT (151.64332580566406 -33.644500732421875)
soop_sst_nrt_trajectory_data.fid--1f707f45_1989dc45aa9_79b8,17026,516757812,HSB3403,Wana Bhum,,2012-12-21T07:59:00Z,Z,-33.8432,Z,151.4383,Z,,,,,,,,,,,,,25.7, ,220.573,Z,8.0946,Z,,,,,,,,,,,,,20.99,Z,,,,,,,,,,,,,false,false,false,false,true,true,false,false,false,false,true,false,false,false,POINT (151.43833923339844 -33.84316635131836)
soop_sst_nrt_trajectory_data.fid--1f707f45_1989dc45aa9_79b9,17053,516758392,HSB3403,Wana Bhum,,2013-01-17T06:59:00Z,Z,-33.6268,Z,151.6567,Z,,,,,,,,,,,,,24.7, ,216.2642,Z,8.0526,Z,,,,,,,,,,,,,22.94,Z,,,,,,,,,,,,,false,false,false,false,true,true,false,false,false,false,true,false,false,false,POINT (151.6566619873047 -33.626834869384766)
soop_sst_nrt_trajectory_data.fid--1f707f45_1989dc45aa9_79ba,17053,516758393,HSB3403,Wana Bhum,,2013-01-17T07:59:00Z,Z,-33.8365,Z,151.4717,Z,,,,,,,,,,,,,24.1, ,216.2197,Z,8.0416,Z,,,,,,,,,,,,,22.76,Z,,,,,,,,,,,,,false,false,false,false,true,true,false,false,false,false,true,false,false,false,POINT (151.47166442871094 -33.83649826049805)
soop_sst_nrt_trajectory_data.fid--1f707f45_1989dc45aa9_79bb,17081,516759057,HSB3403,Wana Bhum,,2013-02-14T14:59:00Z,Z,-33.751,Z,151.5483,Z,,,,,,,,,,,,,28.1, ,215.4244,Z,8.3538,Z,,,,,,,,,,,,,23.98,Z,,,,,,,,,,,,,false,false,false,false,true,true,false,false,false,false,true,false,false,false,POINT (151.54833984375 -33.750999450683594)
soop_sst_nrt_trajectory_data.fid--1f707f45_1989dc45aa9_79bc,17109,516759706,HSB3403,Wana Bhum,,2013-03-15T05:59:00Z,Z,-33.7825,Z,151.6017,Z,,,,,,,,,,,,,25.6, ,202.0159,Z,6.8557,Z,,,,,,,,,,,,,23.43,Z,,,,,,,,,,,,,false,false,false,false,true,true,false,false,false,false,true,false,false,false,POINT (151.60166931152344 -33.782501220703125)
soop_sst_nrt_trajectory_data.fid--1f707f45_1989dc45aa9_79bd,17137,516760378,HSB3403,Wana Bhum,,2013-04-12T10:59:00Z,Z,-33.7413,Z,151.5467,Z,,,,,,,,,,,,,28.4, ,217.2932,Z,10.1149,Z,,,,,,,,,,,,,24.07,Z,,,,,,,,,,,,,false,false,false,false,true,true,false,false,false,false,true,false,false,false,POINT (151.54666137695312 -33.7413330078125)
soop_sst_nrt_trajectory_data.fid--1f707f45_1989dc45aa9_79be,17686,517517282,HSB3402,Xutra Bhum,,2013-01-10T09:59:00Z,Z,-33.774,Z,151.5233,Z,,,,,,,,,,,,,24.4,Z,214.8742,Z,9.2156,Z,,,,,,,,,,,,,21.95,Z,,,,,,,,,,,,,false,false,false,false,true,true,false,false,false,false,true,false,false,false,POINT (151.52333068847656 -33.77399826049805)
soop_sst_nrt_trajectory_data.fid--1f707f45_1989dc45aa9_79bf,17711,517517858,HSB3402,Xutra Bhum,,2013-02-07T20:59:00Z,Z,-33.6157,Z,151.66,Z,,,,,,,,,,,,,25.2,Z,215.6573,Z,6.1112,Z,,,,,,,,,,,,,22,Z,,,,,,,,,,,,,false,false,false,false,true,true,false,false,false,false,true,false,false,false,POINT (151.66000366210938 -33.615665435791016)
soop_sst_nrt_trajectory_data.fid--1f707f45_1989dc45aa9_79c0,17711,517517859,HSB3402,Xutra Bhum,,2013-02-07T21:59:00Z,Z,-33.7747,Z,151.5167,Z,,,,,,,,,,,,,26.5,Z,216.8315,Z,6.146,Z,,,,,,,,,,,,,21.82,Z,,,,,,,,,,,,,false,false,false,false,true,true,false,false,false,false,true,false,false,false,POINT (151.51666259765625 -33.77466583251953)
soop_sst_nrt_trajectory_data.fid--1f707f45_1989dc45aa9_79c1,17711,517517860,HSB3402,Xutra Bhum,,2013-02-07T22:59:00Z,Z,-33.823,Z,151.4833,Z,,,,,,,,,,,,,24.3,Z,209.8043,Z,1.7226,Z,,,,,,,,,,,,,22,Q,,,,,,,,,,,,,false,false,false,false,true,true,false,false,false,false,true,false,false,false,POINT (151.48333740234375 -33.823001861572266)
soop_sst_nrt_trajectory_data.fid--1f707f45_1989dc45aa9_79c2,17711,517517861,HSB3402,Xutra Bhum,,2013-02-07T23:59:00Z,Z,-33.8367,Z,151.4617,Z,,,,,,,,,,,,,23.5,Z,232.7925,Z,0.6989,Z,,,,,,,,,,,,,22.13,Q,,,,,,,,,,,,,false,false,false,false,true,true,false,false,false,false,true,false,false,false,POINT (151.461669921875 -33.836666107177734)
soop_sst_nrt_trajectory_data.fid--1f707f45_1989dc45aa9_79c3,17712,517517862,HSB3402,Xutra Bhum,,2013-02-08T00:59:00Z,Z,-33.8493,Z,151.44,Z,,,,,,,,,,,,,21.8,Z,234.8561,Z,0.6806,Z,,,,,,,,,,,,,22.24,Q,,,,,,,,,,,,,false,false,false,false,true,true,false,false,false,false,true,false,false,false,POINT (151.44000244140625 -33.849334716796875)
soop_sst_nrt_trajectory_data.fid--1f707f45_1989dc45aa9_79c4,17712,517517863,HSB3402,Xutra Bhum,,2013-02-08T01:59:00Z,Z,-33.8608,Z,151.415,Z,,,,,,,,,,,,,25.4,Z,241.0155,Z,0.7339,Z,,,,,,,,,,,,,22.25,Q,,,,,,,,,,,,,false,false,false,false,true,true,false,false,false,false,true,false,false,false,POINT (151.4149932861328 -33.86083221435547)
soop_sst_nrt_trajectory_data.fid--1f707f45_1989dc45aa9_79c5,17712,517517864,HSB3402,Xutra Bhum,,2013-02-08T02:59:00Z,Z,-33.8813,Z,151.39,Z,,,,,,,,,,,,,27.7,Z,225.3412,Z,0.902,Z,,,,,,,,,,,,,22.34,Q,,,,,,,,,,,,,false,false,false,false,true,true,false,false,false,false,true,false,false,false,POINT (151.38999938964844 -33.88133239746094)
soop_sst_nrt_trajectory_data.fid--1f707f45_1989dc45aa9_79c6,17739,517518526,HSB3402,Xutra Bhum,,2013-03-07T21:59:00Z,Z,-33.7938,Z,151.5,Z,,,,,,,,,,,,,26.9,Z,214.4101,Z,9.1703,Z,,,,,,,,,,,,,24.98,Z,,,,,,,,,,,,,false,false,false,false,true,true,false,false,false,false,true,false,false,false,POINT (151.5 -33.7938346862793)
soop_sst_nrt_trajectory_data.fid--1f707f45_1989dc45aa9_79c7,17772,517519315,HSB3402,Xutra Bhum,,2013-04-09T22:59:00Z,Z,-33.8335,Z,151.4733,Z,,,,,,,,,,,,,27.2,Z,188.6165,Z,8.0015,Z,,,,,,,,,,,,,23.49,Z,,,,,,,,,,,,,false,false,false,false,true,true,false,false,false,false,true,false,false,false,POINT (151.47332763671875 -33.833499908447266)
soop_sst_nrt_trajectory_data.fid--1f707f45_1989dc45aa9_79c8,17786,517522064,HSB3402,Xutra Bhum,,2012-07-26T03:09:00Z,Z,-33.6147,Z,151.66,Z,,,,,,,,,,,,,24.1,Z,215.3258,Z,7.1257,Z,,,,,,,,,,,,,19.45,Z,,,,,,,,,,,,,false,false,false,false,true,true,false,false,false,false,true,false,false,false,POINT (151.66000366210938 -33.61466598510742)
soop_sst_nrt_trajectory_data.fid--1f707f45_1989dc45aa9_79c9,17786,517522065,HSB3402,Xutra Bhum,,2012-07-26T03:14:00Z,Z,-33.6288,Z,151.6483,Z,,,,,,,,,,,,,24.4,Z,214.4376,Z,6.3741,Z,,,,,,,,,,,,,19.47,Z,,,,,,,,,,,,,false,false,false,false,true,true,false,false,false,false,true,false,false,false,POINT (151.64833068847656 -33.62883377075195)
soop_sst_nrt_trajectory_data.fid--1f707f45_1989dc45aa9_79ca,17786,517522066,HSB3402,Xutra Bhum,,2012-07-26T03:19:00Z,Z,-33.643,Z,151.6367,Z,,,,,,,,,,,,,23.7,Z,214.4332,Z,6.3738,Z,,,,,,,,,,,,,19.45,Z,,,,,,,,,,,,,false,false,false,false,true,true,false,false,false,false,true,false,false,false,POINT (151.6366729736328 -33.643001556396484)
soop_sst_nrt_trajectory_data.fid--1f707f45_1989dc45aa9_79cb,17786,517522067,HSB3402,Xutra Bhum,,2012-07-26T03:24:00Z,Z,-33.6568,Z,151.6233,Z,,,,,,,,,,,,,26.7,Z,218.7381,Z,6.5811,Z,,,,,,,,,,,,,19.56,Z,,,,,,,,,,,,,false,false,false,false,true,true,false,false,false,false,true,false,false,false,POINT (151.6233367919922 -33.65683364868164)
soop_sst_nrt_trajectory_data.fid--1f707f45_1989dc45aa9_79cc,17786,517522068,HSB3402,Xutra Bhum,,2012-07-26T03:29:00Z,Z,-33.6705,Z,151.6117,Z,,,,,,,,,,,,,26.3,Z,215.3907,Z,6.221,Z,,,,,,,,,,,,,19.74,Z,,,,,,,,,,,,,false,false,false,false,true,true,false,false,false,false,true,false,false,false,POINT (151.61166381835938 -33.670501708984375)
soop_sst_nrt_trajectory_data.fid--1f707f45_1989dc45aa9_79cd,17786,517522069,HSB3402,Xutra Bhum,,2012-07-26T03:34:00Z,Z,-33.6845,Z,151.6,Z,,,,,,,,,,,,,27,Z,214.7372,Z,6.3219,Z,,,,,,,,,,,,,19.83,Z,,,,,,,,,,,,,false,false,false,false,true,true,false,false,false,false,true,false,false,false,POINT (151.60000610351562 -33.68450164794922)
soop_sst_nrt_trajectory_data.fid--1f707f45_1989dc45aa9_79ce,17786,517522070,HSB3402,Xutra Bhum,,2012-07-26T03:39:00Z,Z,-33.6987,Z,151.5883,Z,,,,,,,,,,,,,27.9,Z,214.4159,Z,6.3725,Z,,,,,,,,,,,,,19.88,Z,,,,,,,,,,,,,false,false,false,false,true,true,false,false,false,false,true,false,false,false,POINT (151.5883331298828 -33.698665618896484)
soop_sst_nrt_trajectory_data.fid--1f707f45_1989dc45aa9_79cf,17786,517522071,HSB3402,Xutra Bhum,,2012-07-26T03:44:00Z,Z,-33.7127,Z,151.5767,Z,,,,,,,,,,,,,22.1,Z,214.7284,Z,6.3212,Z,,,,,,,,,,,,,19.9,Z,,,,,,,,,,,,,false,false,false,false,true,true,false,false,false,false,true,false,false,false,POINT (151.57666015625 -33.71266555786133)
soop_sst_nrt_trajectory_data.fid--1f707f45_1989dc45aa9_79d0,17786,517522072,HSB3402,Xutra Bhum,,2012-07-26T03:49:00Z,Z,-33.7267,Z,151.565,Z,,,,,,,,,,,,,26.6,Z,214.724,Z,6.3209,Z,,,,,,,,,,,,,19.9,Z,,,,,,,,,,,,,false,false,false,false,true,true,false,false,false,false,true,false,false,false,POINT (151.56500244140625 -33.72666549682617)
soop_sst_nrt_trajectory_data.fid--1f707f45_1989dc45aa9_79d1,17786,517522073,HSB3402,Xutra Bhum,,2012-07-26T03:54:00Z,Z,-33.7407,Z,151.5517,Z,,,,,,,,,,,,,25.5,Z,218.3765,Z,6.627,Z,,,,,,,,,,,,,19.9,Z,,,,,,,,,,,,,false,false,false,false,true,true,false,false,false,false,true,false,false,false,POINT (151.55166625976562 -33.740665435791016)
soop_sst_nrt_trajectory_data.fid--1f707f45_1989dc45aa9_79d2,17786,517522074,HSB3402,Xutra Bhum,,2012-07-26T03:59:00Z,Z,-33.7548,Z,151.54,Z,,,,,,,,,,,,,25.3,Z,214.3985,Z,6.3711,Z,,,,,,,,,,,,,19.92,Z,,,,,,,,,,,,,false,false,false,false,true,true,false,false,false,false,true,false,false,false,POINT (151.5399932861328 -33.75483322143555)
soop_sst_nrt_trajectory_data.fid--1f707f45_1989dc45aa9_79d3,17786,517522075,HSB3402,Xutra Bhum,,2012-07-26T04:04:00Z,Z,-33.7688,Z,151.5283,Z,,,,,,,,,,,,,27,Z,214.6952,Z,6.3187,Z,,,,,,,,,,,,,19.95,Z,,,,,,,,,,,,,false,false,false,false,true,true,false,false,false,false,true,false,false,false,POINT (151.52833557128906 -33.76883316040039)
soop_sst_nrt_trajectory_data.fid--1f707f45_1989dc45aa9_79d4,17786,517522076,HSB3402,Xutra Bhum,,2012-07-26T04:09:00Z,Z,-33.7828,Z,151.5167,Z,,,,,,,,,,,,,22.5,Z,214.7064,Z,6.3195,Z,,,,,,,,,,,,,19.96,Z,,,,,,,,,,,,,false,false,false,false,true,true,false,false,false,false,true,false,false,false,POINT (151.51666259765625 -33.782833099365234)
soop_sst_nrt_trajectory_data.fid--1f707f45_1989dc45aa9_79d5,17786,517522077,HSB3402,Xutra Bhum,,2012-07-26T04:14:00Z,Z,-33.7968,Z,151.505,Z,,,,,,,,,,,,,27.3,Z,214.702,Z,6.3192,Z,,,,,,,,,,,,,19.96,Z,,,,,,,,,,,,,false,false,false,false,true,true,false,false,false,false,true,false,false,false,POINT (151.5050048828125 -33.79683303833008)
soop_sst_nrt_trajectory_data.fid--1f707f45_1989dc45aa9_79d6,17786,517522078,HSB3402,Xutra Bhum,,2012-07-26T04:19:00Z,Z,-33.8108,Z,151.4917,Z,,,,,,,,,,,,,28.2,Z,218.3536,Z,6.6249,Z,,,,,,,,,,,,,19.93,Z,,,,,,,,,,,,,false,false,false,false,true,true,false,false,false,false,true,false,false,false,POINT (151.49166870117188 -33.81083297729492)
soop_sst_nrt_trajectory_data.fid--1f707f45_1989dc45aa9_79d7,17786,517522079,HSB3402,Xutra Bhum,,2012-07-26T04:24:00Z,Z,-33.825,Z,151.48,Z,,,,,,,,,,,,,28.5,Z,214.3766,Z,6.3695,Z,,,,,,,,,,,,,19.9,Z,,,,,,,,,,,,,false,false,false,false,true,true,false,false,false,false,true,false,false,false,POINT (151.47999572753906 -33.82500076293945)
soop_sst_nrt_trajectory_data.fid--1f707f45_1989dc45aa9_79d8,17786,517522080,HSB3402,Xutra Bhum,,2012-07-26T04:29:00Z,Z,-33.8393,Z,151.4683,Z,,,,,,,,,,,,,31.2,Z,214.0605,Z,6.4203,Z,,,,,,,,,,,,,19.86,Z,,,,,,,,,,,,,false,false,false,false,true,true,false,false,false,false,true,false,false,false,POINT (151.4683380126953 -33.839332580566406)
soop_sst_nrt_trajectory_data.fid--1f707f45_1989dc45aa9_79d9,17786,517522081,HSB3402,Xutra Bhum,,2012-07-26T04:34:00Z,Z,-33.8537,Z,151.4567,Z,,,,,,,,,,,,,27.8,Z,214.056,Z,6.4199,Z,,,,,,,,,,,,,19.78,Z,,,,,,,,,,,,,false,false,false,false,true,true,false,false,false,false,true,false,false,false,POINT (151.4566650390625 -33.853668212890625)
soop_sst_nrt_trajectory_data.fid--1f707f45_1989dc45aa9_79da,17786,517522082,HSB3402,Xutra Bhum,,2012-07-26T04:39:00Z,Z,-33.868,Z,151.4433,Z,,,,,,,,,,,,,28.7,Z,217.6809,Z,6.7207,Z,,,,,,,,,,,,,19.71,Z,,,,,,,,,,,,,false,false,false,false,true,true,false,false,false,false,true,false,false,false,POINT (151.44332885742188 -33.86800003051758)
soop_sst_nrt_trajectory_data.fid--1f707f45_1989dc45aa9_79db,17786,517522083,HSB3402,Xutra Bhum,,2012-07-26T04:44:00Z,Z,-33.8823,Z,151.4317,Z,,,,,,,,,,,,,28.7,Z,214.0471,Z,6.4193,Z,,,,,,,,,,,,,19.68,Z,,,,,,,,,,,,,false,false,false,false,true,true,false,false,false,false,true,false,false,false,POINT (151.43167114257812 -33.88233184814453)
soop_sst_nrt_trajectory_data.fid--1f707f45_1989dc45aa9_79dc,17786,517522084,HSB3402,Xutra Bhum,,2012-07-26T04:49:00Z,Z,-33.8968,Z,151.42,Z,,,,,,,,,,,,,28.6,Z,213.736,Z,6.4703,Z,,,,,,,,,,,,,19.64,Z,,,,,,,,,,,,,false,false,false,false,true,true,false,false,false,false,true,false,false,false,POINT (151.4199981689453 -33.89683151245117)
soop_sst_nrt_trajectory_data.fid--1f707f45_1989dc45aa9_79dd,17812,517529297,HSB3402,Xutra Bhum,,2012-08-23T12:54:00Z,Z,-33.6077,Z,151.6667,Z,,,,,,,,,,,,,26.2,Z,213.7912,Z,8.335,Z,,,,,,,,,,,,,18.17,Z,,,,,,,,,,,,,false,false,false,false,true,true,false,false,false,false,true,false,false,false,POINT (151.6666717529297 -33.607666015625)
soop_sst_nrt_trajectory_data.fid--1f707f45_1989dc45aa9_79de,17812,517529298,HSB3402,Xutra Bhum,,2012-08-23T12:59:00Z,Z,-33.6262,Z,151.65,Z,,,,,,,,,,,,,25.9,Z,216.8738,Z,8.5819,Z,,,,,,,,,,,,,18.34,Z,,,,,,,,,,,,,false,false,false,false,true,true,false,false,false,false,true,false,false,false,POINT (151.64999389648438 -33.62616729736328)
soop_sst_nrt_trajectory_data.fid--1f707f45_1989dc45aa9_79df,17812,517529299,HSB3402,Xutra Bhum,,2012-08-23T13:04:00Z,Z,-33.6443,Z,151.6333,Z,,,,,,,,,,,,,24.4,Z,217.3601,Z,8.4813,Z,,,,,,,,,,,,,18.45,Z,,,,,,,,,,,,,false,false,false,false,true,true,false,false,false,false,true,false,false,false,POINT (151.63333129882812 -33.64433288574219)
soop_sst_nrt_trajectory_data.fid--1f707f45_1989dc45aa9_79e0,17812,517529300,HSB3402,Xutra Bhum,,2012-08-23T13:09:00Z,Z,-33.6625,Z,151.6167,Z,,,,,,,,,,,,,24.2,Z,217.3634,Z,8.482,Z,,,,,,,,,,,,,18.46,Z,,,,,,,,,,,,,false,false,false,false,true,true,false,false,false,false,true,false,false,false,POINT (151.61666870117188 -33.662498474121094)
soop_sst_nrt_trajectory_data.fid--1f707f45_1989dc45aa9_79e1,17812,517529301,HSB3402,Xutra Bhum,,2012-08-23T13:14:00Z,Z,-33.6807,Z,151.6,Z,,,,,,,,,,,,,23.9,Z,217.3576,Z,8.4813,Z,,,,,,,,,,,,,18.41,Z,,,,,,,,,,,,,false,false,false,false,true,true,false,false,false,false,true,false,false,false,POINT (151.60000610351562 -33.680667877197266)
soop_sst_nrt_trajectory_data.fid--1f707f45_1989dc45aa9_79e2,17812,517529302,HSB3402,Xutra Bhum,,2012-08-23T13:19:00Z,Z,-33.6992,Z,151.5833,Z,,,,,,,,,,,,,25,Z,216.8505,Z,8.5793,Z,,,,,,,,,,,,,18.36,Z,,,,,,,,,,,,,false,false,false,false,true,true,false,false,false,false,true,false,false,false,POINT (151.5833282470703 -33.69916534423828)
soop_sst_nrt_trajectory_data.fid--1f707f45_1989dc45aa9_79e3,17812,517529303,HSB3402,Xutra Bhum,,2012-08-23T13:24:00Z,Z,-33.7177,Z,151.5683,Z,,,,,,,,,,,,,24.6,Z,213.9952,Z,8.2804,Z,,,,,,,,,,,,,18.34,Z,,,,,,,,,,,,,false,false,false,false,true,true,false,false,false,false,true,false,false,false,POINT (151.56832885742188 -33.71766662597656)
soop_sst_nrt_trajectory_data.fid--1f707f45_1989dc45aa9_79e4,17812,517529304,HSB3402,Xutra Bhum,,2012-08-23T13:29:00Z,Z,-33.7367,Z,151.5517,Z,,,,,,,,,,,,,24.4,Z,216.1081,Z,8.7272,Z,,,,,,,,,,,,,18.33,Z,,,,,,,,,,,,,false,false,false,false,true,true,false,false,false,false,true,false,false,false,POINT (151.55166625976562 -33.73666763305664)
soop_sst_nrt_trajectory_data.fid--1f707f45_1989dc45aa9_79e5,17812,517529305,HSB3402,Xutra Bhum,,2012-08-23T13:34:00Z,Z,-33.7557,Z,151.5367,Z,,,,,,,,,,,,,23.1,Z,213.2788,Z,8.4337,Z,,,,,,,,,,,,,18.33,Z,,,,,,,,,,,,,false,false,false,false,true,true,false,false,false,false,true,false,false,false,POINT (151.5366668701172 -33.75566482543945)
soop_sst_nrt_trajectory_data.fid--1f707f45_1989dc45aa9_79e6,17812,517529306,HSB3402,Xutra Bhum,,2012-08-23T13:39:00Z,Z,-33.7748,Z,151.5217,Z,,,,,,,,,,,,,20.6,Z,213.0438,Z,8.4849,Z,,,,,,,,,,,,,18.29,Z,,,,,,,,,,,,,false,false,false,false,true,true,false,false,false,false,true,false,false,false,POINT (151.52166748046875 -33.77483367919922)
soop_sst_nrt_trajectory_data.fid--1f707f45_1989dc45aa9_79e7,17812,517529307,HSB3402,Xutra Bhum,,2012-08-23T13:44:00Z,Z,-33.7938,Z,151.505,Z,,,,,,,,,,,,,23.6,Z,216.0899,Z,8.7251,Z,,,,,,,,,,,,,18.18,Z,,,,,,,,,,,,,false,false,false,false,true,true,false,false,false,false,true,false,false,false,POINT (151.5050048828125 -33.7938346862793)
soop_sst_nrt_trajectory_data.fid--1f707f45_1989dc45aa9_79e8,17812,517529308,HSB3402,Xutra Bhum,,2012-08-23T13:49:00Z,Z,-33.813,Z,151.49,Z,,,,,,,,,,,,,22.4,Z,213.0322,Z,8.4838,Z,,,,,,,,,,,,,18.01,Z,,,,,,,,,,,,,false,false,false,false,true,true,false,false,false,false,true,false,false,false,POINT (151.49000549316406 -33.8129997253418)
soop_sst_nrt_trajectory_data.fid--1f707f45_1989dc45aa9_79e9,17812,517529309,HSB3402,Xutra Bhum,,2012-08-23T13:54:00Z,Z,-33.832,Z,151.4733,Z,,,,,,,,,,,,,22.2,Z,216.0778,Z,8.7238,Z,,,,,,,,,,,,,17.88,Z,,,,,,,,,,,,,false,false,false,false,true,true,false,false,false,false,true,false,false,false,POINT (151.47332763671875 -33.832000732421875)
soop_sst_nrt_trajectory_data.fid--1f707f45_1989dc45aa9_79ea,17812,517529310,HSB3402,Xutra Bhum,,2012-08-23T13:59:00Z,Z,-33.8512,Z,151.4567,Z,,,,,,,,,,,,,24.3,Z,215.8338,Z,8.7732,Z,,,,,,,,,,,,,17.71,Z,,,,,,,,,,,,,false,false,false,false,true,true,false,false,false,false,true,false,false,false,POINT (151.4566650390625 -33.851165771484375)
soop_sst_nrt_trajectory_data.fid--1f707f45_1989dc45aa9_79eb,17812,517529311,HSB3402,Xutra Bhum,,2012-08-23T14:04:00Z,Z,-33.8702,Z,151.44,Z,,,,,,,,,,,,,24.4,Z,216.0616,Z,8.7224,Z,,,,,,,,,,,,,18.12,Z,,,,,,,,,,,,,false,false,false,false,true,true,false,false,false,false,true,false,false,false,POINT (151.44000244140625 -33.87016677856445)
soop_sst_nrt_trajectory_data.fid--1f707f45_1989dc45aa9_79ec,17812,517529312,HSB3402,Xutra Bhum,,2012-08-23T14:09:00Z,Z,-33.8875,Z,151.425,Z,,,,,,,,,,,,,23.6,Z,215.6915,Z,7.9198,Z,,,,,,,,,,,,,18.35,Z,,,,,,,,,,,,,false,false,false,false,true,true,false,false,false,false,true,false,false,false,POINT (151.4250030517578 -33.88750076293945)
soop_sst_nrt_trajectory_data.fid--1f707f45_1989dc45aa9_79ed,17840,517537324,HSB3402,Xutra Bhum,,2012-09-20T17:49:00Z,Z,-33.6175,Z,151.6583,Z,,,,,,,,,,,,,24.6,Z,216.8766,Z,8.5822,Z,,,,,,,,,,,,,18.06,Z,,,,,,,,,,,,,false,false,false,false,true,true,false,false,false,false,true,false,false,false,POINT (151.65834045410156 -33.61750030517578)
soop_sst_nrt_trajectory_data.fid--1f707f45_1989dc45aa9_79ee,17840,517537325,HSB3402,Xutra Bhum,,2012-09-20T17:54:00Z,Z,-33.6358,Z,151.6417,Z,,,,,,,,,,,,,22.5,Z,217.1199,Z,8.5322,Z,,,,,,,,,,,,,18.06,Z,,,,,,,,,,,,,false,false,false,false,true,true,false,false,false,false,true,false,false,false,POINT (151.64166259765625 -33.635833740234375)
soop_sst_nrt_trajectory_data.fid--1f707f45_1989dc45aa9_79ef,17840,517537326,HSB3402,Xutra Bhum,,2012-09-20T17:59:00Z,Z,-33.6543,Z,151.625,Z,,,,,,,,,,,,,23.4,Z,216.8648,Z,8.5809,Z,,,,,,,,,,,,,18.09,Z,,,,,,,,,,,,,false,false,false,false,true,true,false,false,false,false,true,false,false,false,POINT (151.625 -33.654335021972656)
soop_sst_nrt_trajectory_data.fid--1f707f45_1989dc45aa9_79f0,17840,517537327,HSB3402,Xutra Bhum,,2012-09-20T18:04:00Z,Z,-33.6732,Z,151.6083,Z,,,,,,,,,,,,,25,Z,216.3714,Z,8.679,Z,,,,,,,,,,,,,18.11,Z,,,,,,,,,,,,,false,false,false,false,true,true,false,false,false,false,true,false,false,false,POINT (151.60833740234375 -33.67316818237305)
soop_sst_nrt_trajectory_data.fid--1f707f45_1989dc45aa9_79f1,17840,517537328,HSB3402,Xutra Bhum,,2012-09-20T18:09:00Z,Z,-33.6918,Z,151.5933,Z,,,,,,,,,,,,,20.7,Z,213.7653,Z,8.3325,Z,,,,,,,,,,,,,18.09,Z,,,,,,,,,,,,,false,false,false,false,true,true,false,false,false,false,true,false,false,false,POINT (151.5933380126953 -33.69183349609375)
soop_sst_nrt_trajectory_data.fid--1f707f45_1989dc45aa9_79f2,17840,517537329,HSB3402,Xutra Bhum,,2012-09-20T18:14:00Z,Z,-33.7107,Z,151.5767,Z,,,,,,,,,,,,,21.7,Z,216.3571,Z,8.6782,Z,,,,,,,,,,,,,18.09,Z,,,,,,,,,,,,,false,false,false,false,true,true,false,false,false,false,true,false,false,false,POINT (151.57666015625 -33.71066665649414)
soop_sst_nrt_trajectory_data.fid--1f707f45_1989dc45aa9_79f3,17840,517537330,HSB3402,Xutra Bhum,,2012-09-20T18:19:00Z,Z,-33.7293,Z,151.5617,Z,,,,,,,,,,,,,25.9,Z,213.7538,Z,8.3313,Z,,,,,,,,,,,,,18.1,Z,,,,,,,,,,,,,false,false,false,false,true,true,false,false,false,false,true,false,false,false,POINT (151.56166076660156 -33.729331970214844)
soop_sst_nrt_trajectory_data.fid--1f707f45_1989dc45aa9_79f4,17840,517537331,HSB3402,Xutra Bhum,,2012-09-20T18:24:00Z,Z,-33.748,Z,151.545,Z,,,,,,,,,,,,,20.9,Z,216.5886,Z,8.6271,Z,,,,,,,,,,,,,18.04,Z,,,,,,,,,,,,,false,false,false,false,true,true,false,false,false,false,true,false,false,false,POINT (151.5449981689453 -33.74800109863281)
soop_sst_nrt_trajectory_data.fid--1f707f45_1989dc45aa9_79f5,17840,517537332,HSB3402,Xutra Bhum,,2012-09-20T18:29:00Z,Z,-33.7667,Z,151.53,Z,,,,,,,,,,,,,22.7,Z,213.7422,Z,8.3302,Z,,,,,,,,,,,,,17.98,Z,,,,,,,,,,,,,false,false,false,false,true,true,false,false,false,false,true,false,false,false,POINT (151.52999877929688 -33.766666412353516)
soop_sst_nrt_trajectory_data.fid--1f707f45_1989dc45aa9_79f6,17840,517537333,HSB3402,Xutra Bhum,,2012-09-20T18:34:00Z,Z,-33.7847,Z,151.515,Z,,,,,,,,,,,,,21.8,Z,214.7056,Z,8.1251,Z,,,,,,,,,,,,,17.95,Z,,,,,,,,,,,,,false,false,false,false,true,true,false,false,false,false,true,false,false,false,POINT (151.51499938964844 -33.78466796875)
soop_sst_nrt_trajectory_data.fid--1f707f45_1989dc45aa9_79f7,17840,517537334,HSB3402,Xutra Bhum,,2012-09-20T18:39:00Z,Z,-33.7998,Z,151.5033,Z,,,,,,,,,,,,,23.1,Z,212.5866,Z,6.6796,Z,,,,,,,,,,,,,17.85,Z,,,,,,,,,,,,,false,false,false,false,true,true,false,false,false,false,true,false,false,false,POINT (151.50332641601562 -33.799835205078125)
soop_sst_nrt_trajectory_data.fid--1f707f45_1989dc45aa9_79f8,17840,517537335,HSB3402,Xutra Bhum,,2012-09-20T18:44:00Z,Z,-33.8142,Z,151.4917,Z,,,,,,,,,,,,,23.6,Z,214.0683,Z,6.4209,Z,,,,,,,,,,,,,17.85,Z,,,,,,,,,,,,,false,false,false,false,true,true,false,false,false,false,true,false,false,false,POINT (151.49166870117188 -33.81416702270508)
soop_sst_nrt_trajectory_data.fid--1f707f45_1989dc45aa9_79f9,17840,517537336,HSB3402,Xutra Bhum,,2012-09-20T18:49:00Z,Z,-33.8283,Z,151.48,Z,,,,,,,,,,,,,20.8,Z,214.3755,Z,6.3694,Z,,,,,,,,,,,,,17.85,Z,,,,,,,,,,,,,false,false,false,false,true,true,false,false,false,false,true,false,false,false,POINT (151.47999572753906 -33.82833480834961)
soop_sst_nrt_trajectory_data.fid--1f707f45_1989dc45aa9_79fa,17840,517537337,HSB3402,Xutra Bhum,,2012-09-20T18:54:00Z,Z,-33.8423,Z,151.4667,Z,,,,,,,,,,,,,22.4,Z,218.3434,Z,6.624,Z,,,,,,,,,,,,,17.91,Z,,,,,,,,,,,,,false,false,false,false,true,true,false,false,false,false,true,false,false,false,POINT (151.46665954589844 -33.84233474731445)
soop_sst_nrt_trajectory_data.fid--1f707f45_1989dc45aa9_79fb,17840,517537338,HSB3402,Xutra Bhum,,2012-09-20T18:59:00Z,Z,-33.8565,Z,151.455,Z,,,,,,,,,,,,,22.1,Z,214.3667,Z,6.3687,Z,,,,,,,,,,,,,17.97,Z,,,,,,,,,,,,,false,false,false,false,true,true,false,false,false,false,true,false,false,false,POINT (151.4550018310547 -33.85649871826172)
soop_sst_nrt_trajectory_data.fid--1f707f45_1989dc45aa9_79fc,17840,517537339,HSB3402,Xutra Bhum,,2012-09-20T19:04:00Z,Z,-33.8707,Z,151.4433,Z,,,,,,,,,,,,,22,Z,214.3641,Z,6.3691,Z,,,,,,,,,,,,,17.98,Z,,,,,,,,,,,,,false,false,false,false,true,true,false,false,false,false,true,false,false,false,POINT (151.44332885742188 -33.87066650390625)
soop_sst_nrt_trajectory_data.fid--1f707f45_1989dc45aa9_79fd,17840,517537340,HSB3402,Xutra Bhum,,2012-09-20T19:09:00Z,Z,-33.885,Z,151.4317,Z,,,,,,,,,,,,,22.1,Z,214.0463,Z,6.4192,Z,,,,,,,,,,,,,18,Z,,,,,,,,,,,,,false,false,false,false,true,true,false,false,false,false,true,false,false,false,POINT (151.43167114257812 -33.8849983215332)
soop_sst_nrt_trajectory_data.fid--1f707f45_1989dc45aa9_79fe,17840,517537341,HSB3402,Xutra Bhum,,2012-09-20T19:14:00Z,Z,-33.8993,Z,151.4183,Z,,,,,,,,,,,,,22.8,Z,217.6707,Z,6.7197,Z,,,,,,,,,,,,,18.02,Z,,,,,,,,,,,,,false,false,false,false,true,true,false,false,false,false,true,false,false,false,POINT (151.4183349609375 -33.89933395385742)
soop_sst_nrt_trajectory_data.fid--1f707f45_1989dc45aa9_79ff,17867,517538699,HSB3402,Xutra Bhum,,2012-10-18T01:59:00Z,Z,-33.635,Z,151.6483,Z,,,,,,,,,,,,,22.5,Z,213.8175,Z,7.8639,Z,,,,,,,,,,,,,18.31,Z,,,,,,,,,,,,,false,false,false,false,true,true,false,false,false,false,true,false,false,false,POINT (151.64833068847656 -33.6349983215332)
soop_sst_nrt_trajectory_data.fid--1f707f45_1989dc45aa9_7a00,17867,517538700,HSB3402,Xutra Bhum,,2012-10-18T02:59:00Z,Z,-33.8132,Z,151.49,Z,,,,,,,,,,,,,23.4,Z,216.4247,Z,6.8509,Z,,,,,,,,,,,,,18.35,Z,,,,,,,,,,,,,false,false,false,false,true,true,false,false,false,false,true,false,false,false,POINT (151.49000549316406 -33.813167572021484)
soop_sst_nrt_trajectory_data.fid--1f707f45_1989dc45aa9_7a01,17895,517539382,HSB3402,Xutra Bhum,,2012-11-15T19:59:00Z,Z,-33.7802,Z,151.525,Z,,,,,,,,,,,,,21.3,Z,214.5956,Z,8.7519,Z,,,,,,,,,,,,,19.24,Z,,,,,,,,,,,,,false,false,false,false,true,true,false,false,false,false,true,false,false,false,POINT (151.52499389648438 -33.78016662597656)
soop_sst_nrt_trajectory_data.fid--1f707f45_1989dc45aa9_7a02,17895,517539383,HSB3402,Xutra Bhum,,2012-11-15T20:59:00Z,Z,-33.8975,Z,151.4183,Z,,,,,,,,,,,,,27,Z,217.0251,Z,4.5463,Z,,,,,,,,,,,,,19.42,Z,,,,,,,,,,,,,false,false,false,false,true,true,false,false,false,false,true,false,false,false,POINT (151.4183349609375 -33.897499084472656)
soop_sst_nrt_trajectory_data.fid--1f707f45_1989dc45aa9_7a03,17924,517540035,HSB3402,Xutra Bhum,,2012-12-14T07:59:00Z,Z,-33.7567,Z,151.535,Z,,,,,,,,,,,,,28.1,Z,215.6334,Z,9.3408,Z,,,,,,,,,,,,,20.24,Z,,,,,,,,,,,,,false,false,false,false,true,true,false,false,false,false,true,false,false,false,POINT (151.53500366210938 -33.75666809082031)
soop_sst_nrt_trajectory_data.fid--1f707f45_1989dc45aa9_7a04,18375,517744854,VRDU8,OOCL Panama,,2016-06-09T06:03:00Z,Z,-33.6067,Z,151.7383,Z,,,,,,,,,,,,,28,Z,217.1193,Z,4.9077,Z,,,,,,,,,,,,,22.25,Z,,,,,,,,,,,,,false,false,false,false,true,true,false,false,false,false,true,false,false,false,POINT (151.7383270263672 -33.606666564941406)
soop_sst_nrt_trajectory_data.fid--1f707f45_1989dc45aa9_7a05,18375,517744855,VRDU8,OOCL Panama,,2016-06-09T07:03:00Z,Z,-33.7357,Z,151.6217,Z,,,,,,,,,,,,,31.2,Z,216.9337,Z,4.9925,Z,,,,,,,,,,,,,22.35,Z,,,,,,,,,,,,,false,false,false,false,true,true,false,false,false,false,true,false,false,false,POINT (151.62167358398438 -33.73566818237305)
soop_sst_nrt_trajectory_data.fid--1f707f45_1989dc45aa9_7a06,18375,517744856,VRDU8,OOCL Panama,,2016-06-09T08:03:00Z,Z,-33.8697,Z,151.495,Z,,,,,,,,,,,,,28,Z,218.1157,Z,5.2691,Z,,,,,,,,,,,,,22.11,Z,,,,,,,,,,,,,false,false,false,false,true,true,false,false,false,false,true,false,false,false,POINT (151.4949951171875 -33.869667053222656)
soop_sst_nrt_trajectory_data.fid--1f707f45_1989dc45aa9_7a07,18468,517750403,C6FS9,Stadacona,undefined,2016-07-09T01:00:00Z,Z,-33.7,Z,152.2,Z,16.7,Z,1022.7,Z,,,,,,,8.6,Z,,,225,Z,6.6878,Z,,,,,,,,,,,,,20.6,Z,,,,,,,190,Z,12.2,Z,10.8033,Z,true,true,false,true,true,true,false,false,false,false,true,true,true,true,POINT (152.1999969482422 -33.70000076293945)
soop_sst_nrt_trajectory_data.fid--1f707f45_1989dc45aa9_7a08,18493,517754415,C6FS9,Stadacona,undefined,2016-07-17T02:00:00Z,Z,-33.7,Z,152.2,Z,17.9,Z,1028.9,Z,,,,,,,12.8,Z,,,45,Z,6.6878,Z,,,,,,,,,,,,,21.3,Z,,,,,,,80,Z,14.8,Z,7.7167,Z,true,true,false,true,true,true,false,false,false,false,true,true,true,true,POINT (152.1999969482422 -33.70000076293945)
soop_sst_nrt_trajectory_data.fid--1f707f45_1989dc45aa9_7a09,18511,517760485,VNSZ,Spirit of Tasmania 2,undefined,2016-07-24T21:00:00Z,Z,-33.8,Z,151.3,Z,10.7,Z,,Z,,,,,,,2.5,Z,,,270,Z,6.6878,Z,,,,,,,,,,,,,17.9,Z,,,,,,,350,Z,,Z,5.6589,Z,true,false,false,true,true,true,false,false,false,false,true,true,false,true,POINT (151.3000030517578 -33.79999923706055)
soop_sst_nrt_trajectory_data.fid--1f707f45_1989dc45aa9_7a0a,18517,517760613,C6FS9,Stadacona,undefined,2016-07-27T12:00:00Z,Z,-33.7,Z,152.2,Z,15.9,Z,1019,Z,,,,,,,7,Z,,,225,Z,6.6878,Z,,,,,,,,,,,,,21.1,Z,,,,,,,260,Z,11.1,Z,14.9189,Z,true,true,false,true,true,true,false,false,false,false,true,true,true,true,POINT (152.1999969482422 -33.70000076293945)
soop_sst_nrt_trajectory_data.fid--1f707f45_1989dc45aa9_7a0b,18549,517762367,VNSZ,Spirit of Tasmania 2,undefined,2016-08-12T01:00:00Z,Z,-33.8,Z,151.3,Z,12.6,Z,,Z,,,,,,,1.2,Z,,,45,Z,6.6878,Z,,,,,,,,,,,,,16.8,Z,,,,,,,270,Z,,Z,5.6589,Z,true,false,false,true,true,true,false,false,false,false,true,true,false,true,POINT (151.3000030517578 -33.79999923706055)
soop_sst_nrt_trajectory_data.fid--1f707f45_1989dc45aa9_7a0c,18563,517769789,VRDU8,OOCL Panama,,2016-08-16T13:03:00Z,Z,-33.6965,Z,151.65,Z,,,,,,,,,,,,,26.2,Z,218.4808,Z,6.8908,Z,,,,,,,,,,,,,20.03,Z,,,,,,,,,,,,,false,false,false,false,true,true,false,false,false,false,true,false,false,false,POINT (151.64999389648438 -33.69649887084961)
soop_sst_nrt_trajectory_data.fid--1f707f45_1989dc45aa9_7a0d,18563,517769790,VRDU8,OOCL Panama,,2016-08-16T14:03:00Z,Z,-33.8748,Z,151.4867,Z,,,,,,,,,,,,,28,Z,217.2324,Z,6.9303,Z,,,,,,,,,,,,,20.32,Z,,,,,,,,,,,,,false,false,false,false,true,true,false,false,false,false,true,false,false,false,POINT (151.48666381835938 -33.87483215332031)
soop_sst_nrt_trajectory_data.fid--1f707f45_1989dc45aa9_7a0e,18701,517791283,VRDU8,OOCL Panama,,2016-09-20T06:03:00Z,Z,-33.617,Z,151.725,Z,,,,,,,,,,,,,29.4,Z,217.7709,Z,8.3386,Z,,,,,,,,,,,,,20.13,Z,,,,,,,,,,,,,false,false,false,false,true,true,false,false,false,false,true,false,false,false,POINT (151.72500610351562 -33.617000579833984)
soop_sst_nrt_trajectory_data.fid--1f707f45_1989dc45aa9_7a0f,18707,517791649,C6FS9,Stadacona,undefined,2016-09-22T20:00:00Z,Z,-33.8,Z,152.2,Z,16.8,Z,,Z,,,,,,,,Z,,,45,Z,6.6878,Z,,,,,,,,,,,,,19.8,Z,,,,,,,200,Z,,Z,16.4622,Z,true,true,false,true,true,true,false,false,false,false,true,true,true,true,POINT (152.1999969482422 -33.79999923706055)
soop_sst_nrt_trajectory_data.fid--1f707f45_1989dc45aa9_7a10,18722,517792739,C6FS9,Stadacona,undefined,2016-09-26T23:00:00Z,Z,-33.8,Z,152.2,Z,16.5,Z,1010.5,Z,,,,,,,8,Z,,,180,Z,9.26,Z,,,,,,,,,,,,,22.1,Z,,,,,,,310,Z,11.8,Z,10.2889,Z,true,true,false,true,true,true,false,false,false,false,true,true,true,true,POINT (152.1999969482422 -33.79999923706055)
soop_sst_nrt_trajectory_data.fid--1f707f45_1989dc45aa9_7a11,18728,517793215,VRDE7,OOCL Houston,,2016-09-27T06:59:00Z,Z,-33.6687,Z,151.645,Z,,,,,,,,,,,,,25.9,Z,218.8116,Z,7.6646,Z,,,,,,,,,,,,,20.44,Z,,,,,,,,,,,,,false,false,false,false,true,true,false,false,false,false,true,false,false,false,POINT (151.64500427246094 -33.66866683959961)
soop_sst_nrt_trajectory_data.fid--1f707f45_1989dc45aa9_7a12,18728,517793216,VRDE7,OOCL Houston,,2016-09-27T07:59:00Z,Z,-33.8795,Z,151.47,Z,,,,,,,,,,,,,26.7,Z,214.5561,Z,7.9207,Z,,,,,,,,,,,,,20.68,Z,,,,,,,,,,,,,false,false,false,false,true,true,false,false,false,false,true,false,false,false,POINT (151.47000122070312 -33.87950134277344)
soop_sst_nrt_trajectory_data.fid--1f707f45_1989dc45aa9_7a13,18769,517803421,C6FS9,Stadacona,undefined,2016-10-08T11:00:00Z,Z,-33.8,Z,152.2,Z,16.8,Z,1023.1,Z,,,,,,,8.7,Z,,,45,Z,6.6878,Z,,,,,,,,,,,,,22.5,Z,,,,,,,180,Z,12.3,Z,9.7744,Z,true,true,false,true,true,true,false,false,false,false,true,true,true,true,POINT (152.1999969482422 -33.79999923706055)
soop_sst_nrt_trajectory_data.fid--1f707f45_1989dc45aa9_7a14,18795,517810662,C6FS9,Stadacona,undefined,2016-10-14T21:00:00Z,Z,-33.7,Z,152.2,Z,17.3,Z,1023.6,Z,,,,,,,10.2,Z,,,225,Z,6.6878,Z,,,,,,,,,,,,,22.5,Z,,,,,,,330,Z,13.2,Z,5.1444,Z,true,true,false,true,true,true,false,false,false,false,true,true,true,true,POINT (152.1999969482422 -33.70000076293945)
soop_sst_nrt_trajectory_data.fid--1f707f45_1989dc45aa9_7a15,18857,517816618,VRDU8,OOCL Panama,,2017-01-04T13:03:00Z,Z,-33.6632,Z,151.6667,Z,,,,,,,,,,,,,33.8,Z,207.3078,Z,4.0201,Z,,,,,,,,,,,,,22.85,Z,,,,,,,,,,,,,false,false,false,false,true,true,false,false,false,false,true,false,false,false,POINT (151.6666717529297 -33.66316604614258)
soop_sst_nrt_trajectory_data.fid--1f707f45_1989dc45aa9_7a16,18857,517816619,VRDU8,OOCL Panama,,2017-01-04T14:03:00Z,Z,-33.778,Z,151.5767,Z,,,,,,,,,,,,,31.6,Z,213.076,Z,4.2389,Z,,,,,,,,,,,,,23.05,Z,,,,,,,,,,,,,false,false,false,false,true,true,false,false,false,false,true,false,false,false,POINT (151.57666015625 -33.77799987792969)
soop_sst_nrt_trajectory_data.fid--1f707f45_1989dc45aa9_7a17,18857,517816620,VRDU8,OOCL Panama,,2017-01-04T15:03:00Z,Z,-33.8902,Z,151.48,Z,,,,,,,,,,,,,31.2,Z,215.5689,Z,4.2655,Z,,,,,,,,,,,,,22.92,Z,,,,,,,,,,,,,false,false,false,false,true,true,false,false,false,false,true,false,false,false,POINT (151.47999572753906 -33.890167236328125)
soop_sst_nrt_trajectory_data.fid--1f707f45_1989dc45aa9_7a18,18870,517816921,VRDE7,OOCL Houston,,2017-01-10T07:59:00Z,Z,-33.6112,Z,151.7017,Z,,,,,,,,,,,,,25.1,Z,218.0516,Z,5.7101,Z,,,,,,,,,,,,,22.94,Z,,,,,,,,,,,,,false,false,false,false,true,true,false,false,false,false,true,false,false,false,POINT (151.70166015625 -33.611167907714844)
soop_sst_nrt_trajectory_data.fid--1f707f45_1989dc45aa9_7a19,18870,517816922,VRDE7,OOCL Houston,,2017-01-10T08:59:00Z,Z,-33.7515,Z,151.5733,Z,,,,,,,,,,,,,27.3,Z,217.2336,Z,5.4529,Z,,,,,,,,,,,,,22.49,Z,,,,,,,,,,,,,false,false,false,false,true,true,false,false,false,false,true,false,false,false,POINT (151.57333374023438 -33.75149917602539)
soop_sst_nrt_trajectory_data.fid--1f707f45_1989dc45aa9_7a1a,18919,517818083,VRDE7,OOCL Houston,,2017-02-14T07:59:00Z,Z,-33.7172,Z,151.6017,Z,,,,,,,,,,,,,26.2,Z,218.2235,Z,10.0464,Z,,,,,,,,,,,,,26.56,Z,,,,,,,,,,,,,false,false,false,false,true,true,false,false,false,false,true,false,false,false,POINT (151.60166931152344 -33.717166900634766)
soop_sst_nrt_trajectory_data.fid--1f707f45_1989dc45aa9_7a1b,18974,517819393,VRDU8,OOCL Panama,,2017-03-14T07:03:00Z,Z,-33.7377,Z,151.6133,Z,,,,,,,,,,,,,24.8,Z,217.7258,Z,7.0741,Z,,,,,,,,,,,,,24.13,Z,,,,,,,,,,,,,false,false,false,false,true,true,false,false,false,false,true,false,false,false,POINT (151.6133270263672 -33.737667083740234)
soop_sst_nrt_trajectory_data.fid--1f707f45_1989dc45aa9_7a1c,18985,517819651,VRDE7,OOCL Houston,,2017-03-21T09:59:00Z,Z,-33.719,Z,151.5917,Z,,,,,,,,,,,,,28.2,Z,219.0084,Z,8.6491,Z,,,,,,,,,,,,,24.21,Z,,,,,,,,,,,,,false,false,false,false,true,true,false,false,false,false,true,false,false,false,POINT (151.59165954589844 -33.71900177001953)
soop_sst_nrt_trajectory_data.fid--1f707f45_1989dc45aa9_7a1d,19025,517820533,C6FS9,Stadacona,undefined,2017-04-24T06:00:00Z,Z,-33.8,Z,151.4,Z,21.6,Z,1019,Z,,,,,,,16.4,Z,,,270,Z,6.6878,Z,,,,,,,,,,,,,23.2,Z,,,,,,,40,Z,18.2,Z,5.1444,Z,true,true,false,true,true,true,false,false,false,false,true,true,true,true,POINT (151.39999389648438 -33.79999923706055)
soop_sst_nrt_trajectory_data.fid--1f707f45_1989dc45aa9_7a1e,19033,517820721,C6FS9,Stadacona,undefined,2017-04-28T06:00:00Z,Z,-33.8,Z,151.3,Z,17.9,Z,1021,Z,,,,,,,8.4,Z,,,45,Z,6.6878,Z,,,,,,,,,,,,,20.4,Z,,,,,,,160,Z,12.6,Z,5.6589,Z,true,true,false,true,true,true,false,false,false,false,true,true,true,true,POINT (151.3000030517578 -33.79999923706055)
soop_sst_nrt_trajectory_data.fid--1f707f45_1989dc45aa9_7a1f,19033,517820722,C6FS9,Stadacona,undefined,2017-04-28T07:00:00Z,Z,-33.8,Z,151.4,Z,17.8,Z,1021,Z,,,,,,,10.7,Z,,,45,Z,6.6878,Z,,,,,,,,,,,,,22.3,Z,,,,,,,170,Z,13.7,Z,6.1733,Z,true,true,false,true,true,true,false,false,false,false,true,true,true,true,POINT (151.39999389648438 -33.79999923706055)
soop_sst_nrt_trajectory_data.fid--1f707f45_1989dc45aa9_7a20,19033,517820723,C6FS9,Stadacona,undefined,2017-04-28T08:00:00Z,Z,-33.7,Z,151.7,Z,17.8,Z,1021,Z,,,,,,,11.8,Z,,,45,Z,6.6878,Z,,,,,,,,,,,,,21.7,Z,,,,,,,190,Z,14.3,Z,6.6878,Z,true,true,false,true,true,true,false,false,false,false,true,true,true,true,POINT (151.6999969482422 -33.70000076293945)
soop_sst_nrt_trajectory_data.fid--1f707f45_1989dc45aa9_7a21,19082,517821823,C6FS9,Stadacona,undefined,2017-05-27T12:00:00Z,Z,-33.8,Z,152.2,Z,19.6,Z,1018.3,Z,,,,,,,14.8,Z,,,180,Z,6.6878,Z,,,,,,,,,,,,,22.2,Z,,,,,,,10,Z,16.6,Z,8.7456,Z,true,true,false,true,true,true,false,false,false,false,true,true,true,true,POINT (152.1999969482422 -33.79999923706055)
soop_sst_nrt_trajectory_data.fid--1f707f45_1989dc45aa9_7a22,19120,517822686,C6FS9,Stadacona,undefined,2017-06-15T09:00:00Z,Z,-33.7,Z,152.2,Z,18,Z,1025.8,Z,,,,,,,15.4,Z,,,360,Z,6.6878,Z,,,,,,,,,,,,,22.2,Z,,,,,,,90,Z,16.3,Z,3.6011,Z,true,true,false,true,true,true,false,false,false,false,true,true,true,true,POINT (152.1999969482422 -33.70000076293945)
soop_sst_nrt_trajectory_data.fid--1f707f45_1989dc45aa9_7a23,19151,517823402,C6FS9,Stadacona,undefined,2017-07-02T13:00:00Z,Z,-33.7,Z,152.2,Z,15.6,Z,1024.1,Z,,,,,,,5.4,Z,,,45,Z,6.6878,Z,,,,,,,,,,,,,20.7,Z,,,,,,,20,Z,10.3,Z,6.6878,Z,true,true,false,true,true,true,false,false,false,false,true,true,true,true,POINT (152.1999969482422 -33.70000076293945)
soop_sst_nrt_trajectory_data.fid--1f707f45_1989dc45aa9_7a24,19910,518463145,C6FS9,Stadacona,undefined,2017-10-02T01:00:00Z,Z,-33.7,Z,152.2,Z,18.6,Z,1025.2,Z,,,,,,,16.9,Z,,,225,Z,6.6878,Z,,,,,,,,,,,,,21,Z,,,,,,,80,Z,17.5,Z,9.26,Z,true,true,false,true,true,true,false,false,false,false,true,true,true,true,POINT (152.1999969482422 -33.70000076293945)
soop_sst_nrt_trajectory_data.fid--1f707f45_1989dc45aa9_7a25,20139,518532570,C6FS9,Stadacona,undefined,2018-01-08T12:00:00Z,Z,-33.7,Z,152.2,Z,24,Z,1014,Z,,,,,,,,Z,,,225,Z,6.6878,Z,,,,,,,,,,,,,24,Z,,,,,,,180,Z,7.1,Z,11.8322,Z,true,true,false,true,true,true,false,false,false,false,true,true,true,true,POINT (152.1999969482422 -33.70000076293945)
soop_sst_nrt_trajectory_data.fid--1f707f45_1989dc45aa9_7a26,20165,518533144,C6FS9,Stadacona,undefined,2018-01-21T00:00:00Z,Z,-33.8,Z,152.2,Z,23.4,Z,1014.7,Z,,,,,,,20.6,Z,,,45,Z,6.6878,Z,,,,,,,,,,,,,,Z,,,,,,,50,Z,21.4,Z,6.1733,Z,true,true,false,true,true,true,false,false,false,false,true,true,true,true,POINT (152.1999969482422 -33.79999923706055)
soop_sst_nrt_trajectory_data.fid--1f707f45_1989dc45aa9_7a27,20320,518626103,C6FS9,Stadacona,undefined,2018-02-22T09:00:00Z,Z,-33.8,Z,152.2,Z,23.4,Z,1017.4,Z,,,,,,,15.8,Z,,,225,Z,6.6878,Z,,,,,,,,,,,,,25.5,Z,,,,,,,50,Z,18.4,Z,8.7456,Z,true,true,false,true,true,true,false,false,false,false,true,true,true,true,POINT (152.1999969482422 -33.79999923706055)
soop_sst_nrt_trajectory_data.fid--1f707f45_1989dc45aa9_7a28,20423,518645915,C6FS9,Stadacona,undefined,2018-03-27T06:00:00Z,Z,-33.7,Z,152.1,Z,22,Z,1017.5,Z,,,,,,,14,Z,,,225,Z,6.6878,Z,,,,,,,,,,,,,,Z,,,,,,,160,Z,17,Z,2.0578,Z,true,true,false,true,true,true,false,false,false,false,true,true,true,true,POINT (152.10000610351562 -33.70000076293945)
soop_sst_nrt_trajectory_data.fid--1f707f45_1989dc45aa9_7a29,20438,518647501,C6FS9,Stadacona,undefined,2018-04-01T01:00:00Z,Z,-33.8,Z,151.9,Z,23,Z,1015.7,Z,,,,,,,22.2,Z,,,45,Z,6.6878,Z,,,,,,,,,,,,,23.5,Z,,,,,,,30,Z,22.4,Z,12.3467,Z,true,true,false,true,true,true,false,false,false,false,true,true,true,true,POINT (151.89999389648438 -33.79999923706055)
soop_sst_nrt_trajectory_data.fid--1f707f45_1989dc45aa9_7a2a,20438,518647502,C6FS9,Stadacona,undefined,2018-04-01T02:00:00Z,Z,-33.7,Z,152.1,Z,23.9,Z,1015.3,Z,,,,,,,20.1,Z,,,45,Z,6.6878,Z,,,,,,,,,,,,,24.1,Z,,,,,,,30,Z,21.3,Z,13.3756,Z,true,true,false,true,true,true,false,false,false,false,true,true,true,true,POINT (152.10000610351562 -33.70000076293945)
soop_sst_nrt_trajectory_data.fid--1f707f45_1989dc45aa9_7a2b,20772,518780104,C6FS9,Stadacona,undefined,2018-07-01T07:00:00Z,Z,-33.8,Z,152.2,Z,15.6,Z,1030,Z,,,,,,,8.6,Z,,,360,Z,6.6878,Z,,,,,,,,,,,,,20.4,Z,,,,,,,130,Z,11.8,Z,7.2022,Z,true,true,false,true,true,true,false,false,false,false,true,true,true,true,POINT (152.1999969482422 -33.79999923706055)
soop_sst_nrt_trajectory_data.fid--1f707f45_1989dc45aa9_7a2c,20807,518796564,VNSZ,Spirit of Tasmania 2,undefined,2018-07-18T22:00:00Z,Z,-33.8,Z,151.2,Z,8,Z,1017.3,Z,,,,,,,2.8,Z,,,0,Z,0,Z,,,,,,,,,,,,,15.6,Q,,,,,,,270,Z,5.6,Z,3.0867,Z,true,true,false,true,true,true,false,false,false,false,true,true,true,true,POINT (151.1999969482422 -33.79999923706055)
soop_sst_nrt_trajectory_data.fid--1f707f45_1989dc45aa9_7a2d,21157,518966046,C6FS9,Stadacona,undefined,2018-11-12T17:00:00Z,Z,-33.8,Z,152.2,Z,20.1,Z,,Z,,,,,,,15.1,Z,,,180,Z,6.6878,Z,,,,,,,,,,,,,20.5,Z,,,,,,,30,Z,,Z,8.7456,Z,true,false,false,true,true,true,false,false,false,false,true,true,false,true,POINT (152.1999969482422 -33.79999923706055)
soop_sst_nrt_trajectory_data.fid--1f707f45_1989dc45aa9_7a2e,22353,519564693,VRDP4,OOCL Texas,,2019-07-17T16:15:00Z,Z,-33.6366,Z,151.7215,Z,,,,,,,,,,,,,,,220.9382,Z,6.8244,Z,,,,,,,,,,,,,18.7425,Z,,,,,,,,,,,,,false,false,false,false,true,true,false,false,false,false,true,false,false,false,POINT (151.72146606445312 -33.6365852355957)
soop_sst_nrt_trajectory_data.fid--1f707f45_1989dc45aa9_7a2f,22353,519564694,VRDP4,OOCL Texas,,2019-07-17T16:30:00Z,Z,-33.6773,Z,151.6797,Z,,,,,,,,,,,,,,,220.4779,Z,6.6273,Z,,,,,,,,,,,,,19.0058,Z,,,,,,,,,,,,,false,false,false,false,true,true,false,false,false,false,true,false,false,false,POINT (151.67967224121094 -33.67733383178711)
soop_sst_nrt_trajectory_data.fid--1f707f45_1989dc45aa9_7a30,22353,519564695,VRDP4,OOCL Texas,,2019-07-17T16:45:00Z,Z,-33.7177,Z,151.643,Z,,,,,,,,,,,,,,,217.0263,Z,6.262,Z,,,,,,,,,,,,,19.0803,Z,,,,,,,,,,,,,false,false,false,false,true,true,false,false,false,false,true,false,false,false,POINT (151.6430206298828 -33.71774673461914)
soop_sst_nrt_trajectory_data.fid--1f707f45_1989dc45aa9_7a31,22353,519564696,VRDP4,OOCL Texas,,2019-07-17T17:00:00Z,Z,-33.7587,Z,151.607,Z,,,,,,,,,,,,,,,216.1716,Z,6.283,Z,,,,,,,,,,,,,19.1273,Z,,,,,,,,,,,,,false,false,false,false,true,true,false,false,false,false,true,false,false,false,POINT (151.60696411132812 -33.75874710083008)
soop_sst_nrt_trajectory_data.fid--1f707f45_1989dc45aa9_7a32,22353,519564697,VRDP4,OOCL Texas,,2019-07-17T17:15:00Z,Z,-33.8002,Z,151.5708,Z,,,,,,,,,,,,,,,215.9615,Z,6.3297,Z,,,,,,,,,,,,,19.0077,Z,,,,,,,,,,,,,false,false,false,false,true,true,false,false,false,false,true,false,false,false,POINT (151.57080078125 -33.80016326904297)
soop_sst_nrt_trajectory_data.fid--1f707f45_1989dc45aa9_7a33,22353,519564698,VRDP4,OOCL Texas,,2019-07-17T17:30:00Z,Z,-33.8415,Z,151.5348,Z,,,,,,,,,,,,,,,215.8776,Z,6.3126,Z,,,,,,,,,,,,,18.9622,Z,,,,,,,,,,,,,false,false,false,false,true,true,false,false,false,false,true,false,false,false,POINT (151.5347900390625 -33.84151077270508)
soop_sst_nrt_trajectory_data.fid--1f707f45_1989dc45aa9_7a34,22353,519564699,VRDP4,OOCL Texas,,2019-07-17T17:45:00Z,Z,-33.8795,Z,151.5,Z,,,,,,,,,,,,,,,217.2739,Z,5.9023,Z,,,,,,,,,,,,,18.9132,Z,,,,,,,,,,,,,false,false,false,false,true,true,false,false,false,false,true,false,false,false,POINT (151.49998474121094 -33.879478454589844)
soop_sst_nrt_trajectory_data.fid--1f707f45_1989dc45aa9_7a35,22389,519568085,VRDP4,OOCL Texas,,2019-08-22T00:15:00Z,Z,-33.643,Z,151.7218,Z,,,,,,,,,,,,,,,216.0751,Z,6.7448,Z,,,,,,,,,,,,,18.297,Z,,,,,,,,,,,,,false,false,false,false,true,true,false,false,false,false,true,false,false,false,POINT (151.7217559814453 -33.643043518066406)
soop_sst_nrt_trajectory_data.fid--1f707f45_1989dc45aa9_7a36,22389,519568086,VRDP4,OOCL Texas,,2019-08-22T00:30:00Z,Z,-33.6854,Z,151.6813,Z,,,,,,,,,,,,,,,218.4819,Z,6.688,Z,,,,,,,,,,,,,18.4375,Z,,,,,,,,,,,,,false,false,false,false,true,true,false,false,false,false,true,false,false,false,POINT (151.6813201904297 -33.68536376953125)
soop_sst_nrt_trajectory_data.fid--1f707f45_1989dc45aa9_7a37,22389,519568087,VRDP4,OOCL Texas,,2019-08-22T00:45:00Z,Z,-33.7273,Z,151.6399,Z,,,,,,,,,,,,,,,219.4219,Z,6.7131,Z,,,,,,,,,,,,,18.3126,Z,,,,,,,,,,,,,false,false,false,false,true,true,false,false,false,false,true,false,false,false,POINT (151.63987731933594 -33.7272834777832)
soop_sst_nrt_trajectory_data.fid--1f707f45_1989dc45aa9_7a38,22389,519568088,VRDP4,OOCL Texas,,2019-08-22T01:00:00Z,Z,-33.7694,Z,151.598,Z,,,,,,,,,,,,,,,219.6045,Z,6.7561,Z,,,,,,,,,,,,,18.0931,Z,,,,,,,,,,,,,false,false,false,false,true,true,false,false,false,false,true,false,false,false,POINT (151.59799194335938 -33.76935958862305)
soop_sst_nrt_trajectory_data.fid--1f707f45_1989dc45aa9_7a39,22389,519568089,VRDP4,OOCL Texas,,2019-08-22T01:15:00Z,Z,-33.8109,Z,151.5558,Z,,,,,,,,,,,,,,,220.199,Z,6.7228,Z,,,,,,,,,,,,,18.1137,Z,,,,,,,,,,,,,false,false,false,false,true,true,false,false,false,false,true,false,false,false,POINT (151.55577087402344 -33.81086730957031)
soop_sst_nrt_trajectory_data.fid--1f707f45_1989dc45aa9_7a3a,22389,519568090,VRDP4,OOCL Texas,,2019-08-22T01:30:00Z,Z,-33.8528,Z,151.5145,Z,,,,,,,,,,,,,,,219.2713,Z,6.7055,Z,,,,,,,,,,,,,18.1371,Z,,,,,,,,,,,,,false,false,false,false,true,true,false,false,false,false,true,false,false,false,POINT (151.5144500732422 -33.85282897949219)
soop_sst_nrt_trajectory_data.fid--1f707f45_1989dc45aa9_7a3b,22389,519568091,VRDP4,OOCL Texas,,2019-08-22T01:45:00Z,Z,-33.8938,Z,151.4735,Z,,,,,,,,,,,,,,,219.7304,Z,6.5843,Z,,,,,,,,,,,,,18.201,Z,,,,,,,,,,,,,false,false,false,false,true,true,false,false,false,false,true,false,false,false,POINT (151.4734649658203 -33.893760681152344)
soop_sst_nrt_trajectory_data.fid--1f707f45_1989dc45aa9_7a3c,22420,519571153,VRDP4,OOCL Texas,,2019-09-25T23:15:00Z,Z,-33.6111,Z,151.7507,Z,,,,,,,,,,,,,,,218.1889,Z,4.6722,Z,,,,,,,,,,,,,18.7217,Z,,,,,,,,,,,,,false,false,false,false,true,true,false,false,false,false,true,false,false,false,POINT (151.7506561279297 -33.611080169677734)
soop_sst_nrt_trajectory_data.fid--1f707f45_1989dc45aa9_7a3d,22420,519571154,VRDP4,OOCL Texas,,2019-09-25T23:30:00Z,Z,-33.6395,Z,151.7238,Z,,,,,,,,,,,,,,,218.1286,Z,4.4758,Z,,,,,,,,,,,,,18.5699,Z,,,,,,,,,,,,,false,false,false,false,true,true,false,false,false,false,true,false,false,false,POINT (151.72381591796875 -33.63954162597656)
soop_sst_nrt_trajectory_data.fid--1f707f45_1989dc45aa9_7a3e,22420,519571155,VRDP4,OOCL Texas,,2019-09-25T23:45:00Z,Z,-33.6674,Z,151.6976,Z,,,,,,,,,,,,,,,218.1209,Z,4.3734,Z,,,,,,,,,,,,,18.9415,Z,,,,,,,,,,,,,false,false,false,false,true,true,false,false,false,false,true,false,false,false,POINT (151.6975860595703 -33.667354583740234)
soop_sst_nrt_trajectory_data.fid--1f707f45_1989dc45aa9_7a3f,22421,519571156,VRDP4,OOCL Texas,,2019-09-26T00:00:00Z,Z,-33.695,Z,151.6722,Z,,,,,,,,,,,,,,,217.3746,Z,4.3021,Z,,,,,,,,,,,,,19.0612,Z,,,,,,,,,,,,,false,false,false,false,true,true,false,false,false,false,true,false,false,false,POINT (151.67221069335938 -33.69499206542969)
soop_sst_nrt_trajectory_data.fid--1f707f45_1989dc45aa9_7a40,22421,519571157,VRDP4,OOCL Texas,,2019-09-26T00:15:00Z,Z,-33.7224,Z,151.6478,Z,,,,,,,,,,,,,,,216.4441,Z,4.2206,Z,,,,,,,,,,,,,18.9735,Z,,,,,,,,,,,,,false,false,false,false,true,true,false,false,false,false,true,false,false,false,POINT (151.64784240722656 -33.72243881225586)
soop_sst_nrt_trajectory_data.fid--1f707f45_1989dc45aa9_7a41,22453,519574314,VRDP4,OOCL Texas,,2019-10-30T21:30:00Z,Z,-33.6203,Z,151.7371,Z,,,,,,,,,,,,,,,218.8239,Z,7.5051,Z,,,,,,,,,,,,,19.6591,Z,,,,,,,,,,,,,false,false,false,false,true,true,false,false,false,false,true,false,false,false,POINT (151.7371368408203 -33.62030029296875)
soop_sst_nrt_trajectory_data.fid--1f707f45_1989dc45aa9_7a42,22453,519574315,VRDP4,OOCL Texas,,2019-10-30T21:45:00Z,Z,-33.6679,Z,151.6924,Z,,,,,,,,,,,,,,,218.034,Z,7.4696,Z,,,,,,,,,,,,,19.6501,Z,,,,,,,,,,,,,false,false,false,false,true,true,false,false,false,false,true,false,false,false,POINT (151.6924285888672 -33.6678581237793)
soop_sst_nrt_trajectory_data.fid--1f707f45_1989dc45aa9_7a43,22453,519574316,VRDP4,OOCL Texas,,2019-10-30T22:00:00Z,Z,-33.7118,Z,151.6512,Z,,,,,,,,,,,,,,,217.9784,Z,6.8968,Z,,,,,,,,,,,,,19.6389,Z,,,,,,,,,,,,,false,false,false,false,true,true,false,false,false,false,true,false,false,false,POINT (151.65118408203125 -33.7118034362793)
soop_sst_nrt_trajectory_data.fid--1f707f45_1989dc45aa9_7a44,22453,519574317,VRDP4,OOCL Texas,,2019-10-30T22:15:00Z,Z,-33.7442,Z,151.6208,Z,,,,,,,,,,,,,,,218.0082,Z,5.08,Z,,,,,,,,,,,,,19.7119,Z,,,,,,,,,,,,,false,false,false,false,true,true,false,false,false,false,true,false,false,false,POINT (151.6207733154297 -33.74415969848633)
soop_sst_nrt_trajectory_data.fid--1f707f45_1989dc45aa9_7a45,22453,519574318,VRDP4,OOCL Texas,,2019-10-30T22:30:00Z,Z,-33.7802,Z,151.5877,Z,,,,,,,,,,,,,,,217.3262,Z,5.6009,Z,,,,,,,,,,,,,19.8103,Z,,,,,,,,,,,,,false,false,false,false,true,true,false,false,false,false,true,false,false,false,POINT (151.58773803710938 -33.7801628112793)
soop_sst_nrt_trajectory_data.fid--1f707f45_1989dc45aa9_7a46,22453,519574319,VRDP4,OOCL Texas,,2019-10-30T22:45:00Z,Z,-33.8166,Z,151.5546,Z,,,,,,,,,,,,,,,217.0667,Z,5.6532,Z,,,,,,,,,,,,,19.882,Z,,,,,,,,,,,,,false,false,false,false,true,true,false,false,false,false,true,false,false,false,POINT (151.55458068847656 -33.816627502441406)
soop_sst_nrt_trajectory_data.fid--1f707f45_1989dc45aa9_7a47,22453,519574320,VRDP4,OOCL Texas,,2019-10-30T23:00:00Z,Z,-33.8533,Z,151.5215,Z,,,,,,,,,,,,,,,216.8148,Z,5.6621,Z,,,,,,,,,,,,,19.8744,Z,,,,,,,,,,,,,false,false,false,false,true,true,false,false,false,false,true,false,false,false,POINT (151.52154541015625 -33.853271484375)
soop_sst_nrt_trajectory_data.fid--1f707f45_1989dc45aa9_7a48,22453,519574321,VRDP4,OOCL Texas,,2019-10-30T23:15:00Z,Z,-33.8898,Z,151.4882,Z,,,,,,,,,,,,,,,217.1385,Z,5.6709,Z,,,,,,,,,,,,,19.8115,Z,,,,,,,,,,,,,false,false,false,false,true,true,false,false,false,false,true,false,false,false,POINT (151.4882049560547 -33.88981628417969)
soop_sst_nrt_trajectory_data.fid--1f707f45_1989dc45aa9_7a49,22546,519615380,VRDP4,OOCL Texas,,2019-12-05T00:30:00Z,Z,-33.6207,Z,151.7413,Z,,,,,,,,,,,,,,,218.9315,Z,6.1023,Z,,,,,,,,,,,,,20.2097,Z,,,,,,,,,,,,,false,false,false,false,true,true,false,false,false,false,true,false,false,false,POINT (151.74134826660156 -33.620723724365234)
soop_sst_nrt_trajectory_data.fid--1f707f45_1989dc45aa9_7a4a,22546,519615381,VRDP4,OOCL Texas,,2019-12-05T00:45:00Z,Z,-33.6584,Z,151.7046,Z,,,,,,,,,,,,,,,219.1109,Z,5.9992,Z,,,,,,,,,,,,,20.2,Z,,,,,,,,,,,,,false,false,false,false,true,true,false,false,false,false,true,false,false,false,POINT (151.70458984375 -33.65835189819336)
soop_sst_nrt_trajectory_data.fid--1f707f45_1989dc45aa9_7a4b,22546,519615382,VRDP4,OOCL Texas,,2019-12-05T01:00:00Z,Z,-33.6971,Z,151.667,Z,,,,,,,,,,,,,,,218.9151,Z,6.1597,Z,,,,,,,,,,,,,20.2471,Z,,,,,,,,,,,,,false,false,false,false,true,true,false,false,false,false,true,false,false,false,POINT (151.6669921875 -33.69709396362305)
soop_sst_nrt_trajectory_data.fid--1f707f45_1989dc45aa9_7a4c,22546,519615385,VRDP4,OOCL Texas,,2019-12-05T01:45:00Z,H,-33.8177,Z,151.5504,Z,,,,,,,,,,,,,,,218.747,Z,6.381,Z,,,,,,,,,,,,,20.3342,Z,,,,,,,,,,,,,false,false,false,false,true,true,false,false,false,false,true,false,false,false,POINT (151.55039978027344 -33.817745208740234)
soop_sst_nrt_trajectory_data.fid--1f707f45_1989dc45aa9_7a4d,22546,519615386,VRDP4,OOCL Texas,,2019-12-05T02:00:00Z,Z,-33.8584,Z,151.5121,Z,,,,,,,,,,,,,,,218.0804,Z,6.3866,Z,,,,,,,,,,,,,20.4931,Z,,,,,,,,,,,,,false,false,false,false,true,true,false,false,false,false,true,false,false,false,POINT (151.51205444335938 -33.85838317871094)
soop_sst_nrt_trajectory_data.fid--1f707f45_1989dc45aa9_7a4e,22693,519681548,VRDP4,OOCL Texas,,2020-01-09T06:15:00Z,Z,-33.6409,Z,151.6947,Z,,,,,,,,,,,,,,,220.8716,Z,10.5625,Z,,,,,,,,,,,,,24.3007,Z,,,,,,,,,,,,,false,false,false,false,true,true,false,false,false,false,true,false,false,false,POINT (151.69471740722656 -33.64088821411133)
soop_sst_nrt_trajectory_data.fid--1f707f45_1989dc45aa9_7a4f,22693,519681549,VRDP4,OOCL Texas,,2020-01-09T06:30:00Z,Z,-33.6859,Z,151.6498,Z,,,,,,,,,,,,,,,219.6968,Z,7.2362,Z,,,,,,,,,,,,,24.7466,Z,,,,,,,,,,,,,false,false,false,false,true,true,false,false,false,false,true,false,false,false,POINT (151.64981079101562 -33.68589401245117)
soop_sst_nrt_trajectory_data.fid--1f707f45_1989dc45aa9_7a50,22693,519681550,VRDP4,OOCL Texas,,2020-01-09T06:45:00Z,Z,-33.7011,Z,151.6325,Z,,,,,,,,,,,,,,,223.5734,Z,2.5903,Z,,,,,,,,,,,,,24.8449,Z,,,,,,,,,,,,,false,false,false,false,true,true,false,false,false,false,true,false,false,false,POINT (151.63246154785156 -33.70106506347656)
soop_sst_nrt_trajectory_data.fid--1f707f45_1989dc45aa9_7a51,22693,519681551,VRDP4,OOCL Texas,,2020-01-09T07:00:00Z,Z,-33.7294,Z,151.602,Z,,,,,,,,,,,,,,,221.8824,Z,4.6999,Z,,,,,,,,,,,,,24.8872,Z,,,,,,,,,,,,,false,false,false,false,true,true,false,false,false,false,true,false,false,false,POINT (151.60195922851562 -33.72935104370117)
soop_sst_nrt_trajectory_data.fid--1f707f45_1989dc45aa9_7a52,22693,519681552,VRDP4,OOCL Texas,,2020-01-09T07:15:00Z,Z,-33.7587,Z,151.5729,Z,,,,,,,,,,,,,,,219.4204,Z,4.6994,Z,,,,,,,,,,,,,24.8159,Z,,,,,,,,,,,,,false,false,false,false,true,true,false,false,false,false,true,false,false,false,POINT (151.57293701171875 -33.758697509765625)
soop_sst_nrt_trajectory_data.fid--1f707f45_1989dc45aa9_7a53,22693,519681553,VRDP4,OOCL Texas,,2020-01-09T07:30:00Z,Z,-33.7898,Z,151.5444,Z,,,,,,,,,,,,,,,217.2904,Z,4.8334,Z,,,,,,,,,,,,,24.739,Z,,,,,,,,,,,,,false,false,false,false,true,true,false,false,false,false,true,false,false,false,POINT (151.54444885253906 -33.7897834777832)
soop_sst_nrt_trajectory_data.fid--1f707f45_1989dc45aa9_7a54,22693,519681554,VRDP4,OOCL Texas,,2020-01-09T07:45:00Z,Z,-33.8206,Z,151.5164,Z,,,,,,,,,,,,,,,217.1177,Z,4.7763,Z,,,,,,,,,,,,,24.6037,Z,,,,,,,,,,,,,false,false,false,false,true,true,false,false,false,false,true,false,false,false,POINT (151.5164031982422 -33.82057189941406)
soop_sst_nrt_trajectory_data.fid--1f707f45_1989dc45aa9_7a55,22693,519681555,VRDP4,OOCL Texas,,2020-01-09T08:00:00Z,Z,-33.8506,Z,151.4894,Z,,,,,,,,,,,,,,,216.7056,Z,4.634,Z,,,,,,,,,,,,,24.4643,Z,,,,,,,,,,,,,false,false,false,false,true,true,false,false,false,false,true,false,false,false,POINT (151.48944091796875 -33.85060501098633)
soop_sst_nrt_trajectory_data.fid--1f707f45_1989dc45aa9_7a56,22693,519681556,VRDP4,OOCL Texas,,2020-01-09T08:15:00Z,Z,-33.8806,Z,151.4624,Z,,,,,,,,,,,,,,,216.762,Z,4.6344,Z,,,,,,,,,,,,,23.9239,Z,,,,,,,,,,,,,false,false,false,false,true,true,false,false,false,false,true,false,false,false,POINT (151.46243286132812 -33.880619049072266)
soop_sst_nrt_trajectory_data.fid--1f707f45_1989dc45aa9_7a57,22819,519728797,VRDP4,OOCL Texas,,2020-02-13T00:15:00Z,Z,-33.6157,Z,151.7469,Z,,,,,,,,,,,,,,,219.4963,Z,4.5449,Z,,,,,,,,,,,,,23.1495,Z,,,,,,,,,,,,,false,false,false,false,true,true,false,false,false,false,true,false,false,false,POINT (151.7469024658203 -33.615699768066406)
soop_sst_nrt_trajectory_data.fid--1f707f45_1989dc45aa9_7a58,22973,519791961,VRDE7,OOCL Houston,,2020-01-24T20:45:00Z,Z,-33.8594,Z,151.4705,Z,,,,,,,,,,,,,,,32.999,Z,8.7089,Z,,,,,,,,,,,,,25.296,Z,,,,,,,,,,,,,false,false,false,false,true,true,false,false,false,false,true,false,false,false,POINT (151.4705352783203 -33.85939407348633)
soop_sst_nrt_trajectory_data.fid--1f707f45_1989dc45aa9_7a59,22973,519791962,VRDE7,OOCL Houston,,2020-01-24T21:00:00Z,Z,-33.8023,Z,151.5202,Z,,,,,,,,,,,,,,,35.8888,Z,8.7113,Z,,,,,,,,,,,,,25.0996,Z,,,,,,,,,,,,,false,false,false,false,true,true,false,false,false,false,true,false,false,false,POINT (151.5202178955078 -33.80232620239258)
soop_sst_nrt_trajectory_data.fid--1f707f45_1989dc45aa9_7a5a,22973,519791963,VRDE7,OOCL Houston,,2020-01-24T21:15:00Z,Z,-33.7453,Z,151.5702,Z,,,,,,,,,,,,,,,36.1081,Z,8.7267,Z,,,,,,,,,,,,,25.1266,Z,,,,,,,,,,,,,false,false,false,false,true,true,false,false,false,false,true,false,false,false,POINT (151.57022094726562 -33.74531555175781)
soop_sst_nrt_trajectory_data.fid--1f707f45_1989dc45aa9_7a5b,22973,519791964,VRDE7,OOCL Houston,,2020-01-24T21:30:00Z,Z,-33.6885,Z,151.6192,Z,,,,,,,,,,,,,,,35.7076,Z,8.6455,Z,,,,,,,,,,,,,25.3053,Z,,,,,,,,,,,,,false,false,false,false,true,true,false,false,false,false,true,false,false,false,POINT (151.61924743652344 -33.68854904174805)
soop_sst_nrt_trajectory_data.fid--1f707f45_1989dc45aa9_7a5c,22973,519791965,VRDE7,OOCL Houston,,2020-01-24T21:45:00Z,Z,-33.6313,Z,151.6675,Z,,,,,,,,,,,,,,,35.0544,Z,8.6485,Z,,,,,,,,,,,,,25.0531,Z,,,,,,,,,,,,,false,false,false,false,true,true,false,false,false,false,true,false,false,false,POINT (151.66748046875 -33.63130187988281)
soop_sst_nrt_trajectory_data.fid--1f707f45_1989dc45aa9_7a5d,23008,519795278,VRDE7,OOCL Houston,,2020-02-28T10:00:00Z,H,-33.891,Z,151.4498,Z,,,,,,,,,,,,,,,66.401,Z,5.491,Z,,,,,,,,,,,,,22.4642,Z,,,,,,,,,,,,,false,false,false,false,true,true,false,false,false,false,true,false,false,false,POINT (151.44984436035156 -33.89101028442383)
soop_sst_nrt_trajectory_data.fid--1f707f45_1989dc45aa9_7a5e,23008,519795279,VRDE7,OOCL Houston,,2020-02-28T10:15:00Z,Z,-33.8366,Z,151.4923,Z,,,,,,,,,,,,,,,32.9278,Z,8.0168,Z,,,,,,,,,,,,,22.9152,Z,,,,,,,,,,,,,false,false,false,false,true,true,false,false,false,false,true,false,false,false,POINT (151.4922637939453 -33.83660125732422)
soop_sst_nrt_trajectory_data.fid--1f707f45_1989dc45aa9_7a5f,23008,519795280,VRDE7,OOCL Houston,,2020-02-28T10:30:00Z,Z,-33.7854,Z,151.5331,Z,,,,,,,,,,,,,,,33.5568,Z,7.5946,Z,,,,,,,,,,,,,23.394,Z,,,,,,,,,,,,,false,false,false,false,true,true,false,false,false,false,true,false,false,false,POINT (151.53309631347656 -33.78542709350586)
soop_sst_nrt_trajectory_data.fid--1f707f45_1989dc45aa9_7a60,23008,519795281,VRDE7,OOCL Houston,,2020-02-28T10:45:00Z,Z,-33.737,Z,151.5769,Z,,,,,,,,,,,,,,,37.0017,Z,7.4916,Z,,,,,,,,,,,,,23.5496,Z,,,,,,,,,,,,,false,false,false,false,true,true,false,false,false,false,true,false,false,false,POINT (151.57693481445312 -33.7370491027832)
soop_sst_nrt_trajectory_data.fid--1f707f45_1989dc45aa9_7a61,23008,519795282,VRDE7,OOCL Houston,,2020-02-28T11:00:00Z,Z,-33.6884,Z,151.622,Z,,,,,,,,,,,,,,,37.6517,Z,7.596,Z,,,,,,,,,,,,,23.4694,Z,,,,,,,,,,,,,false,false,false,false,true,true,false,false,false,false,true,false,false,false,POINT (151.6220245361328 -33.688419342041016)
soop_sst_nrt_trajectory_data.fid--1f707f45_1989dc45aa9_7a62,23008,519795283,VRDE7,OOCL Houston,,2020-02-28T11:15:00Z,Z,-33.6384,Z,151.6654,Z,,,,,,,,,,,,,,,35.8308,Z,7.632,Z,,,,,,,,,,,,,23.3528,Z,,,,,,,,,,,,,false,false,false,false,true,true,false,false,false,false,true,false,false,false,POINT (151.6654052734375 -33.63838577270508)
soop_sst_nrt_trajectory_data.fid--1f707f45_1989dc45aa9_7a63,23049,519804261,VRDE7,OOCL Houston,,2020-04-03T17:00:00Z,Z,-33.8704,Z,151.4706,Z,,,,,,,,,,,,,,,34.3961,Z,9.7003,Z,,,,,,,,,,,,,21.8897,Z,,,,,,,,,,,,,false,false,false,false,true,true,false,false,false,false,true,false,false,false,POINT (151.47064208984375 -33.87042999267578)
soop_sst_nrt_trajectory_data.fid--1f707f45_1989dc45aa9_7a64,23049,519804262,VRDE7,OOCL Houston,,2020-04-03T17:15:00Z,Z,-33.8049,Z,151.5228,Z,,,,,,,,,,,,,,,33.4944,Z,9.7158,Z,,,,,,,,,,,,,21.688,Z,,,,,,,,,,,,,false,false,false,false,true,true,false,false,false,false,true,false,false,false,POINT (151.52281188964844 -33.80491256713867)
soop_sst_nrt_trajectory_data.fid--1f707f45_1989dc45aa9_7a65,23049,519804263,VRDE7,OOCL Houston,,2020-04-03T17:30:00Z,Z,-33.7398,Z,151.5774,Z,,,,,,,,,,,,,,,34.8744,Z,9.818,Z,,,,,,,,,,,,,21.8203,Z,,,,,,,,,,,,,false,false,false,false,true,true,false,false,false,false,true,false,false,false,POINT (151.577392578125 -33.73978042602539)
soop_sst_nrt_trajectory_data.fid--1f707f45_1989dc45aa9_7a66,23049,519804264,VRDE7,OOCL Houston,,2020-04-03T17:45:00Z,Z,-33.6741,Z,151.6328,Z,,,,,,,,,,,,,,,35.0864,Z,9.9275,Z,,,,,,,,,,,,,21.8001,Z,,,,,,,,,,,,,false,false,false,false,true,true,false,false,false,false,true,false,false,false,POINT (151.63282775878906 -33.67409133911133)
soop_sst_nrt_trajectory_data.fid--1f707f45_1989dc45aa9_7a67,23049,519804265,VRDE7,OOCL Houston,,2020-04-03T18:00:00Z,Z,-33.608,Z,151.6884,Z,,,,,,,,,,,,,,,35.0019,Z,9.9713,Z,,,,,,,,,,,,,21.7688,Z,,,,,,,,,,,,,false,false,false,false,true,true,false,false,false,false,true,false,false,false,POINT (151.6883544921875 -33.6080436706543)
soop_sst_nrt_trajectory_data.fid--1f707f45_1989dc45aa9_7a68,23139,519831114,VRDE7,OOCL Houston,,2020-05-08T00:00:00Z,Z,-33.8813,Z,151.4624,Z,,,,,,,,,,,,,,,32.0562,Z,7.1882,Z,,,,,,,,,,,,,21.0378,Z,,,,,,,,,,,,,false,false,false,false,true,true,false,false,false,false,true,false,false,false,POINT (151.46237182617188 -33.88129425048828)
soop_sst_nrt_trajectory_data.fid--1f707f45_1989dc45aa9_7a69,23139,519831115,VRDE7,OOCL Houston,,2020-05-08T00:15:00Z,Z,-33.833,Z,151.502,Z,,,,,,,,,,,,,,,34.2761,Z,7.2205,Z,,,,,,,,,,,,,20.899,Z,,,,,,,,,,,,,false,false,false,false,true,true,false,false,false,false,true,false,false,false,POINT (151.501953125 -33.83304977416992)
soop_sst_nrt_trajectory_data.fid--1f707f45_1989dc45aa9_7a6a,23139,519831116,VRDE7,OOCL Houston,,2020-05-08T00:30:00Z,Z,-33.7841,Z,151.5424,Z,,,,,,,,,,,,,,,34.432,Z,7.3466,Z,,,,,,,,,,,,,21.0532,Z,,,,,,,,,,,,,false,false,false,false,true,true,false,false,false,false,true,false,false,false,POINT (151.5423583984375 -33.784053802490234)
soop_sst_nrt_trajectory_data.fid--1f707f45_1989dc45aa9_7a6b,23139,519831117,VRDE7,OOCL Houston,,2020-05-08T00:45:00Z,Z,-33.7346,Z,151.5835,Z,,,,,,,,,,,,,,,34.6531,Z,7.4372,Z,,,,,,,,,,,,,21.1478,Z,,,,,,,,,,,,,false,false,false,false,true,true,false,false,false,false,true,false,false,false,POINT (151.58346557617188 -33.73458480834961)
soop_sst_nrt_trajectory_data.fid--1f707f45_1989dc45aa9_7a6c,23139,519831118,VRDE7,OOCL Houston,,2020-05-08T01:00:00Z,Z,-33.6845,Z,151.6241,Z,,,,,,,,,,,,,,,33.9859,Z,7.4762,Z,,,,,,,,,,,,,21.3167,Z,,,,,,,,,,,,,false,false,false,false,true,true,false,false,false,false,true,false,false,false,POINT (151.6240692138672 -33.6844596862793)
soop_sst_nrt_trajectory_data.fid--1f707f45_1989dc45aa9_7a6d,23139,519831119,VRDE7,OOCL Houston,,2020-05-08T01:15:00Z,Z,-33.6348,Z,151.6648,Z,,,,,,,,,,,,,,,34.3154,Z,7.4386,Z,,,,,,,,,,,,,21.1716,Z,,,,,,,,,,,,,false,false,false,false,true,true,false,false,false,false,true,false,false,false,POINT (151.664794921875 -33.63478088378906)
soop_sst_nrt_trajectory_data.fid--1f707f45_1989dc45aa9_7a6e,23245,519873966,VRDE7,OOCL Houston,,2020-06-14T12:15:00Z,Z,-33.8971,Z,151.4439,Z,,,,,,,,,,,,,,,34.1124,Z,9.4661,Z,,,,,,,,,,,,,19.038,Z,,,,,,,,,,,,,false,false,false,false,true,true,false,false,false,false,true,false,false,false,POINT (151.4439239501953 -33.89710998535156)
soop_sst_nrt_trajectory_data.fid--1f707f45_1989dc45aa9_7a6f,23245,519873967,VRDE7,OOCL Houston,,2020-06-14T12:30:00Z,Z,-33.8344,Z,151.4951,Z,,,,,,,,,,,,,,,34.1345,Z,9.3739,Z,,,,,,,,,,,,,19.2668,Z,,,,,,,,,,,,,false,false,false,false,true,true,false,false,false,false,true,false,false,false,POINT (151.4951171875 -33.83436965942383)
soop_sst_nrt_trajectory_data.fid--1f707f45_1989dc45aa9_7a70,23245,519873968,VRDE7,OOCL Houston,,2020-06-14T12:45:00Z,Z,-33.772,Z,151.5457,Z,,,,,,,,,,,,,,,34.0315,Z,9.3022,Z,,,,,,,,,,,,,19.9702,Z,,,,,,,,,,,,,false,false,false,false,true,true,false,false,false,false,true,false,false,false,POINT (151.54574584960938 -33.77203369140625)
soop_sst_nrt_trajectory_data.fid--1f707f45_1989dc45aa9_7a71,23245,519873969,VRDE7,OOCL Houston,,2020-06-14T13:00:00Z,Z,-33.71,Z,151.5992,Z,,,,,,,,,,,,,,,35.6364,Z,9.4416,Z,,,,,,,,,,,,,20.0723,Z,,,,,,,,,,,,,false,false,false,false,true,true,false,false,false,false,true,false,false,false,POINT (151.59921264648438 -33.709983825683594)
soop_sst_nrt_trajectory_data.fid--1f707f45_1989dc45aa9_7a72,23245,519873970,VRDE7,OOCL Houston,,2020-06-14T13:15:00Z,Z,-33.6481,Z,151.653,Z,,,,,,,,,,,,,,,35.9305,Z,9.4468,Z,,,,,,,,,,,,,19.9036,Z,,,,,,,,,,,,,false,false,false,false,true,true,false,false,false,false,true,false,false,false,POINT (151.65304565429688 -33.648128509521484)
soop_sst_nrt_trajectory_data.fid--1f707f45_1989dc45aa9_7a73,23370,519930492,VRDE7,OOCL Houston,,2020-07-19T05:30:00Z,Z,-33.8903,Z,151.4541,Z,,,,,,,,,,,,,,,35.8154,Z,9.1482,Z,,,,,,,,,,,,,31.2643,M,,,,,,,,,,,,,false,false,false,false,true,true,false,false,false,false,true,false,false,false,POINT (151.45407104492188 -33.89032745361328)
soop_sst_nrt_trajectory_data.fid--1f707f45_1989dc45aa9_7a74,23370,519930493,VRDE7,OOCL Houston,,2020-07-19T05:45:00Z,Z,-33.8293,Z,151.5048,Z,,,,,,,,,,,,,,,34.6009,Z,9.1718,Z,,,,,,,,,,,,,31.2643,M,,,,,,,,,,,,,false,false,false,false,true,true,false,false,false,false,true,false,false,false,POINT (151.5047607421875 -33.829280853271484)
soop_sst_nrt_trajectory_data.fid--1f707f45_1989dc45aa9_7a75,23370,519930494,VRDE7,OOCL Houston,,2020-07-19T06:00:00Z,Z,-33.7678,Z,151.5544,Z,,,,,,,,,,,,,,,33.8836,Z,9.1514,Z,,,,,,,,,,,,,31.2643,M,,,,,,,,,,,,,false,false,false,false,true,true,false,false,false,false,true,false,false,false,POINT (151.55438232421875 -33.76784896850586)
soop_sst_nrt_trajectory_data.fid--1f707f45_1989dc45aa9_7a76,23370,519930495,VRDE7,OOCL Houston,,2020-07-19T06:15:00Z,Z,-33.7067,Z,151.6045,Z,,,,,,,,,,,,,,,34.3162,Z,9.1492,Z,,,,,,,,,,,,,31.2643,M,,,,,,,,,,,,,false,false,false,false,true,true,false,false,false,false,true,false,false,false,POINT (151.60450744628906 -33.70674514770508)
soop_sst_nrt_trajectory_data.fid--1f707f45_1989dc45aa9_7a77,23370,519930496,VRDE7,OOCL Houston,,2020-07-19T06:30:00Z,Z,-33.6455,Z,151.6563,Z,,,,,,,,,,,,,,,35.1351,Z,9.2685,Z,,,,,,,,,,,,,31.2643,M,,,,,,,,,,,,,false,false,false,false,true,true,false,false,false,false,true,false,false,false,POINT (151.65631103515625 -33.64545440673828)
soop_sst_nrt_trajectory_data.fid--1f707f45_1989dc45aa9_7a78,23503,519985383,VRDE7,OOCL Houston,,2020-08-24T15:45:00Z,Z,-33.8965,Z,151.4472,Z,,,,,,,,,,,,,,,35.0449,Z,6.3624,Z,,,,,,,,,,,,,31.2643,M,,,,,,,,,,,,,false,false,false,false,true,true,false,false,false,false,true,false,false,false,POINT (151.44715881347656 -33.8964958190918)
soop_sst_nrt_trajectory_data.fid--1f707f45_1989dc45aa9_7a79,23503,519985384,VRDE7,OOCL Houston,,2020-08-24T16:00:00Z,Z,-33.854,Z,151.4827,Z,,,,,,,,,,,,,,,34.8059,Z,6.4031,Z,,,,,,,,,,,,,31.2643,M,,,,,,,,,,,,,false,false,false,false,true,true,false,false,false,false,true,false,false,false,POINT (151.4827423095703 -33.85398483276367)
soop_sst_nrt_trajectory_data.fid--1f707f45_1989dc45aa9_7a7a,23503,519985385,VRDE7,OOCL Houston,,2020-08-24T16:15:00Z,Z,-33.8108,Z,151.5183,Z,,,,,,,,,,,,,,,34.3858,Z,6.4778,Z,,,,,,,,,,,,,31.2643,M,,,,,,,,,,,,,false,false,false,false,true,true,false,false,false,false,true,false,false,false,POINT (151.51834106445312 -33.810760498046875)
soop_sst_nrt_trajectory_data.fid--1f707f45_1989dc45aa9_7a7b,23503,519985386,VRDE7,OOCL Houston,,2020-08-24T16:30:00Z,Z,-33.7676,Z,151.5552,Z,,,,,,,,,,,,,,,35.3831,Z,6.5434,Z,,,,,,,,,,,,,31.2643,M,,,,,,,,,,,,,false,false,false,false,true,true,false,false,false,false,true,false,false,false,POINT (151.55519104003906 -33.76762390136719)
soop_sst_nrt_trajectory_data.fid--1f707f45_1989dc45aa9_7a7c,23503,519985387,VRDE7,OOCL Houston,,2020-08-24T16:45:00Z,Z,-33.7253,Z,151.5927,Z,,,,,,,,,,,,,,,36.4362,Z,6.4986,Z,,,,,,,,,,,,,31.2643,M,,,,,,,,,,,,,false,false,false,false,true,true,false,false,false,false,true,false,false,false,POINT (151.59271240234375 -33.72534942626953)
soop_sst_nrt_trajectory_data.fid--1f707f45_1989dc45aa9_7a7d,23503,519985388,VRDE7,OOCL Houston,,2020-08-24T17:00:00Z,Z,-33.6821,Z,151.6287,Z,,,,,,,,,,,,,,,34.7141,Z,6.5079,Z,,,,,,,,,,,,,31.2643,M,,,,,,,,,,,,,false,false,false,false,true,true,false,false,false,false,true,false,false,false,POINT (151.62872314453125 -33.68209457397461)
soop_sst_nrt_trajectory_data.fid--1f707f45_1989dc45aa9_7a7e,23503,519985389,VRDE7,OOCL Houston,,2020-08-24T17:15:00Z,Z,-33.6387,Z,151.6642,Z,,,,,,,,,,,,,,,34.256,Z,6.4866,Z,,,,,,,,,,,,,31.2643,M,,,,,,,,,,,,,false,false,false,false,true,true,false,false,false,false,true,false,false,false,POINT (151.6641845703125 -33.63874435424805)
soop_sst_nrt_trajectory_data.fid--1f707f45_1989dc45aa9_7a7f,24388,520598872,VNSZ,Spirit of Tasmania 2,undefined,2021-08-26T02:00:00Z,Z,-33.8,Z,151.4,Z,14.9,Z,1018.6,Z,,,,,,,8.3,Z,,,315,Z,4.1156,Z,,,,,,,,,,,,,17.8,Z,,,,,,,200,Z,11.3,Z,9.7744,Z,true,true,false,true,true,true,false,false,false,false,true,true,true,true,POINT (151.39999389648438 -33.79999923706055)
soop_sst_nrt_trajectory_data.fid--1f707f45_1989dc45aa9_7a80,24388,520598873,VNSZ,Spirit of Tasmania 2,undefined,2021-08-26T03:00:00Z,Z,-33.8,Z,151.3,Z,14.6,Z,1018.1,Z,,,,,,,7.4,Z,,,270,Z,4.1156,Z,,,,,,,,,,,,,17.5,Z,,,,,,,180,Z,10.7,Z,7.2022,Z,true,true,false,true,true,true,false,false,false,false,true,true,true,true,POINT (151.3000030517578 -33.79999923706055)
soop_sst_nrt_trajectory_data.fid--1f707f45_1989dc45aa9_7a81,25280,521127965,VRDE7,OOCL Houston,,2022-04-09T04:15:00Z,Z,-33.6032,Z,151.6408,Z,,,,,,,,,,,,,,,199.6255,Z,5.781,Z,,,,,,,,,,,,,22.5383,Z,,,,,,,,,,,,,false,false,false,false,true,true,false,false,false,false,true,false,false,false,POINT (151.6407928466797 -33.603233337402344)
soop_sst_nrt_trajectory_data.fid--1f707f45_1989dc45aa9_7a82,25280,521127966,VRDE7,OOCL Houston,,2022-04-09T04:30:00Z,Z,-33.6467,Z,151.6213,Z,,,,,,,,,,,,,,,200.5123,Z,5.7397,Z,,,,,,,,,,,,,22.3715,Z,,,,,,,,,,,,,false,false,false,false,true,true,false,false,false,false,true,false,false,false,POINT (151.6212615966797 -33.64669418334961)
soop_sst_nrt_trajectory_data.fid--1f707f45_1989dc45aa9_7a83,25280,521127971,VRDE7,OOCL Houston,,2022-04-09T05:45:00Z,H,-33.8545,Z,151.4963,Z,,,,,,,,,,,,,,,206.5297,Z,5.748,Z,,,,,,,,,,,,,22.3311,Z,,,,,,,,,,,,,false,false,false,false,true,true,false,false,false,false,true,false,false,false,POINT (151.4962921142578 -33.85451889038086)
soop_sst_nrt_trajectory_data.fid--1f707f45_1989dc45aa9_7a84,25280,521127972,VRDE7,OOCL Houston,,2022-04-09T06:00:00Z,Z,-33.8928,Z,151.4644,Z,,,,,,,,,,,,,,,214.7068,Z,5.7563,Z,,,,,,,,,,,,,22.3307,Z,,,,,,,,,,,,,false,false,false,false,true,true,false,false,false,false,true,false,false,false,POINT (151.46437072753906 -33.89277267456055)
soop_sst_nrt_trajectory_data.fid--1f707f45_1989dc45aa9_7a85,25296,521134863,VRDE7,OOCL Houston,,2022-04-13T11:45:00Z,H,-33.8091,Z,151.5142,Z,,,,,,,,,,,,,,,52.5659,Z,7.5438,Z,,,,,,,,,,,,,23.4543,Z,,,,,,,,,,,,,false,false,false,false,true,true,false,false,false,false,true,false,false,false,POINT (151.51419067382812 -33.80910873413086)
soop_sst_nrt_trajectory_data.fid--1f707f45_1989dc45aa9_7a86,25296,521134864,VRDE7,OOCL Houston,,2022-04-13T12:00:00Z,Z,-33.7424,Z,151.5685,Z,,,,,,,,,,,,,,,34.1128,Z,9.9675,Z,,,,,,,,,,,,,23.8228,Z,,,,,,,,,,,,,false,false,false,false,true,true,false,false,false,false,true,false,false,false,POINT (151.56854248046875 -33.74237823486328)
soop_sst_nrt_trajectory_data.fid--1f707f45_1989dc45aa9_7a87,25296,521134865,VRDE7,OOCL Houston,,2022-04-13T12:15:00Z,Z,-33.6773,Z,151.6253,Z,,,,,,,,,,,,,,,35.9794,Z,9.9389,Z,,,,,,,,,,,,,23.7941,Z,,,,,,,,,,,,,false,false,false,false,true,true,false,false,false,false,true,false,false,false,POINT (151.62527465820312 -33.67734146118164)
soop_sst_nrt_trajectory_data.fid--1f707f45_1989dc45aa9_7a88,25296,521134866,VRDE7,OOCL Houston,,2022-04-13T12:30:00Z,Z,-33.6119,Z,151.6831,Z,,,,,,,,,,,,,,,36.3654,Z,10.0529,Z,,,,,,,,,,,,,23.6892,Z,,,,,,,,,,,,,false,false,false,false,true,true,false,false,false,false,true,false,false,false,POINT (151.68313598632812 -33.611881256103516)
soop_sst_nrt_trajectory_data.fid--1f707f45_1989dc45aa9_7a89,25428,521186341,VRDE7,OOCL Houston,,2022-05-17T18:45:00Z,H,-33.6751,Z,151.69,Z,,,,,,,,,,,,,,,52.6143,Z,6.9502,Z,,,,,,,,,,,,,22.5659,Z,,,,,,,,,,,,,false,false,false,false,true,true,false,false,false,false,true,false,false,false,POINT (151.68997192382812 -33.67510986328125)
soop_sst_nrt_trajectory_data.fid--1f707f45_1989dc45aa9_7a8a,25428,521186342,VRDE7,OOCL Houston,,2022-05-17T19:00:00Z,Z,-33.6175,Z,151.7504,Z,,,,,,,,,,,,,,,41.1113,Z,9.4584,Z,,,,,,,,,,,,,21.6302,Z,,,,,,,,,,,,,false,false,false,false,true,true,false,false,false,false,true,false,false,false,POINT (151.75035095214844 -33.61748123168945)
soop_sst_nrt_trajectory_data.fid--1f707f45_1989dc45aa9_7a8b,25552,521235122,VRDE7,OOCL Houston,,2022-06-28T15:45:00Z,H,-33.7744,Z,151.5887,Z,,,,,,,,,,,,,,,40.5445,Z,7.2026,Z,,,,,,,,,,,,,19.7544,Z,,,,,,,,,,,,,false,false,false,false,true,true,false,false,false,false,true,false,false,false,POINT (151.58871459960938 -33.774375915527344)
soop_sst_nrt_trajectory_data.fid--1f707f45_1989dc45aa9_7a8c,25552,521235123,VRDE7,OOCL Houston,,2022-06-28T16:00:00Z,Z,-33.7301,Z,151.6344,Z,,,,,,,,,,,,,,,40.6253,Z,7.2194,Z,,,,,,,,,,,,,19.8991,Z,,,,,,,,,,,,,false,false,false,false,true,true,false,false,false,false,true,false,false,false,POINT (151.63441467285156 -33.73006820678711)
soop_sst_nrt_trajectory_data.fid--1f707f45_1989dc45aa9_7a8d,25552,521235124,VRDE7,OOCL Houston,,2022-06-28T16:15:00Z,Z,-33.6855,Z,151.6799,Z,,,,,,,,,,,,,,,40.3188,Z,7.2304,Z,,,,,,,,,,,,,20.252,Z,,,,,,,,,,,,,false,false,false,false,true,true,false,false,false,false,true,false,false,false,POINT (151.67987060546875 -33.685489654541016)
soop_sst_nrt_trajectory_data.fid--1f707f45_1989dc45aa9_7a8e,25552,521235125,VRDE7,OOCL Houston,,2022-06-28T16:30:00Z,Z,-33.6408,Z,151.7251,Z,,,,,,,,,,,,,,,40.1135,Z,7.2239,Z,,,,,,,,,,,,,20.5996,Z,,,,,,,,,,,,,false,false,false,false,true,true,false,false,false,false,true,false,false,false,POINT (151.72506713867188 -33.64081573486328)
soop_sst_nrt_trajectory_data.fid--1f707f45_1989dc45aa9_7a8f,25753,521325234,VRDE7,OOCL Houston,,2022-09-10T10:15:00Z,Z,-33.8898,Z,151.4844,Z,,,,,,,,,,,,,,,39.0946,Z,6.6658,Z,,,,,,,,,,,,,18.1328,Z,,,,,,,,,,,,,false,false,false,false,true,true,false,false,false,false,true,false,false,false,POINT (151.48439025878906 -33.88982009887695)
soop_sst_nrt_trajectory_data.fid--1f707f45_1989dc45aa9_7a90,25753,521325235,VRDE7,OOCL Houston,,2022-09-10T10:30:00Z,Z,-33.8494,Z,151.5275,Z,,,,,,,,,,,,,,,41.5797,Z,6.6774,Z,,,,,,,,,,,,,18.4801,Z,,,,,,,,,,,,,false,false,false,false,true,true,false,false,false,false,true,false,false,false,POINT (151.52752685546875 -33.849430084228516)
soop_sst_nrt_trajectory_data.fid--1f707f45_1989dc45aa9_7a91,25753,521325236,VRDE7,OOCL Houston,,2022-09-10T10:45:00Z,Z,-33.811,Z,151.5719,Z,,,,,,,,,,,,,,,43.7651,Z,6.5884,Z,,,,,,,,,,,,,18.7263,Z,,,,,,,,,,,,,false,false,false,false,true,true,false,false,false,false,true,false,false,false,POINT (151.57186889648438 -33.81095504760742)
soop_sst_nrt_trajectory_data.fid--1f707f45_1989dc45aa9_7a92,25753,521325237,VRDE7,OOCL Houston,,2022-09-10T11:00:00Z,Z,-33.7625,Z,151.5954,Z,,,,,,,,,,,,,,,22.0232,Z,6.4638,Z,,,,,,,,,,,,,18.4356,Z,,,,,,,,,,,,,false,false,false,false,true,true,false,false,false,false,true,false,false,false,POINT (151.59544372558594 -33.762508392333984)
soop_sst_nrt_trajectory_data.fid--1f707f45_1989dc45aa9_7a93,25753,521325238,VRDE7,OOCL Houston,,2022-09-10T11:15:00Z,Z,-33.7219,Z,151.638,Z,,,,,,,,,,,,,,,41.0808,Z,6.6672,Z,,,,,,,,,,,,,18.7284,Z,,,,,,,,,,,,,false,false,false,false,true,true,false,false,false,false,true,false,false,false,POINT (151.63803100585938 -33.72187042236328)
soop_sst_nrt_trajectory_data.fid--1f707f45_1989dc45aa9_7a94,25753,521325239,VRDE7,OOCL Houston,,2022-09-10T11:30:00Z,Z,-33.682,Z,151.68,Z,,,,,,,,,,,,,,,41.2464,Z,6.5504,Z,,,,,,,,,,,,,18.8575,Z,,,,,,,,,,,,,false,false,false,false,true,true,false,false,false,false,true,false,false,false,POINT (151.67999267578125 -33.682044982910156)
soop_sst_nrt_trajectory_data.fid--1f707f45_1989dc45aa9_7a95,25753,521325240,VRDE7,OOCL Houston,,2022-09-10T11:45:00Z,Z,-33.6408,Z,151.7208,Z,,,,,,,,,,,,,,,39.471,Z,6.6088,Z,,,,,,,,,,,,,18.9032,Z,,,,,,,,,,,,,false,false,false,false,true,true,false,false,false,false,true,false,false,false,POINT (151.72079467773438 -33.64079284667969)
soop_sst_nrt_trajectory_data.fid--1f707f45_1989dc45aa9_7a96,25897,521363611,VRDE7,OOCL Houston,,2022-10-14T01:45:00Z,H,-33.79,Z,151.5695,Z,,,,,,,,,,,,,,,37.8639,Z,7.4334,Z,,,,,,,,,,,,,19.5106,Z,,,,,,,,,,,,,false,false,false,false,true,true,false,false,false,false,true,false,false,false,POINT (151.5695343017578 -33.79001998901367)
soop_sst_nrt_trajectory_data.fid--1f707f45_1989dc45aa9_7a97,25897,521363612,VRDE7,OOCL Houston,,2022-10-14T02:00:00Z,Z,-33.7429,Z,151.6155,Z,,,,,,,,,,,,,,,39.0666,Z,7.5081,Z,,,,,,,,,,,,,19.3457,Z,,,,,,,,,,,,,false,false,false,false,true,true,false,false,false,false,true,false,false,false,POINT (151.61553955078125 -33.742881774902344)
soop_sst_nrt_trajectory_data.fid--1f707f45_1989dc45aa9_7a98,25897,521363613,VRDE7,OOCL Houston,,2022-10-14T02:15:00Z,Z,-33.6912,Z,151.6693,Z,,,,,,,,,,,,,,,40.8877,Z,8.4476,Z,,,,,,,,,,,,,19.2026,Z,,,,,,,,,,,,,false,false,false,false,true,true,false,false,false,false,true,false,false,false,POINT (151.6692657470703 -33.69123840332031)
soop_sst_nrt_trajectory_data.fid--1f707f45_1989dc45aa9_7a99,25897,521363614,VRDE7,OOCL Houston,,2022-10-14T02:30:00Z,Z,-33.6362,Z,151.7264,Z,,,,,,,,,,,,,,,40.8668,Z,8.9986,Z,,,,,,,,,,,,,19.1284,Z,,,,,,,,,,,,,false,false,false,false,true,true,false,false,false,false,true,false,false,false,POINT (151.7264404296875 -33.636207580566406)
soop_sst_nrt_trajectory_data.fid--1f707f45_1989dc45aa9_7a9a,26053,521432447,VRDE7,OOCL Houston,,2022-11-18T07:45:00Z,H,-33.667,Z,151.6958,Z,,,,,,,,,,,,,,,40.5879,Z,5.9208,Z,,,,,,,,,,,,,19.5724,Z,,,,,,,,,,,,,false,false,false,false,true,true,false,false,false,false,true,false,false,false,POINT (151.6957550048828 -33.66699981689453)
soop_sst_nrt_trajectory_data.fid--1f707f45_1989dc45aa9_7a9b,26053,521432448,VRDE7,OOCL Houston,,2022-11-18T08:00:00Z,Z,-33.6299,Z,151.7321,Z,,,,,,,,,,,,,,,39.1514,Z,5.9236,Z,,,,,,,,,,,,,19.5981,Z,,,,,,,,,,,,,false,false,false,false,true,true,false,false,false,false,true,false,false,false,POINT (151.73207092285156 -33.62985610961914)
soop_sst_nrt_trajectory_data.fid--1f707f45_1989dc45aa9_7a9c,26225,521504069,VRDE7,OOCL Houston,,2022-12-30T08:45:00Z,H,-33.8026,Z,151.5439,Z,,,,,,,,,,,,,,,41.8037,Z,7.1932,Z,,,,,,,,,,,,,21.8956,Z,,,,,,,,,,,,,false,false,false,false,true,true,false,false,false,false,true,false,false,false,POINT (151.54391479492188 -33.802581787109375)
soop_sst_nrt_trajectory_data.fid--1f707f45_1989dc45aa9_7a9d,26225,521504070,VRDE7,OOCL Houston,,2022-12-30T09:00:00Z,Z,-33.7536,Z,151.5844,Z,,,,,,,,,,,,,,,34.5058,Z,7.3514,Z,,,,,,,,,,,,,21.869,Z,,,,,,,,,,,,,false,false,false,false,true,true,false,false,false,false,true,false,false,false,POINT (151.58441162109375 -33.753597259521484)
soop_sst_nrt_trajectory_data.fid--1f707f45_1989dc45aa9_7a9e,26225,521504071,VRDE7,OOCL Houston,,2022-12-30T09:15:00Z,Z,-33.7054,Z,151.6257,Z,,,,,,,,,,,,,,,35.5089,Z,7.318,Z,,,,,,,,,,,,,21.6629,Z,,,,,,,,,,,,,false,false,false,false,true,true,false,false,false,false,true,false,false,false,POINT (151.62571716308594 -33.70542907714844)
soop_sst_nrt_trajectory_data.fid--1f707f45_1989dc45aa9_7a9f,26225,521504072,VRDE7,OOCL Houston,,2022-12-30T09:30:00Z,Z,-33.6577,Z,151.6657,Z,,,,,,,,,,,,,,,34.9153,Z,7.1991,Z,,,,,,,,,,,,,21.7978,Z,,,,,,,,,,,,,false,false,false,false,true,true,false,false,false,false,true,false,false,false,POINT (151.66574096679688 -33.65769577026367)
soop_sst_nrt_trajectory_data.fid--1f707f45_1989dc45aa9_7aa0,26373,521578622,VRDE7,OOCL Houston,,2023-02-02T21:00:00Z,H,-33.8338,Z,151.5158,Z,,,,,,,,,,,,,,,49.6621,Z,7.1946,Z,,,,,,,,,,,,,23.8289,Z,,,,,,,,,,,,,false,false,false,false,true,true,false,false,false,false,true,false,false,false,POINT (151.51583862304688 -33.833797454833984)
soop_sst_nrt_trajectory_data.fid--1f707f45_1989dc45aa9_7aa1,26373,521578623,VRDE7,OOCL Houston,,2023-02-02T21:15:00Z,Z,-33.7814,Z,151.561,Z,,,,,,,,,,,,,,,35.6251,Z,7.9744,Z,,,,,,,,,,,,,23.6424,Z,,,,,,,,,,,,,false,false,false,false,true,true,false,false,false,false,true,false,false,false,POINT (151.56101989746094 -33.7813835144043)
soop_sst_nrt_trajectory_data.fid--1f707f45_1989dc45aa9_7aa2,26373,521578624,VRDE7,OOCL Houston,,2023-02-02T21:30:00Z,Z,-33.7283,Z,151.6057,Z,,,,,,,,,,,,,,,35.0064,Z,8.0174,Z,,,,,,,,,,,,,23.4324,Z,,,,,,,,,,,,,false,false,false,false,true,true,false,false,false,false,true,false,false,false,POINT (151.60572814941406 -33.7282829284668)
soop_sst_nrt_trajectory_data.fid--1f707f45_1989dc45aa9_7aa3,26373,521578625,VRDE7,OOCL Houston,,2023-02-02T21:45:00Z,Z,-33.6749,Z,151.6501,Z,,,,,,,,,,,,,,,34.6568,Z,8.03,Z,,,,,,,,,,,,,23.2569,Z,,,,,,,,,,,,,false,false,false,false,true,true,false,false,false,false,true,false,false,false,POINT (151.65008544921875 -33.67487335205078)
soop_sst_nrt_trajectory_data.fid--1f707f45_1989dc45aa9_7aa4,26373,521578626,VRDE7,OOCL Houston,,2023-02-02T22:00:00Z,Z,-33.622,Z,151.6939,Z,,,,,,,,,,,,,,,34.6218,Z,7.9447,Z,,,,,,,,,,,,,23.1287,Z,,,,,,,,,,,,,false,false,false,false,true,true,false,false,false,false,true,false,false,false,POINT (151.69390869140625 -33.62200927734375)
soop_sst_nrt_trajectory_data.fid--1f707f45_1989dc45aa9_7aa5,26794,521795430,VRDE7,OOCL Houston,,2023-05-26T09:45:00Z,Z,-33.845,Z,151.5089,Z,,,,,,,,,,,,,,,33.6877,Z,8.3539,Z,,,,,,,,,,,,,19.9724,Z,,,,,,,,,,,,,false,false,false,false,true,true,false,false,false,false,true,false,false,false,POINT (151.50885009765625 -33.8449821472168)
soop_sst_nrt_trajectory_data.fid--1f707f45_1989dc45aa9_7aa6,26935,521851979,VRDE7,OOCL Houston,,2023-07-09T15:30:00Z,Z,-33.8794,Z,151.481,Z,,,,,,,,,,,,,,,38.8341,Z,10.0646,Z,,,,,,,,,,,,,18.4449,Z,,,,,,,,,,,,,false,false,false,false,true,true,false,false,false,false,true,false,false,false,POINT (151.4810028076172 -33.87939453125)
soop_sst_nrt_trajectory_data.fid--1f707f45_1989dc45aa9_7aa7,26935,521851980,VRDE7,OOCL Houston,,2023-07-09T15:45:00Z,Z,-33.8119,Z,151.5366,Z,,,,,,,,,,,,,,,34.4262,Z,10.1139,Z,,,,,,,,,,,,,18.4749,Z,,,,,,,,,,,,,false,false,false,false,true,true,false,false,false,false,true,false,false,false,POINT (151.53663635253906 -33.81193542480469)
soop_sst_nrt_trajectory_data.fid--1f707f45_1989dc45aa9_7aa8,27060,521897431,VRDE7,OOCL Houston,,2023-08-12T16:30:00Z,Z,-33.8655,Z,151.4719,Z,,,,,,,,,,,,,,,35.9407,Z,7.9997,Z,,,,,,,,,,,,,18.7059,Z,,,,,,,,,,,,,false,false,false,false,true,true,false,false,false,false,true,false,false,false,POINT (151.4718780517578 -33.865478515625)
soop_sst_nrt_trajectory_data.fid--1f707f45_1989dc45aa9_7aa9,27060,521897432,VRDE7,OOCL Houston,,2023-08-12T16:45:00Z,Z,-33.8125,Z,151.5167,Z,,,,,,,,,,,,,,,35.1567,Z,8.0068,Z,,,,,,,,,,,,,18.875,Z,,,,,,,,,,,,,false,false,false,false,true,true,false,false,false,false,true,false,false,false,POINT (151.51673889160156 -33.81254577636719)
soop_sst_nrt_trajectory_data.fid--1f707f45_1989dc45aa9_7aaa,27060,521897433,VRDE7,OOCL Houston,,2023-08-12T17:00:00Z,Z,-33.7597,Z,151.5613,Z,,,,,,,,,,,,,,,35.0644,Z,7.9816,Z,,,,,,,,,,,,,18.7632,Z,,,,,,,,,,,,,false,false,false,false,true,true,false,false,false,false,true,false,false,false,POINT (151.5613250732422 -33.75971984863281)
soop_sst_nrt_trajectory_data.fid--1f707f45_1989dc45aa9_7aab,27060,521897434,VRDE7,OOCL Houston,,2023-08-12T17:15:00Z,Z,-33.7078,Z,151.606,Z,,,,,,,,,,,,,,,35.6082,Z,7.8986,Z,,,,,,,,,,,,,18.793,Z,,,,,,,,,,,,,false,false,false,false,true,true,false,false,false,false,true,false,false,false,POINT (151.60601806640625 -33.707794189453125)
soop_sst_nrt_trajectory_data.fid--1f707f45_1989dc45aa9_7aac,27176,521930019,VRDE7,OOCL Houston,,2023-09-22T02:45:00Z,Z,-33.8644,Z,151.471,Z,,,,,,,,,,,,,,,33.7985,Z,8.9255,Z,,,,,,,,,,,,,18.6747,Z,,,,,,,,,,,,,false,false,false,false,true,true,false,false,false,false,true,false,false,false,POINT (151.47100830078125 -33.864402770996094)
soop_sst_nrt_trajectory_data.fid--1f707f45_1989dc45aa9_7aad,27176,521930020,VRDE7,OOCL Houston,,2023-09-22T03:00:00Z,Z,-33.8096,Z,151.5142,Z,,,,,,,,,,,,,,,33.2148,Z,8.096,Z,,,,,,,,,,,,,18.7604,Z,,,,,,,,,,,,,false,false,false,false,true,true,false,false,false,false,true,false,false,false,POINT (151.51416015625 -33.809635162353516)
soop_sst_nrt_trajectory_data.fid--1f707f45_1989dc45aa9_7aae,27176,521930021,VRDE7,OOCL Houston,,2023-09-22T03:15:00Z,Z,-33.7605,Z,151.5531,Z,,,,,,,,,,,,,,,33.3431,Z,7.2795,Z,,,,,,,,,,,,,18.6285,Z,,,,,,,,,,,,,false,false,false,false,true,true,false,false,false,false,true,false,false,false,POINT (151.55307006835938 -33.76046371459961)
soop_sst_nrt_trajectory_data.fid--1f707f45_1989dc45aa9_7aaf,27247,521949861,VRDE7,OOCL Houston,,2023-10-24T08:30:00Z,H,-33.7004,Z,151.66,Z,,,,,,,,,,,,,,,219.9787,Z,5.3091,Z,,,,,,,,,,,,,21.1239,Z,,,,,,,,,,,,,false,false,false,false,true,true,false,false,false,false,true,false,false,false,POINT (151.65997314453125 -33.70043182373047)
soop_sst_nrt_trajectory_data.fid--1f707f45_1989dc45aa9_7ab0,27247,521949862,VRDE7,OOCL Houston,,2023-10-24T08:45:00Z,Z,-33.7349,Z,151.6251,Z,,,,,,,,,,,,,,,220.1011,Z,5.5753,Z,,,,,,,,,,,,,20.8503,Z,,,,,,,,,,,,,false,false,false,false,true,true,false,false,false,false,true,false,false,false,POINT (151.62506103515625 -33.73490524291992)
soop_sst_nrt_trajectory_data.fid--1f707f45_1989dc45aa9_7ab1,27247,521949863,VRDE7,OOCL Houston,,2023-10-24T09:00:00Z,Z,-33.7688,Z,151.5903,Z,,,,,,,,,,,,,,,220.5005,Z,5.5097,Z,,,,,,,,,,,,,20.424,Z,,,,,,,,,,,,,false,false,false,false,true,true,false,false,false,false,true,false,false,false,POINT (151.5902557373047 -33.76877212524414)
soop_sst_nrt_trajectory_data.fid--1f707f45_1989dc45aa9_7ab2,27247,521949864,VRDE7,OOCL Houston,,2023-10-24T09:15:00Z,Z,-33.8025,Z,151.5563,Z,,,,,,,,,,,,,,,219.932,Z,5.4372,Z,,,,,,,,,,,,,19.9421,Z,,,,,,,,,,,,,false,false,false,false,true,true,false,false,false,false,true,false,false,false,POINT (151.55630493164062 -33.80247497558594)
soop_sst_nrt_trajectory_data.fid--1f707f45_1989dc45aa9_7ab3,27247,521949869,VRDE7,OOCL Houston,,2023-10-24T10:30:00Z,H,-33.8659,Z,151.4933,Z,,,,,,,,,,,,,,,219.48,Z,2.0348,Z,,,,,,,,,,,,,20.2573,Q,,,,,,,,,,,,,false,false,false,false,true,true,false,false,false,false,true,false,false,false,POINT (151.49331665039062 -33.86594772338867)
soop_sst_nrt_trajectory_data.fid--1f707f45_1989dc45aa9_7ab4,27247,521949870,VRDE7,OOCL Houston,,2023-10-24T10:45:00Z,Z,-33.8698,Z,151.4924,Z,,,,,,,,,,,,,,,191.2187,Z,0.4839,Z,,,,,,,,,,,,,20.2643,Q,,,,,,,,,,,,,false,false,false,false,true,true,false,false,false,false,true,false,false,false,POINT (151.49240112304688 -33.86978530883789)
soop_sst_nrt_trajectory_data.fid--1f707f45_1989dc45aa9_7ab5,27247,521949871,VRDE7,OOCL Houston,,2023-10-24T11:00:00Z,Z,-33.8741,Z,151.492,Z,,,,,,,,,,,,,,,184.8564,Z,0.5351,Z,,,,,,,,,,,,,20.2804,Q,,,,,,,,,,,,,false,false,false,false,true,true,false,false,false,false,true,false,false,false,POINT (151.49195861816406 -33.87409591674805)
soop_sst_nrt_trajectory_data.fid--1f707f45_1989dc45aa9_7ab6,27247,521949872,VRDE7,OOCL Houston,,2023-10-24T11:15:00Z,Z,-33.8788,Z,151.4916,Z,,,,,,,,,,,,,,,183.3956,Z,0.5871,Z,,,,,,,,,,,,,20.2717,Q,,,,,,,,,,,,,false,false,false,false,true,true,false,false,false,false,true,false,false,false,POINT (151.4916229248047 -33.87883377075195)
soop_sst_nrt_trajectory_data.fid--1f707f45_1989dc45aa9_7ab7,27247,521949873,VRDE7,OOCL Houston,,2023-10-24T11:30:00Z,Z,-33.8834,Z,151.4915,Z,,,,,,,,,,,,,,,181.6841,Z,0.5692,Z,,,,,,,,,,,,,20.2358,Q,,,,,,,,,,,,,false,false,false,false,true,true,false,false,false,false,true,false,false,false,POINT (151.491455078125 -33.8834342956543)
soop_sst_nrt_trajectory_data.fid--1f707f45_1989dc45aa9_7ab8,27247,521949874,VRDE7,OOCL Houston,,2023-10-24T11:45:00Z,Z,-33.8879,Z,151.4912,Z,,,,,,,,,,,,,,,182.3932,Z,0.5535,Z,,,,,,,,,,,,,20.2003,Q,,,,,,,,,,,,,false,false,false,false,true,true,false,false,false,false,true,false,false,false,POINT (151.49122619628906 -33.88790512084961)
soop_sst_nrt_trajectory_data.fid--1f707f45_1989dc45aa9_7ab9,27247,521949875,VRDE7,OOCL Houston,,2023-10-24T12:00:00Z,Z,-33.8924,Z,151.4908,Z,,,,,,,,,,,,,,,185.0268,Z,0.558,Z,,,,,,,,,,,,,20.1926,Q,,,,,,,,,,,,,false,false,false,false,true,true,false,false,false,false,true,false,false,false,POINT (151.49075317382812 -33.892398834228516)
soop_sst_nrt_trajectory_data.fid--1f707f45_1989dc45aa9_7aba,27247,521949876,VRDE7,OOCL Houston,,2023-10-24T12:15:00Z,Z,-33.8966,Z,151.4904,Z,,,,,,,,,,,,,,,184.0182,Z,0.5174,Z,,,,,,,,,,,,,20.1718,Q,,,,,,,,,,,,,false,false,false,false,true,true,false,false,false,false,true,false,false,false,POINT (151.4904022216797 -33.89657211303711)
soop_sst_nrt_trajectory_data.fid--1f707f45_1989dc45aa9_7abb,27457,522048621,VRDE7,OOCL Houston,,2024-01-08T16:30:00Z,H,-33.7298,Z,151.6861,Z,,,,,,,,,,,,,,,28.1651,Z,4.6093,Z,,,,,,,,,,,,,23.5434,Z,,,,,,,,,,,,,false,false,false,false,true,true,false,false,false,false,true,false,false,false,POINT (151.6861114501953 -33.72975540161133)
soop_sst_nrt_trajectory_data.fid--1f707f45_1989dc45aa9_7abc,27457,522048622,VRDE7,OOCL Houston,,2024-01-08T16:45:00Z,Z,-33.6964,Z,151.7071,Z,,,,,,,,,,,,,,,27.6483,Z,4.6567,Z,,,,,,,,,,,,,23.7002,Z,,,,,,,,,,,,,false,false,false,false,true,true,false,false,false,false,true,false,false,false,POINT (151.7071075439453 -33.69640350341797)
soop_sst_nrt_trajectory_data.fid--1f707f45_1989dc45aa9_7abd,27457,522048623,VRDE7,OOCL Houston,,2024-01-08T17:00:00Z,Z,-33.6622,Z,151.7278,Z,,,,,,,,,,,,,,,26.7319,Z,4.7382,Z,,,,,,,,,,,,,23.8198,Z,,,,,,,,,,,,,false,false,false,false,true,true,false,false,false,false,true,false,false,false,POINT (151.72781372070312 -33.66218948364258)
soop_sst_nrt_trajectory_data.fid--1f707f45_1989dc45aa9_7abe,27457,522048624,VRDE7,OOCL Houston,,2024-01-08T17:15:00Z,Z,-33.6301,Z,151.754,Z,,,,,,,,,,,,,,,34.2103,Z,4.7985,Z,,,,,,,,,,,,,23.9179,Z,,,,,,,,,,,,,false,false,false,false,true,true,false,false,false,false,true,false,false,false,POINT (151.75401306152344 -33.630104064941406)
soop_sst_nrt_trajectory_data.fid--1f707f45_1989dc45aa9_7abf,27465,522053625,VRDE7,OOCL Houston,,2024-01-10T21:15:00Z,Z,-33.635,Z,151.6188,Z,,,,,,,,,,,,,,,181.2123,Z,7.2259,Z,,,,,,,,,,,,,24.2058,Z,,,,,,,,,,,,,false,false,false,false,true,true,false,false,false,false,true,false,false,false,POINT (151.6187744140625 -33.63496017456055)
soop_sst_nrt_trajectory_data.fid--1f707f45_1989dc45aa9_7ac0,27465,522053626,VRDE7,OOCL Houston,,2024-01-10T21:30:00Z,Z,-33.6865,Z,151.6148,Z,,,,,,,,,,,,,,,183.6326,Z,6.3911,Z,,,,,,,,,,,,,24.2699,Z,,,,,,,,,,,,,false,false,false,false,true,true,false,false,false,false,true,false,false,false,POINT (151.61483764648438 -33.686527252197266)
soop_sst_nrt_trajectory_data.fid--1f707f45_1989dc45aa9_7ac1,27465,522053627,VRDE7,OOCL Houston,,2024-01-10T21:45:00Z,Z,-33.7365,Z,151.6077,Z,,,,,,,,,,,,,,,186.8056,Z,6.2216,Z,,,,,,,,,,,,,24.3047,Z,,,,,,,,,,,,,false,false,false,false,true,true,false,false,false,false,true,false,false,false,POINT (151.607666015625 -33.736473083496094)
soop_sst_nrt_trajectory_data.fid--1f707f45_1989dc45aa9_7ac2,27465,522053628,VRDE7,OOCL Houston,,2024-01-10T22:00:00Z,Z,-33.7823,Z,151.5848,Z,,,,,,,,,,,,,,,202.5215,Z,6.1426,Z,,,,,,,,,,,,,24.3113,Z,,,,,,,,,,,,,false,false,false,false,true,true,false,false,false,false,true,false,false,false,POINT (151.58477783203125 -33.782344818115234)
soop_sst_nrt_trajectory_data.fid--1f707f45_1989dc45aa9_7ac3,27465,522053629,VRDE7,OOCL Houston,,2024-01-10T22:15:00Z,Z,-33.8197,Z,151.5463,Z,,,,,,,,,,,,,,,220.4927,Z,6.0844,Z,,,,,,,,,,,,,24.2659,Z,,,,,,,,,,,,,false,false,false,false,true,true,false,false,false,false,true,false,false,false,POINT (151.54632568359375 -33.81974792480469)
soop_sst_nrt_trajectory_data.fid--1f707f45_1989dc45aa9_7ac4,27473,522060243,VRDE7,OOCL Houston,,2024-01-12T09:00:00Z,Z,-33.8892,Z,151.4749,Z,,,,,,,,,,,,,,,36.2684,Z,4.964,Z,,,,,,,,,,,,,24.869,Z,,,,,,,,,,,,,false,false,false,false,true,true,false,false,false,false,true,false,false,false,POINT (151.47494506835938 -33.88917541503906)
soop_sst_nrt_trajectory_data.fid--1f707f45_1989dc45aa9_7ac5,27473,522060244,VRDE7,OOCL Houston,,2024-01-12T09:15:00Z,Z,-33.8544,Z,151.5043,Z,,,,,,,,,,,,,,,35.0453,Z,5.2493,Z,,,,,,,,,,,,,24.8723,Z,,,,,,,,,,,,,false,false,false,false,true,true,false,false,false,false,true,false,false,false,POINT (151.50428771972656 -33.854427337646484)
soop_sst_nrt_trajectory_data.fid--1f707f45_1989dc45aa9_7ac6,27473,522060245,VRDE7,OOCL Houston,,2024-01-12T09:30:00Z,Z,-33.8193,Z,151.534,Z,,,,,,,,,,,,,,,35.0755,Z,5.3043,Z,,,,,,,,,,,,,24.7737,Z,,,,,,,,,,,,,false,false,false,false,true,true,false,false,false,false,true,false,false,false,POINT (151.53395080566406 -33.81932830810547)
soop_sst_nrt_trajectory_data.fid--1f707f45_1989dc45aa9_7ac7,27473,522060246,VRDE7,OOCL Houston,,2024-01-12T09:45:00Z,Z,-33.7839,Z,151.5635,Z,,,,,,,,,,,,,,,34.758,Z,5.332,Z,,,,,,,,,,,,,24.6944,Z,,,,,,,,,,,,,false,false,false,false,true,true,false,false,false,false,true,false,false,false,POINT (151.5635223388672 -33.78390884399414)
soop_sst_nrt_trajectory_data.fid--1f707f45_1989dc45aa9_7ac8,27473,522060247,VRDE7,OOCL Houston,,2024-01-12T10:00:00Z,Z,-33.7484,Z,151.5933,Z,,,,,,,,,,,,,,,34.9113,Z,5.3494,Z,,,,,,,,,,,,,24.6921,Z,,,,,,,,,,,,,false,false,false,false,true,true,false,false,false,false,true,false,false,false,POINT (151.59329223632812 -33.74843978881836)
soop_sst_nrt_trajectory_data.fid--1f707f45_1989dc45aa9_7ac9,27473,522060248,VRDE7,OOCL Houston,,2024-01-12T10:15:00Z,Z,-33.7132,Z,151.6235,Z,,,,,,,,,,,,,,,35.4727,Z,5.3558,Z,,,,,,,,,,,,,24.7691,Z,,,,,,,,,,,,,false,false,false,false,true,true,false,false,false,false,true,false,false,false,POINT (151.62350463867188 -33.713172912597656)
soop_sst_nrt_trajectory_data.fid--1f707f45_1989dc45aa9_7aca,27588,522127399,VRDE7,OOCL Houston,,2024-02-18T05:30:00Z,H,-33.6778,Z,151.6514,Z,,,,,,,,,,,,,,,48.9876,Z,6.5614,Z,,,,,,,,,,,,,23.9062,Z,,,,,,,,,,,,,false,false,false,false,true,true,false,false,false,false,true,false,false,false,POINT (151.6514129638672 -33.67782974243164)
soop_sst_nrt_trajectory_data.fid--1f707f45_1989dc45aa9_7acb,27588,522127400,VRDE7,OOCL Houston,,2024-02-18T05:45:00Z,Z,-33.6177,Z,151.702,Z,,,,,,,,,,,,,,,34.9869,Z,9.0784,Z,,,,,,,,,,,,,23.8767,Z,,,,,,,,,,,,,false,false,false,false,true,true,false,false,false,false,true,false,false,false,POINT (151.7019500732422 -33.6176872253418)
soop_sst_nrt_trajectory_data.fid--1f707f45_1989dc45aa9_7acc,27674,522156317,VRDE7,OOCL Houston,,2024-03-24T14:30:00Z,H,-33.7183,Z,151.6228,Z,,,,,,,,,,,,,,,36.3617,Z,6.1405,Z,,,,,,,,,,,,,22.4968,Z,,,,,,,,,,,,,false,false,false,false,true,true,false,false,false,false,true,false,false,false,POINT (151.62278747558594 -33.71834182739258)
soop_sst_nrt_trajectory_data.fid--1f707f45_1989dc45aa9_7acd,27674,522156318,VRDE7,OOCL Houston,,2024-03-24T14:45:00Z,Z,-33.6753,Z,151.6566,Z,,,,,,,,,,,,,,,33.1706,Z,6.3556,Z,,,,,,,,,,,,,21.9031,Z,,,,,,,,,,,,,false,false,false,false,true,true,false,false,false,false,true,false,false,false,POINT (151.6565704345703 -33.67532730102539)
soop_sst_nrt_trajectory_data.fid--1f707f45_1989dc45aa9_7ace,27674,522156319,VRDE7,OOCL Houston,,2024-03-24T15:00:00Z,Z,-33.6323,Z,151.691,Z,,,,,,,,,,,,,,,33.7356,Z,6.392,Z,,,,,,,,,,,,,21.5631,Z,,,,,,,,,,,,,false,false,false,false,true,true,false,false,false,false,true,false,false,false,POINT (151.6910400390625 -33.632347106933594)
soop_sst_nrt_trajectory_data.fid--1f707f45_1989dc45aa9_7acf,27758,522179822,VRDE7,OOCL Houston,,2024-04-30T14:45:00Z,Z,-33.8978,Z,151.4742,Z,,,,,,,,,,,,,,,33.8549,Z,4.1894,Z,,,,,,,,,,,,,22.964,Z,,,,,,,,,,,,,false,false,false,false,true,true,false,false,false,false,true,false,false,false,POINT (151.4742431640625 -33.89775085449219)
soop_sst_nrt_trajectory_data.fid--1f707f45_1989dc45aa9_7ad0,27758,522179823,VRDE7,OOCL Houston,,2024-04-30T15:00:00Z,Z,-33.869,Z,151.497,Z,,,,,,,,,,,,,,,33.3258,Z,4.2559,Z,,,,,,,,,,,,,22.9124,Z,,,,,,,,,,,,,false,false,false,false,true,true,false,false,false,false,true,false,false,false,POINT (151.49700927734375 -33.86899948120117)
soop_sst_nrt_trajectory_data.fid--1f707f45_1989dc45aa9_7ad1,27758,522179824,VRDE7,OOCL Houston,,2024-04-30T15:15:00Z,Z,-33.8397,Z,151.5199,Z,,,,,,,,,,,,,,,32.9344,Z,4.3218,Z,,,,,,,,,,,,,22.8125,Z,,,,,,,,,,,,,false,false,false,false,true,true,false,false,false,false,true,false,false,false,POINT (151.51988220214844 -33.83967208862305)
soop_sst_nrt_trajectory_data.fid--1f707f45_1989dc45aa9_7ad2,27758,522179829,VRDE7,OOCL Houston,,2024-04-30T16:30:00Z,H,-33.6949,Z,151.6357,Z,,,,,,,,,,,,,,,33.6374,Z,4.3015,Z,,,,,,,,,,,,,22.2288,Z,,,,,,,,,,,,,false,false,false,false,true,true,false,false,false,false,true,false,false,false,POINT (151.63565063476562 -33.69485092163086)
soop_sst_nrt_trajectory_data.fid--1f707f45_1989dc45aa9_7ad3,27758,522179830,VRDE7,OOCL Houston,,2024-04-30T16:45:00Z,Z,-33.6638,Z,151.6598,Z,,,,,,,,,,,,,,,32.9256,Z,4.5776,Z,,,,,,,,,,,,,22.1647,Z,,,,,,,,,,,,,false,false,false,false,true,true,false,false,false,false,true,false,false,false,POINT (151.65982055664062 -33.66378402709961)
soop_sst_nrt_trajectory_data.fid--1f707f45_1989dc45aa9_7ad4,27758,522179831,VRDE7,OOCL Houston,,2024-04-30T17:00:00Z,Z,-33.6327,Z,151.6837,Z,,,,,,,,,,,,,,,32.6688,Z,4.5617,Z,,,,,,,,,,,,,22.0739,Z,,,,,,,,,,,,,false,false,false,false,true,true,false,false,false,false,true,false,false,false,POINT (151.68373107910156 -33.63273620605469)
soop_sst_nrt_trajectory_data.fid--1f707f45_1989dc45aa9_7ad5,27758,522179832,VRDE7,OOCL Houston,,2024-04-30T17:15:00Z,Z,-33.6008,Z,151.7079,Z,,,,,,,,,,,,,,,32.1821,Z,4.6731,Z,,,,,,,,,,,,,21.9951,Z,,,,,,,,,,,,,false,false,false,false,true,true,false,false,false,false,true,false,false,false,POINT (151.7078857421875 -33.60075759887695)
soop_sst_nrt_trajectory_data.fid--1f707f45_1989dc45aa9_7ad6,27953,522249278,VNSZ,Spirit of Tasmania 2,Unknown,2024-08-14T03:00:00Z,Z,-33.84,Z,151.35,Z,16.4,Z,1020.2,Z,,,,,,,,,,,285,Z,6,Z,,Z,,Z,,,,,,,94.5,Z,17.8,Z,,,,,,,,Z,,,,Z,true,true,false,false,true,true,false,false,false,true,true,false,false,false,POINT (151.35000610351562 -33.84000015258789)
soop_sst_nrt_trajectory_data.fid--1f707f45_1989dc45aa9_7ad7,27953,522249279,VNSZ,Spirit of Tasmania 2,Unknown,2024-08-14T04:00:00Z,Z,-33.86,Z,151.23,Z,16.4,Z,1019.6,Z,,,,,,,,,,,165,Z,0.5,Z,,Z,,Z,,,,,,,95.2,Z,16.5,Q,,,,,,,,Z,,,,Z,true,true,false,false,true,true,false,false,false,true,true,false,false,false,POINT (151.22999572753906 -33.86000061035156)
soop_sst_nrt_trajectory_data.fid--1f707f45_1989dc45aa9_7ad8,27978,522262368,VNSZ,Spirit of Tasmania 2,Unknown,2024-08-31T21:00:00Z,Z,-33.86,Z,151.23,Z,15.8,Z,1011.1,Z,,,,,,,,,,,360,Z,1,Z,,Z,,Z,,,,,,,52.9,Z,17.9,Q,,,,,,,,Z,,,,Z,true,true,false,false,true,true,false,false,false,true,true,false,false,false,POINT (151.22999572753906 -33.86000061035156)
