"Geneid","log2FC_T20","padj_T20","log2FC_T26","padj_T26"
"Cvel_2053",4.8134186748992,4.64587248663566e-48,14.4812277263816,1.86881551945803e-32
"Cvel_3968",11.2275386863826,5.69676966836887e-46,14.0095780255725,1.81571810808317e-29
"Cvel_21395",9.34429340812513,3.33283712507974e-06,13.7722643170218,2.82323823628707e-29
"Cvel_2303",9.90877572326341,1.87642662621416e-129,13.6582981237246,1.41307282562731e-22
"Cvel_8433",10.1719626179458,1.55395368600636e-54,13.5126596465927,4.58167040790664e-28
"Cvel_6326",8.53878320060539,4.75521287829142e-43,13.4330348099473,7.88910596516133e-28
"Cvel_27651",9.79858228983677,3.09124900138743e-24,13.3548271571747,8.21277079734317e-12
"Cvel_11232",9.26329572457681,1.72298907294186e-09,13.3228751240857,3.8215594279551e-35
"Cvel_20799",12.5840051175656,1.99192515564941e-24,13.2545757359177,2.97198423868483e-25
"Cvel_5122",5.43881646511905,2.08491087133022e-11,13.2283533602802,3.58004802502096e-27
"Cvel_23706",11.0809270270756,1.38344870967052e-34,13.1915400938837,2.12331567814748e-25
"Cvel_23537",7.64883623983732,2.56342369977137e-38,13.1877222067331,1.34438683676821e-26
"Cvel_4029",5.48104284620922,1.05686420036462e-11,13.1861368103109,1.35575880193226e-25
"Cvel_14865",6.22400517149867,2.68036775773199e-25,13.1337288890321,5.06828610979197e-24
"Cvel_12111",6.32572583603679,0.00018830592149281,13.0939701012204,1.0483175235329e-25
"Cvel_20110",7.36732956653316,5.42438845839189e-37,13.0322904114128,4.63082512538586e-20
"Cvel_18752",6.89006877101502,8.44468813673967e-42,12.8684111257378,1.23868973502411e-25
"Cvel_10356",5.83091514257503,0.000571479424366973,12.8324631701161,1.91735272342735e-25
"Cvel_25499",7.60851473383911,8.15713053356233e-52,12.7773082737887,3.78689734229824e-23
"Cvel_18328",7.173275290072,3.38064616322738e-30,12.7553403232438,1.63293765803707e-22
"Cvel_27372",2.97862726429932,0.00112086415548151,12.706381513384,5.41825814923777e-25
"Cvel_16439",8.48603808346515,1.55377970901242e-06,12.6436059649778,2.39299455281325e-22
"Cvel_25407",3.57382348732839,1.00198425336326e-08,12.5950115200379,2.9731556557413e-20
"Cvel_12095",8.22182845050803,1.17756203378409e-28,12.5878102068408,4.77143478416835e-20
"Cvel_4298",5.94042649849597,2.80458458695331e-17,12.5682876276162,2.50338216095325e-22
"Cvel_21257",5.34234127058791,6.74393254596141e-07,12.5505951106038,7.40561160050426e-32
"Cvel_28083",5.33956443056865,1.30892620114141e-26,12.5330746257163,3.39470311120074e-22
"Cvel_157",6.67633089172624,4.45306465618229e-21,12.5219843571511,2.16412859199354e-23
"Cvel_14864",6.0320245048363,2.49302625330284e-16,12.5017805011826,2.37652537412035e-21
"Cvel_11585",6.54257849311246,1.18394114611775e-38,12.4992252117425,7.03357531648902e-19
"Cvel_24030",8.99770621970756,1.30190859905842e-42,12.4472664956775,1.03247649989638e-22
"Cvel_25358",11.9441037563076,7.54845680242765e-21,12.4328757961239,1.49657015561264e-17
"Cvel_27637",9.58106159880091,6.98575613463714e-32,12.4067365206615,9.52930525759905e-22
"Cvel_7926",6.98482005822735,9.01320857108974e-16,12.3849826558841,2.3184082221611e-20
"Cvel_14513",5.15801488107803,1.27521023842123e-05,12.3440006282503,3.08467451475381e-15
"Cvel_18486",4.61522549515338,2.57988324215114e-08,12.318711297618,2.64441839832117e-17
"Cvel_12630",8.0426441289771,4.60941654762611e-35,12.2719721200409,6.29672653014616e-23
"Cvel_27531",9.00617383968089,4.28889315500323e-49,12.2279185568997,2.92369738107293e-22
"Cvel_19636",8.10623090474924,6.40693469927176e-101,12.2150858055299,8.19172827596377e-23
"Cvel_22976",7.79445652590128,1.09632459333337e-46,12.2130575401777,9.9046864364404e-19
"Cvel_10527",11.035045677552,5.91017781154071e-23,12.2073062332539,5.4042524322596e-23
"Cvel_9632",4.77401185891687,3.88066826162229e-05,12.2067508329914,1.59867881874178e-16
"Cvel_24286",7.18666118541389,2.95206027965087e-32,12.206553867479,1.40443330044279e-17
"Cvel_9541",6.73580638858718,3.54231574431621e-15,12.1963448613187,9.50704692072438e-20
"Cvel_19764",5.62224689562758,6.29885840024473e-19,12.1856571248505,3.06107794825996e-22
"Cvel_16264",4.74680361263253,4.1322194819171e-07,12.1733661301244,1.79221298325843e-22
"Cvel_16447",7.5320994867236,1.45086212098139e-30,12.1307341849896,2.9548819137887e-18
"Cvel_6260",4.17448610963125,3.09800347624624e-07,12.1200701415404,3.1967502928219e-22
"Cvel_5010",5.11426008599896,8.38098031843722e-13,12.1136958220705,7.56299120591468e-19
"Cvel_7567",12.0936783392114,3.80884766363077e-22,8.41366901008369,2.17667268771214e-45
"Cvel_479",5.99689803192378,5.10050599023447e-12,12.0645336812087,2.70773466037577e-18
"Cvel_3329",5.04964523663525,5.4597630616843e-11,12.06181980981,2.1643086086788e-22
"Cvel_2487",4.59339408490929,2.63248181382091e-24,12.0579974678611,7.82087366747913e-20
"Cvel_3870",7.81354417305576,1.75537849787977e-29,12.0535433422404,9.36873549880687e-22
"Cvel_12131",6.43217158852589,1.01254398215952e-15,12.0211810268246,3.61215198849582e-22
"Cvel_3030",7.30302054611877,3.97300753785657e-44,12.0099371706896,2.56448128394154e-21
"Cvel_5697",2.56895286411429,3.98231461208721e-20,11.9989305933565,3.41408736064147e-22
"Cvel_16643",10.4693157253491,1.32538143277573e-21,11.9934667812397,5.1369210449158e-22
"Cvel_4977",10.0208231211388,8.55755002366131e-15,11.9903718858259,1.19880964395417e-21
"Cvel_9059",7.12348850129831,2.31706591638946e-28,11.97955876082,4.71607685762871e-17
"Cvel_2401",6.48248047658514,2.65739506956025e-18,11.9754100144863,2.22743644880894e-25
"Cvel_34666",11.3697911797771,6.64417580587962e-19,11.9752195448216,1.93725338198243e-16
"Cvel_3774",4.83756811663697,4.83762919536294e-15,11.9539689977519,4.73147398102476e-15
"Cvel_11747",8.30707122916995,2.74745014337296e-20,11.9337511341279,4.72649914350916e-22
"Cvel_807",6.93104708548978,1.63351281238611e-33,11.9327600043073,2.27629087713462e-16
"Cvel_23744",6.3442403283036,0.000133267436901045,11.9065937100709,1.81085473461015e-15
"Cvel_28515",9.95353054270211,6.84865641129701e-50,11.9015427851179,5.70640778259884e-34
"Cvel_25036",3.98273999439155,6.56040047371838e-16,11.8875824640237,1.9347544604313e-19
"Cvel_16521",5.22189703033026,7.75604801129934e-28,11.8871617109643,2.11354182076616e-21
"Cvel_4203",5.12663194035628,4.80600536551964e-09,11.8857179618118,6.88030962479454e-22
"Cvel_10895",3.64386701129135,9.62953984686881e-15,11.8765202671443,7.34101602903475e-21
"Cvel_14336",4.23871586986297,2.02588532521286e-18,11.8699560419091,7.99529003517978e-17
"Cvel_15178",4.03273968457829,3.39919110750376e-05,11.8589704344327,3.67721301065934e-20
"Cvel_24237",11.8580408972794,3.27486795853315e-21,11.0855893577149,1.26836376554922e-18
"Cvel_27841",5.03349386083746,0.00049365538923279,11.8389360737701,1.95011249562133e-20
"Cvel_26003",10.9291098654126,2.70123445003983e-17,11.8236645513994,2.50974028159476e-21
"Cvel_10395",8.33033895205869,1.668664398136e-36,11.821697397795,2.48305855947424e-20
"Cvel_23773",3.64944798754903,6.53775209404487e-07,11.820498869287,2.14650567716243e-21
"Cvel_10190",11.8078150530792,2.07152897594653e-18,6.75954702204792,3.65225071165859e-11
"Cvel_6459",4.66459112690715,7.05029586884844e-05,11.8076163558136,6.03363325094995e-20
"Cvel_31115",5.56601698560152,8.27718883247896e-11,11.7634487635547,4.94795672226567e-19
"Cvel_24407",6.92000595124688,4.02629834948603e-22,11.7585349718476,4.73258517307975e-19
"Cvel_23813",3.37086707126353,3.28500911572063e-06,11.7525329347893,4.2586510320641e-14
"Cvel_33851",6.27820033756783,9.01766741931578e-23,11.736551766167,1.88613223614576e-19
"Cvel_7428",6.61542237070098,1.34100998466143e-28,11.7315711511029,1.79265288335887e-19
"Cvel_13906",7.02320963542055,1.98381760712803e-13,11.7189993386757,1.8798015639684e-18
"Cvel_13811",7.43722452484667,1.09505089051376e-153,11.7102982436276,2.07672126885589e-26
"Cvel_21359",5.76858061855067,4.45046808400705e-09,11.6966664601484,2.6197934673115e-20
"Cvel_9121",6.62331796083111,0.00513663399822606,11.6863599621582,1.93279958437296e-21
"Cvel_17482",4.29180007735155,4.55446588607156e-09,11.6858291663929,1.33229464838047e-23
"Cvel_13814",4.9204078996187,3.29148182785053e-12,11.6788018527789,9.54213051233217e-19
"Cvel_18181",11.6616432455319,2.65713984907328e-20,11.609497376715,1.62343542188738e-15
"Cvel_25163",9.35936648482107,6.38642412098476e-17,11.6544201753018,1.0308311308856e-20
"Cvel_18408",11.6477290084637,1.50932630174896e-19,7.50326132548184,2.09609782415067e-16
"Cvel_15275",6.66157762224587,7.11668237613717e-10,11.6328423156278,6.60898172737932e-14
"Cvel_35023",3.00770761870725,1.0770975855231e-21,11.6252269760213,2.18128835685348e-20
"Cvel_29276",6.23661939133472,4.82483817157929e-06,11.6107171942104,1.20027046955918e-13
"Cvel_12610",9.391168942235,9.03235996963755e-13,11.5980756293737,1.40978062388538e-20
"Cvel_2605",6.83511486779321,1.00212443596475e-32,11.5917308484899,3.81709007120093e-25
"Cvel_26120",7.99710784179178,1.19361386914091e-20,11.5860334033699,1.60519765749025e-19
"Cvel_25357",9.01955548339373,4.14338968514783e-14,11.577707101097,3.73239144254923e-14
"Cvel_2714",4.37647076404904,3.91670490945933e-07,11.5724624980135,2.567078736699e-16
"Cvel_21137",7.2418476791562,1.61674717231798e-27,11.5596150690476,1.88768980520533e-20
"Cvel_14176",5.33111237380473,8.5401678314116e-10,11.555823888646,2.64568714218477e-20
"Cvel_7923",11.2235979242445,1.3202630447704e-18,11.5547296688449,2.18778281573681e-17
"Cvel_7552",4.19191888577653,3.02058408687866e-05,11.5428991645113,3.73840661751863e-20
"Cvel_24843",8.77709027910291,6.63136213758443e-23,11.5398142041247,4.28421047052354e-18
"Cvel_11052",8.85270009657686,1.68722295692453e-66,11.5383742245072,6.24067277975508e-27
"Cvel_6512",7.10918693824477,2.18142262631518e-23,11.5216911557759,9.47047434449036e-17
"Cvel_14073",6.05483396528103,2.55553225718887e-10,11.5207484905602,1.40322228769345e-19
"Cvel_34310",6.19019206450313,1.07300384016928e-18,11.5120321768668,5.32541046723309e-18
"Cvel_18959",4.33492851156836,7.68090544529863e-08,11.5092944772582,5.00705895310603e-20
"Cvel_24066",7.2178665241483,8.94352765453462e-27,11.5048363921485,4.9261001379078e-19
"Cvel_21779",5.026221686362,1.50803415236494e-09,11.5028059405749,2.75167167277729e-20
"Cvel_7045",4.30189947321159,4.67690768546077e-10,11.498556917739,5.09118578001905e-19
"Cvel_16333",4.04798035294131,6.0954257734559e-10,11.4751496457631,1.58061029459588e-18
"Cvel_35146",5.14476583773462,3.39967711450484e-13,11.4505113854257,1.57719363798738e-19
"Cvel_1204",6.69867211926984,3.32450749835001e-54,11.4413760257,1.69802219847174e-19
"Cvel_21520",5.11911588452547,3.82075222038483e-15,11.4330864190452,3.89786117287718e-14
"Cvel_10255",8.19690865796434,3.35459617600911e-26,11.4314335086484,4.2499884751227e-19
"Cvel_15479",7.81860818432525,6.01144070974197e-28,11.4253629611066,2.21222205586705e-19
"Cvel_8617",11.2531893297342,2.23547980147725e-18,11.421716547307,9.38677747676902e-15
"Cvel_26024",9.12341570673483,2.10268643608127e-37,11.4121306053124,4.39900486954696e-17
"Cvel_5168",5.89216357933619,3.52880915837164e-14,11.4116408565545,6.6166578735803e-20
"Cvel_4508",7.67753811678107,4.48267996131465e-20,11.388903472781,4.32202024339451e-20
"Cvel_19591",3.69348106788759,5.99592289776034e-05,11.3844878489165,4.88581710695747e-20
"Cvel_25967",11.3789310059259,5.55301381402949e-18,10.4615369723641,2.01630770631444e-15
"Cvel_25226",5.15725240158619,2.52643286342814e-08,11.366879701285,2.02938935725111e-14
"Cvel_4441",7.27990480517906,1.94404923068396e-23,11.3545420083117,8.58657941542951e-16
"Cvel_3996",11.0681675843151,8.70180485716534e-18,11.3501236595346,5.00088432542621e-19
"Cvel_13982",7.56142947371332,6.79880478245145e-15,11.3470707071632,1.02972155095127e-13
"Cvel_8480",4.63757695659694,2.22543923174343e-07,11.3339138768949,1.72876195643422e-17
"Cvel_16290",7.0874444504789,6.75598800460546e-15,11.3274605235524,7.01982964937008e-15
"Cvel_8534",6.95382798348995,1.27435231284728e-16,11.3242528946689,3.2129251771319e-14
"Cvel_12967",7.33970860179835,8.37776062875547e-16,11.3230261967027,3.08379957880769e-18
"Cvel_2182",3.13460072373729,0.000736975757562676,11.3136152457051,1.91254845024062e-13
"Cvel_24255",7.27034435020974,9.18206746678934e-128,11.3134668059915,2.27570958214811e-90
"Cvel_495",4.75714754945354,1.16407936035697e-05,11.3061807816855,1.53073811038122e-13
"Cvel_32290",5.29974002127681,6.49661007291195e-10,11.3007255747141,1.15901597811463e-18
"Cvel_7576",3.73370638978257,3.18411415230591e-05,11.2989507983755,5.57774010772733e-19
"Cvel_26119",8.85150257228408,1.38297855180257e-14,11.2946934823661,1.50307671355606e-18
"Cvel_15821",2.1531059314102,0.0309590147863097,11.290488756705,2.84438054376833e-11
"Cvel_830",2.38567015738595,1.17192206814174e-05,11.2689054117472,1.67988712600469e-12
"Cvel_5871",6.09310705917965,9.21344283427662e-25,11.2648326886362,7.67135721206202e-15
"Cvel_4165",6.84119741055537,9.96550419347019e-21,11.2567055863569,1.67040575843615e-23
"Cvel_5040",3.98695857094364,2.81830309957449e-07,11.2520783217807,1.84468528657932e-19
"Cvel_23263",9.19744776328706,3.30283316212099e-15,11.2486470274195,7.03798505344203e-19
"Cvel_25812",7.31857608683514,4.32754214106794e-18,11.2311911423888,8.81294504256971e-19
"Cvel_4643",6.45777033305905,9.69844227928744e-33,11.2260834499501,2.06131093887263e-24
"Cvel_18409",11.2177162463176,1.51513769000838e-17,10.0008032658448,3.93889812783762e-14
"Cvel_17457",10.0235822769993,7.22793865699792e-20,11.2151250427235,5.87222516180126e-19
"Cvel_15706",3.5727755345091,6.39825657378601e-12,11.212764894533,2.00265210487586e-19
"Cvel_26525",7.68351853088132,5.57347713009646e-15,11.2115162085998,8.44514766511785e-19
"Cvel_17371",3.08870721459192,9.61733724161409e-07,11.2039315640466,3.14816677941369e-15
"Cvel_28579",4.90705881418069,4.1219918391049e-23,11.2021311868575,9.53442842707643e-18
"Cvel_12387",7.10297056286072,0.000754865565462219,11.1908877192244,1.97825958906187e-25
"Cvel_36509",7.31891845825082,7.60823158536443e-13,11.1838916421116,1.09114551135765e-12
"Cvel_16027",5.40813251219616,1.12346839800673e-28,11.1793682504865,4.62859264625235e-19
"Cvel_22418",8.57888630836766,6.3337253224232e-14,11.1652203971385,3.1804505450905e-42
"Cvel_25031",5.30821991778664,1.85495059836198e-10,11.1584151967443,6.59172107674848e-22
"Cvel_7999",7.90203251633307,2.34447963229083e-66,11.1552602941194,5.7162625386979e-36
"Cvel_7560",5.91252583575534,3.05254137714152e-38,11.1467946591391,1.19697032736551e-18
"Cvel_31698",5.33179289148279,3.58125176804666e-07,11.1465826220864,2.57488483377865e-18
"Cvel_23029",3.70544813470114,0.000247336922477392,11.13851832756,7.07179214504064e-18
"Cvel_2613",9.8025446773322,1.92024118641899e-12,11.1383639689039,3.34499851290852e-19
"Cvel_2286",5.58522773506379,1.55003160644288e-05,11.1299782558434,3.24301455500848e-18
"Cvel_15375",9.58654036779192,3.3968273547725e-32,11.1258122852152,1.96557421262994e-25
"Cvel_26779",5.44289483622919,1.18255575827003e-26,11.1251657148434,7.21175521214401e-19
"Cvel_22034",7.13480336721188,5.1300812045611e-10,11.1145192263112,1.41237206554474e-17
"Cvel_10593",8.89343353494283,9.08888466765565e-123,11.1099681294531,6.49566663561711e-39
"Cvel_17274",6.07053028962577,3.39338314157139e-25,11.1064496711729,6.78485731621799e-19
"Cvel_9009",9.38151558378209,3.86551377050248e-108,11.1045977554184,3.15478961878484e-36
"Cvel_112",5.7843585639406,1.94087600179373e-14,11.1045646524212,6.19280239469911e-19
"Cvel_8454",6.80257101499982,7.80620455511122e-10,11.1035372246584,9.94935744203522e-13
"Cvel_5167",3.68377314268454,2.18032612172539e-05,11.077525146045,6.92294088630771e-19
"Cvel_5703",5.35540610318619,1.01479404494102e-20,11.0762855821294,4.28421047052354e-18
"Cvel_27733",5.97624095043905,5.5554286981397e-07,11.0748175601439,4.47945819029669e-18
"Cvel_31552",6.71129920831775,3.33689926161749e-06,11.0706445966822,2.56698450333741e-44
"Cvel_25441",4.11488345782336,4.12512050141336e-05,11.0634209090629,9.92616829718123e-18
"Cvel_7381",7.67156182248681,1.32815682339267e-80,11.0563463904766,1.15439832634217e-24
"Cvel_26197",6.74371947633902,4.85466209791782e-11,11.0408271140945,5.87056268653228e-14
"Cvel_19234",7.49725492866783,4.11109837366734e-15,11.0407549981599,2.5048317622661e-14
"Cvel_1239",3.43431817181846,1.97924346208183e-13,11.0330425179194,3.39531708241303e-18
"Cvel_6412",10.4284409835407,3.26724568724343e-49,11.0325404943944,2.74695882224178e-36
"Cvel_8455",6.69719439393295,6.0472459453885e-18,11.0322554608609,5.53618438379132e-16
"Cvel_14183",5.43246720074549,5.52964844961386e-24,11.030051004115,2.85006455150472e-46
"Cvel_18558",8.34757620307212,1.56058598694304e-28,11.0223159438719,1.59537580870458e-18
"Cvel_28479",5.50284006630963,2.17003613481871e-05,11.020389925473,4.46391942554833e-18
"Cvel_35564",3.60282543617823,6.51140852641862e-07,11.0161031441684,8.73947009372595e-16
"Cvel_12045",5.73816526197427,1.99174485609846e-15,11.015245196016,2.6051529772315e-18
"Cvel_1294",11.0149256569142,2.9625322082375e-17,9.19842785614164,7.15434721818782e-22
"Cvel_22117",7.25599906813029,3.81860021424467e-38,11.0107202474422,2.38353157427544e-24
"Cvel_34018",5.85631387828712,0.0101160844845403,11.0081463753713,1.08345792797959e-18
"Cvel_26118",10.1373881937326,3.43785770036305e-14,11.0051349177163,1.70959501424202e-17
"Cvel_11795",6.55062013198355,1.96780057717219e-08,11.0037607241366,5.39686781680077e-18
"Cvel_19132",4.23050539433425,2.16166922782066e-07,11.0031686712679,9.24699228014087e-19
"Cvel_14566",4.19472087627298,4.17345307039956e-07,10.9986038378719,2.90865460272621e-15
"Cvel_21079",6.61505491620339,2.30512874280702e-26,10.9927814510199,3.83045335080075e-72
"Cvel_23679",7.16588024634883,3.29068457194765e-25,10.9903688260287,1.49448742252615e-18
"Cvel_2625",8.33159479311094,2.47925956949489e-06,10.9866598356724,6.1466515708687e-22
"Cvel_25227",6.2518942630123,0.0137225006159502,10.9755383763896,2.38992633887139e-17
"Cvel_10569",8.07855148337982,2.04629221826068e-11,10.973516159311,2.91117960971695e-13
"Cvel_19242",3.94451869031463,1.69226412235486e-10,10.9720616233224,2.9603957096394e-39
"Cvel_9759",5.8368388987276,1.67857440237992e-21,10.9574980920134,9.6174414526873e-16
"Cvel_13979",7.63492979315338,9.37433627590104e-14,10.955963903281,2.14327637570565e-18
"Cvel_23164",5.88275345198306,7.45806732043734e-18,10.9290934851138,1.73357972828258e-14
"Cvel_19659",8.73851947989475,3.7149530348698e-14,10.9138916269422,7.00667614086886e-18
"Cvel_11202",6.18040006183992,3.52292969907911e-16,10.9096511994681,9.68083362756106e-14
"Cvel_15286",8.89048687444285,2.94203310095292e-09,10.9057196792777,7.08769515467135e-16
"Cvel_17655",3.0840550782109,0.00811274667754932,10.8828146063432,8.77548213753776e-18
"Cvel_22104",4.6618120561151,2.89170289880132e-09,10.874961901325,1.96480641900704e-43
"Cvel_1217",4.49841730275161,3.39380246084963e-09,10.8702989417292,3.1550462843562e-17
"Cvel_17205",8.01123093939387,3.59470718788891e-92,10.8696492900997,1.50022431293112e-38
"Cvel_21729",4.45266442704038,4.28428220249529e-12,10.8580861124761,1.39990812256153e-15
"Cvel_12957",4.13600334860009,5.28882935113378e-08,10.8580598964479,1.39228287420901e-23
"Cvel_22608",3.34348982116868,0.0110371758994837,10.8564778944541,2.41156720044625e-17
"Cvel_13082",9.65261959201416,1.99980634605797e-13,10.8552649334941,4.43616486256081e-18
"Cvel_34368",3.73274853499473,4.03929358850881e-09,10.8424736957864,5.56690315330899e-35
"Cvel_8061",4.88460158984223,5.76647957632534e-08,10.8290405756041,5.80421476620472e-18
"Cvel_9999",4.20477483227887,5.93219432598939e-16,10.8276241127917,1.89637769443473e-23
"Cvel_32144",5.63898552201369,2.49302118982026e-11,10.8249572603987,1.85670698401007e-12
"Cvel_7773",5.71059932026595,2.23619680484086e-24,10.818295092162,6.24763438321229e-74
"Cvel_19533",8.30439326135695,4.31186969779566e-44,10.815300630952,2.49836503029394e-23
"Cvel_34320",4.28791765308777,2.08960771049037e-11,10.8119482441687,1.59322103991822e-17
"Cvel_2512",9.50474322803436,5.09405500717162e-71,10.811167837647,6.96000124875472e-39
"Cvel_23717",10.8084666477698,5.96521268589871e-34,9.0593351141455,3.26779471688611e-36
"Cvel_8559",9.18909945547678,2.41263419643508e-10,10.8082976981174,6.53008723875922e-12
"Cvel_900",3.68690955011395,0.000151233396834595,10.7908605153799,3.35697325756728e-12
"Cvel_21892",10.7905961105629,7.5649240072707e-17,6.87750321077507,1.5158768961942e-26
"Cvel_18363",4.2495710988648,1.06170142862008e-14,10.7779173286751,1.36828437348189e-22
"Cvel_25883",3.08456654442599,0.0103688812059525,10.7724542845595,5.08492411468683e-11
"Cvel_21554",10.7663538713963,1.79710694500837e-43,9.32520972554008,1.35825089090652e-51
"Cvel_10812",10.7545536750082,3.42178026954254e-17,8.3062970189511,4.25497744747017e-41
"Cvel_6695",3.70892238007081,2.21983877995587e-11,10.7508934536259,9.00049051885295e-21
"Cvel_25099",3.61987065437903,2.99125314229435e-11,10.7376042076206,5.97618981541862e-23
"Cvel_7939",4.54375576157555,1.05066327953054e-11,10.7366506799675,6.24308239310351e-17
"Cvel_3899",4.00927679771237,6.25056094103525e-10,10.7341439732918,9.55083348075246e-17
"Cvel_26676",10.7311832855839,1.38474056186609e-16,7.2517950989788,2.52237656326902e-15
"Cvel_1152",5.09149669966157,1.16621148932628e-22,10.729570549342,7.65341387499867e-79
"Cvel_35987",9.74947415297251,3.49753719715329e-12,10.7285207092562,1.42357409972648e-14
"Cvel_16070",3.11784592649617,1.01158252036035e-09,10.7221089931202,4.23282126884771e-17
"Cvel_28573",5.34221308634551,2.43633036686931e-18,10.72162327628,2.19192351385633e-17
"Cvel_23280",5.98024008533414,6.92847079034693e-12,10.7214586316091,2.17296567151099e-17
"Cvel_14304",8.62963516345433,8.0811314658002e-57,10.7205099257393,2.44809086874538e-23
"Cvel_23680",5.56193985663119,5.27213204944917e-06,10.7190453539539,1.5094292479491e-63
"Cvel_19947",5.44204469440211,9.5960511781237e-15,10.7169748247994,2.88789889025444e-15
"Cvel_806",6.45585903846994,4.46808008430171e-28,10.7120488264419,1.06708596205406e-51
"Cvel_17826",6.19581590512207,1.20652282806499e-15,10.7113708428785,2.14971670025597e-12
"Cvel_10697",7.56286109740316,7.54640680779217e-70,10.7051478761717,2.21241180968127e-23
"Cvel_3809",6.06255720096708,3.75004085035794e-17,10.7020672708412,1.08738370873129e-22
"Cvel_14297",10.6974445301292,2.25171639916125e-14,9.66040932379145,5.46309710473646e-14
"Cvel_14782",6.72149102769571,1.57515776908262e-11,10.6911853869351,5.5172841177856e-17
"Cvel_25801",5.50949075096454,0.000326449830300066,10.6905595934343,2.85642519193048e-12
"Cvel_29419",5.15458309560404,0.000215904426188832,10.6848595727116,1.67789734586386e-17
"Cvel_6790",5.13395208514908,1.70492384350817e-07,10.6823846957804,1.89700575762596e-16
"Cvel_11280",4.70171661250577,4.3001536428121e-07,10.6689713188671,2.13852824046998e-16
"Cvel_13053",4.59782343014038,4.85220300495559e-10,10.6683913332472,7.32560349531688e-22
"Cvel_19472",4.01685313281913,0.00010270995277796,10.6591627268022,1.25933075764561e-15
"Cvel_11442",9.92631690805966,1.52630763434154e-12,10.6576604844103,4.24250690684605e-13
"Cvel_8535",9.75998717516604,9.61301450889969e-13,10.6524683385742,1.95611908712212e-13
"Cvel_14640",9.64945156775956,2.25365900717987e-12,10.6512540783369,1.90313426969052e-16
"Cvel_13346",6.23870482500124,1.51719810322785e-12,10.6509526628637,4.10627057771039e-17
"Cvel_4299",8.70824287802941,8.08305738513016e-65,10.642446402651,4.12681348199988e-22
"Cvel_20806",10.6398478769005,4.53704165229005e-16,9.73218789253096,9.33007415170364e-19
"Cvel_657",3.84808647731733,1.15816071216615e-06,10.6387795940867,7.04802834517719e-16
"Cvel_29075",4.53182647753449,4.57950998040551e-08,10.6377522734882,3.95569878653086e-13
"Cvel_5123",6.20075284865927,7.35575411695034e-25,10.6312853012461,4.28926444192454e-31
"Cvel_10681",6.26321910349702,8.08195455628307e-88,10.6154111658757,1.86424447720032e-94
"Cvel_31842",4.53787264361932,3.03018608247381e-06,10.6134200320121,5.18677264304563e-20
"Cvel_21519",7.18170374974353,4.71543996104816e-15,10.6054824270608,2.05623362099656e-12
"Cvel_17958",5.78481841876416,5.75985384811941e-17,10.6037743409036,8.15869299797921e-23
"Cvel_8386",7.6222737858735,7.48261131071432e-54,10.5998684523074,6.45638062099161e-23
"Cvel_2497",3.56365201989407,1.32051740912783e-09,10.5996033285127,1.15344350770125e-17
"Cvel_16478",7.77923725265054,1.2928384707742e-12,10.5942307351971,6.4866061913075e-74
"Cvel_15006",7.51166884269959,4.47037545499395e-40,10.5838593416092,4.64949849026581e-19
"Cvel_27171",5.14379991252553,3.04904584791237e-12,10.5796796984713,1.25462588566429e-16
"Cvel_1571",5.42617686363811,1.83832763905338e-08,10.5785116214471,1.7989143761743e-16
"Cvel_18854",7.73858170749426,1.33717475297847e-19,10.5776630967072,1.36284294799593e-12
"Cvel_10616",1.6948751900424,0.00191950767062624,10.5769949743097,6.57490177251865e-17
"Cvel_17868",6.09843420748527,8.28017652166459e-07,10.574419580522,2.84854876039071e-16
"Cvel_9532",5.40956894509108,4.87143053415581e-11,10.5667989031185,2.27437993872183e-12
"Cvel_1872",4.88193341022548,7.23093412647411e-14,10.5554943760312,7.75089054927181e-20
"Cvel_9537",4.58436252009921,3.80318935245458e-10,10.5511889456641,4.6181526006759e-27
"Cvel_10453",7.00131722713316,2.62009875928922e-10,10.5434924746581,2.51081514605695e-16
"Cvel_19566",7.85368340547751,2.10114829733146e-10,10.5292373847427,3.20346798456692e-14
"Cvel_9823",3.7919975604609,0.032430122304891,10.5263920043645,8.64587762001018e-15
"Cvel_30237",5.78774234867164,4.71674233014641e-16,10.5257875863296,1.82684554848404e-14
"Cvel_20780",7.90499587814547,0.000108053158712985,10.5196892694754,4.37452749654857e-17
"Cvel_17202",7.01231328541721,7.1517057721425e-18,10.5145478681492,7.48906194165781e-17
"Cvel_13608",6.61571591220648,2.23041213983907e-16,10.5141888202247,6.40617683714274e-15
"Cvel_23265",2.2454745365538,1.47714304963523e-09,10.5134100918489,8.60506940618571e-15
"Cvel_922",7.91156344718463,6.15097629612595e-67,10.5113299266761,1.47886877959917e-18
"Cvel_5882",9.68824892797809,9.41339458386929e-14,10.5028922950363,1.00133937497611e-15
"Cvel_25367",5.67446509548486,0.0247386980275766,10.5011729849458,1.06653899665368e-16
"Cvel_3999",8.02282368853035,1.17968780212142e-15,10.4976664610362,1.7465844397918e-16
"Cvel_35664",4.99829411555085,2.78312024374598e-18,10.4965862974097,3.59407875151541e-61
"Cvel_3461",4.33431107794059,4.42790375911541e-08,10.4963530362605,1.59030322470014e-16
"Cvel_18182",10.4962345434194,3.3613084704777e-15,10.0887997381937,1.9397969922379e-12
"Cvel_19828",6.4495633044369,5.61569800178483e-10,10.4868370373189,1.08150697076638e-11
"Cvel_8395",6.80670436315113,1.21387769574653e-19,10.4808140625038,2.03470046218733e-12
"Cvel_27353",6.79093378755523,7.00924939872316e-64,10.4774560257339,2.0536456337243e-41
"Cvel_23581",6.69287946490207,3.83989168755892e-08,10.4753920114735,2.79880639604343e-53
"Cvel_11796",10.4731201060825,1.07357395958512e-16,9.02561661866208,1.5729516640177e-88
"Cvel_23181",10.4721076160161,3.17027654837742e-15,10.2113291662624,2.02604707197913e-14
"Cvel_7694",8.70982550153807,3.96641028864828e-08,10.4697766113433,2.57495190605127e-16
"Cvel_5670",7.08447218752292,4.76607353266667e-59,10.463964203703,1.76516257976571e-16
"Cvel_21151",5.72905538553467,4.22917504912451e-23,10.4635387270278,4.05075210424806e-22
"Cvel_33380",3.23564860447952,0.000290519849369916,10.4614339512629,4.48210261099125e-12
"Cvel_20273",10.4591015407364,1.15042254046124e-15,10.2401147401286,2.37868406898706e-15
"Cvel_7438",7.86714305301019,1.42391578681035e-37,10.4380607876242,1.27411789062266e-21
"Cvel_1062",9.98253185220857,6.50742490992225e-28,10.4370672374725,8.37326095082355e-22
"Cvel_12608",8.29286720351312,1.23373085176395e-63,10.4368042305729,4.66265437674733e-22
"Cvel_3993",10.4344505293717,2.96954179714441e-15,5.67899325354082,1.49350769405332e-24
"Cvel_11018",6.28531748420388,0.00752518947442744,10.4245932309772,3.6264774810571e-20
"Cvel_24744",4.43001304082032,2.57667724508911e-15,10.4215691285353,1.5787697365706e-18
"Cvel_26677",6.59877546069098,1.90559758213782e-18,10.4207475221635,1.33635412183831e-15
"Cvel_20502",8.73811043640908,1.37759934401749e-115,10.4182148413048,8.94842592418025e-59
"Cvel_17280",5.92802720523196,1.07001907833226e-14,10.4110109973566,6.41551898510945e-14
"Cvel_9068",9.36287736149365,1.71656996315353e-43,10.4102364203356,6.82215503848207e-39
"Cvel_6680",8.16336898244372,6.62793349100715e-43,10.4088517981258,9.88905191652403e-40
"Cvel_25505",8.75717791789486,7.70729917789561e-09,10.4061427077802,6.10694977081151e-15
"Cvel_36349",9.85359075863613,3.14678567749598e-13,10.4019582962272,1.52026775603297e-15
"Cvel_29127",7.10499636894314,8.92673143572359e-37,10.3996751152964,8.34591001923879e-40
"Cvel_2624",8.84962973033317,1.93657374033168e-14,10.3889007634274,1.64743089489386e-16
"Cvel_1216",7.36806920269441,1.12302299490644e-19,10.385788670935,3.81121326140039e-16
"Cvel_15662",3.63221183500545,0.000158878915717213,10.3843553100193,9.21440900713803e-15
"Cvel_3976",8.05962939165873,2.71977766544067e-11,10.3823280677208,7.20314880301486e-16
"Cvel_4101",10.3798960447269,4.81603452719172e-15,8.03243794606367,1.81495185395343e-09
"Cvel_5980",5.80438009860045,4.97280349500683e-09,10.372850863786,3.31396296416063e-16
"Cvel_6789",4.86703371182769,6.24155411848431e-09,10.3524538530045,2.68240261164056e-14
"Cvel_22193",4.45771548062016,0.0100544059503186,10.3496256290039,1.52590637979812e-10
"Cvel_18783",6.60777877498522,8.33592168930214e-08,10.3483929881574,3.82552750302778e-10
"Cvel_17439",6.70958962134195,3.84461941288177e-38,10.3397516684342,1.7424694523837e-07
"Cvel_24842",7.00131094036752,4.64205837946517e-10,10.3379441310542,2.54481331200498e-16
"Cvel_12558",8.35965059819323,8.28317072636311e-31,10.3336239391472,2.67598835937892e-14
"Cvel_21659",4.26178572634024,2.31565667172408e-10,10.3298624518651,5.04236531608475e-16
"Cvel_3239",6.78002023025793,8.97312227840669e-06,10.3207942587454,2.54678981223705e-12
"Cvel_19604",6.27789346629829,2.09205036005902e-18,10.3097970828561,1.14685980850872e-21
"Cvel_29277",5.98553686112946,0.000316237440262815,10.3058087346208,5.21313898120205e-11
"Cvel_17124",10.3040602283555,7.1912017298291e-21,9.96492906653071,2.88353998415237e-19
"Cvel_9959",7.84873246015615,2.94138497849931e-05,10.3024461974017,2.0113470591767e-15
"Cvel_5291",10.3009251526122,8.49906807817397e-15,10.1247441472602,5.88304928051863e-16
"Cvel_9385",4.34154831042042,1.013380020279e-11,10.2995133114141,6.94876643771736e-16
"Cvel_5925",6.01197754185155,5.05916951584611e-18,10.2826054243984,1.72968872375144e-21
"Cvel_21543",6.27972633216056,4.96923709472053e-15,10.2755977166089,1.25605447329625e-19
"Cvel_10680",5.14876029621717,5.79138672418483e-07,10.2623465601112,1.67398243706328e-27
"Cvel_12730",9.2488350788808,1.36404320221936e-30,10.2616001748102,1.73787406650952e-17
"Cvel_20272",10.2586432516421,9.4012540376779e-15,6.66074290572099,4.02423117802398e-11
"Cvel_9932",8.25303579934791,1.85061637164836e-29,10.2576181427291,2.0837471141338e-14
"Cvel_26196",7.66103728325747,2.80238320398676e-33,10.25229860955,1.52043554372434e-20
"Cvel_24787",6.29110892453884,4.4337388393954e-16,10.2495982823686,1.62887476636372e-16
"Cvel_17529",6.4302879626758,9.27954114743463e-26,10.2474025156913,6.34017498205519e-21
"Cvel_12672",5.3286665594233,8.02949656506437e-40,10.2375989105933,1.70186024766135e-21
"Cvel_28866",4.14161874451282,7.40969961084666e-06,10.2374640684277,3.56128193707321e-20
"Cvel_22281",6.03182303487402,2.36462702796085e-16,10.2369809108704,5.09596282379743e-38
"Cvel_6422",4.26234601693005,4.48669831118676e-07,10.2367298331043,2.72269859257441e-17
"Cvel_34365",9.30186390263489,4.57391051077766e-10,10.2290117334963,7.80692393523415e-11
"Cvel_6931",2.9491377370571,2.60586069894213e-08,10.2124681583341,2.27656441991109e-19
"Cvel_29673",7.16141255760457,2.13952682928818e-19,10.2083411369994,4.38412596280182e-13
"Cvel_6947",3.4301555705374,0.00230835442051173,10.2073449592301,6.70325125032358e-15
"Cvel_26047",3.77652203041701,2.45421772484491e-08,10.1994082517765,3.81001600622863e-14
"Cvel_14888",5.11039383401512,3.69774740252405e-13,10.1993601653167,1.16640096589495e-20
"Cvel_31588",4.54828809050331,1.66535331146577e-08,10.1992284414002,2.99014571221964e-15
"Cvel_29270",10.1937536805445,1.98577696964091e-14,7.98032616883063,1.90030013640848e-16
"Cvel_15511",7.173846500445,6.36906901900531e-10,10.1889371183123,1.48754122319698e-15
"Cvel_30809",7.67494777338293,2.04783736661265e-06,10.1886781227701,8.04054869025391e-41
"Cvel_464",9.82716973297866,1.29714435330213e-11,10.1847139770804,1.30966421174066e-13
"Cvel_11748",5.28887849242344,0.000113424299256374,10.1812286639799,1.10910489850808e-15
"Cvel_16214",7.14978815559708,1.35698400935131e-09,10.1765706634715,8.8860672024535e-34
"Cvel_2236",5.95426197135794,7.72726332499059e-10,10.1762900613019,2.87260738335545e-15
"Cvel_28639",10.1759120283881,4.82693837527805e-14,6.43334643025836,4.25933364812866e-23
"Cvel_14030",6.61424027347011,3.98690486583875e-36,10.1711363924757,4.27377141696705e-218
"Cvel_33342",5.44831930793838,1.48277292268942e-08,10.1684796914599,2.90361842356504e-11
"Cvel_2688",3.53277357103009,4.89162855933644e-09,10.1651047858298,5.00646063516837e-12
"Cvel_27130",7.3170585744872,6.54017583512745e-07,10.1624807093201,7.8433012362191e-15
"Cvel_13510",4.14270461367732,0.000198014690463116,10.1582692806057,2.37779345851665e-15
"Cvel_30899",3.50950409442806,0.000319637630316155,10.1579371079696,1.04642474561532e-14
"Cvel_876",7.1874961806802,1.22982313256311e-88,10.1523400517674,5.58507092857194e-27
"Cvel_20217",8.23039851845803,5.1864141029586e-12,10.1481174561179,2.08259961203942e-13
"Cvel_24463",2.65904336268572,5.80039871668273e-13,10.1476968766317,5.69431138039574e-20
"Cvel_3299",9.02435911478297,4.46501046398484e-09,10.1401968814698,8.05300231444783e-15
"Cvel_15132",4.27055790625203,2.30714829176538e-06,10.1351067917704,1.0806623903087e-11
"Cvel_17970",8.56501878454091,6.38703798239258e-37,10.1347826581847,1.91359287984601e-26
"Cvel_17030",8.85013296378022,5.10124938235684e-09,10.1298081863259,6.20061498181721e-15
"Cvel_13112",5.25822876015819,1.33519772847215e-23,10.1277800403716,5.33838638025949e-20
"Cvel_28952",7.43877006161011,9.12081765347511e-103,10.1273755849971,7.11250748958348e-56
"Cvel_12605",4.86210888069183,2.67559466696072e-25,10.122289134054,8.08483048887077e-18
"Cvel_22213",5.89063738007426,6.00320889665892e-13,10.1206963585397,2.38316767490286e-14
"Cvel_20898",6.54808065630397,1.07254282554694e-10,10.1132199814333,4.89063061791198e-69
"Cvel_20624",6.08903853532616,3.22528714758881e-23,10.1123502271007,2.26757076684122e-28
"Cvel_13685",2.41619585347086,0.000149666552881856,10.1113119952098,4.19978084433216e-14
"Cvel_401",4.32675014823098,9.40927526850367e-23,10.1080283658642,2.71684167101795e-19
"Cvel_3479",3.49905270617085,1.8525345478222e-10,10.1078907113834,1.54476971008873e-20
"Cvel_1347",7.85381820302802,3.34335473675407e-10,10.1073352920946,2.92005161700226e-14
"Cvel_13980",9.26559750821801,2.23815524935317e-10,10.1019752613527,1.54462454422365e-11
"Cvel_10134",5.25598204681418,1.45173070497081e-14,10.0965632878269,4.38722788310698e-25
"Cvel_6727",7.11567873553489,7.32173730520618e-88,10.0921361793876,1.16215028176568e-15
"Cvel_8956",9.28871335135946,8.30401997632923e-70,10.0856912449482,1.72682393738986e-38
"Cvel_27731",3.8170068075681,0.00172291743061159,10.0819661794443,2.8900418601337e-10
"Cvel_6676",5.3367407744191,7.84867957140374e-13,10.0773038118499,5.14163479659851e-16
"Cvel_3863",7.53317311680898,3.5596160806845e-12,10.0769987838866,3.93327107917746e-15
"Cvel_9540",7.8000276059082,3.68468991488716e-22,10.0726926013058,1.23818827660125e-18
"Cvel_5651",8.02268156004831,2.777896778328e-100,10.0713450787112,2.77307154246747e-42
"Cvel_15290",4.13619078383703,0.000350611733509466,10.0642996549913,3.44412675540126e-09
"Cvel_3558",9.51613740945881,1.99878411333285e-110,10.0633138584139,1.44769210163382e-54
"Cvel_18488",5.39586783723525,2.23981680859115e-09,10.0616560550726,2.77114254447498e-15
"Cvel_14884",10.0570963014379,7.23237819140886e-13,9.13878621712727,3.96497870061975e-12
"Cvel_15810",4.6649989202149,7.66371145694267e-24,10.0570762724797,1.75936329215828e-37
"Cvel_4838",4.62420276671731,2.10788759590709e-10,10.0559081304732,3.07251558722654e-17
"Cvel_36588",6.08150359772566,1.73352479550423e-17,10.0514519006136,1.67948862656294e-08
"Cvel_10782",10.050743534761,6.08445615249886e-14,7.90589056443412,3.34686199400833e-16
"Cvel_18324",6.02512988538358,3.26923167171274e-63,10.0504003467623,5.1801022740478e-47
"Cvel_11707",6.46614101389604,4.67466108462282e-33,10.050213204473,3.34430044724621e-20
"Cvel_14730",3.78160848345113,3.67410931261739e-07,10.0465957521159,3.15541089274154e-16
"Cvel_25428",7.80595008216719,5.38491658021434e-104,10.0464906674199,1.79715178397598e-26
"Cvel_7833",7.66251557874889,8.69609729631053e-18,10.0440556139502,7.01574842844245e-15
"Cvel_14748",5.95124730203468,4.97342613809815e-06,10.03475254172,5.65840725519913e-13
"Cvel_8842",3.95627811200243,1.16948656496759e-12,10.0328628672501,3.69576446039726e-19
"Cvel_7731",8.40418212973557,1.38774566065418e-41,10.0325258216673,5.2324213840594e-20
"Cvel_22145",6.43620275591947,1.00036928268017e-24,10.0319143911157,1.37946963203598e-20
"Cvel_17670",7.10065491980621,1.00457202047609e-07,10.0298781706795,3.99329415107698e-09
"Cvel_21717",5.09276601063215,3.7421757733391e-52,10.0290493153343,2.73915427462405e-34
"Cvel_21491",6.74809179307703,4.91247049377487e-22,10.0218788028644,2.97530322734291e-29
"Cvel_11884",5.16916115467198,4.73603083584639e-10,10.0130316973794,4.39416626856442e-14
"Cvel_24714",3.52363964300413,0.0032518930572848,10.0092598523133,1.24137219470021e-12
"Cvel_6072",5.85579286875994,3.58427730054453e-14,10.0078979825865,4.96906624071281e-15
"Cvel_1230",7.34738482353325,1.76085602937496e-56,10.0074917748587,1.19488334357955e-28
"Cvel_26182",5.31429332969316,1.72549125385076e-17,10.0043355102711,6.26118776706473e-37
"Cvel_11138",10.0041988801318,3.78677491108639e-31,8.25645125919472,9.81030238954513e-23
"Cvel_6168",6.27740219501541,3.6018083346493e-08,9.99751071969152,6.06373242445686e-20
"Cvel_25393",9.36027823580094,7.680825024238e-64,9.99644027499761,2.43408161461459e-35
"Cvel_8807",5.17656645105816,2.25936604518566e-07,9.99355207572731,9.18959861752441e-15
"Cvel_10766",5.37720685071752,1.50261024268823e-08,9.99095219694854,4.82683770755906e-15
"Cvel_25351",5.67965500707113,5.79333355249097e-13,9.97979408993281,1.71610752038626e-21
"Cvel_29922",4.49220760026627,4.91803148002403e-08,9.97795584808947,6.54987388425103e-13
"Cvel_1522",7.42542747678984,9.54353605932625e-13,9.97420558167956,5.21388665764553e-14
"Cvel_25414",9.55174443293985,1.02744702162889e-11,9.96956738293897,3.75304577107937e-10
"Cvel_21912",4.970672699194,8.08764708304018e-09,9.96587784026346,5.948806934843e-14
"Cvel_25392",6.42520570084119,1.48112396596369e-13,9.96558933647485,1.34494704598217e-14
"Cvel_17068",4.40901415722259,7.28205950217434e-16,9.96380239053168,8.04494572915394e-13
"Cvel_15753",6.90254931621618,8.66614664438114e-48,9.96104887548211,1.14996293500386e-48
"Cvel_19292",6.70600664356537,1.79554353913018e-09,9.95469746501533,5.32469923561719e-12
"Cvel_9621",5.92125224283248,4.46203106570013e-13,9.95166857031447,6.87937900460766e-15
"Cvel_20885",7.10049907410127,4.97971738395075e-23,9.94983257242361,3.68106114788466e-17
"Cvel_30247",4.59699900594509,2.80664662703696e-42,9.94665829032922,3.30850039852325e-20
"Cvel_12699",5.38869913208611,9.44804331475489e-17,9.94038675893057,1.87335208633196e-24
"Cvel_33852",9.93163308085721,1.60341449758802e-13,9.07734863954989,6.03678774351973e-12
"Cvel_11307",4.0719960052498,0.000105742157364007,9.92696590394475,3.22787078301045e-14
"Cvel_27117",7.64345544230215,6.00594337258051e-25,9.9192507564942,5.56985090840969e-19
"Cvel_480",7.02103381812175,4.06379786480172e-13,9.91828122862401,1.00977397501362e-12
"Cvel_33757",5.16778542235996,1.1176994925489e-07,9.91739890160938,1.40712987904199e-14
"Cvel_6071",9.62930581392683,2.43161224300662e-17,9.91700564376913,4.4434561677895e-20
"Cvel_9323",4.61886024190623,5.97023906914783e-15,9.91696207807274,5.63732615746249e-18
"Cvel_17290",5.05368122760813,2.42614438885283e-08,9.91344585886787,4.12770620796216e-18
"Cvel_21710",8.61102572104855,1.79269391602132e-08,9.91331049116832,4.11668357080296e-13
"Cvel_1036",6.57242125701654,2.35897357098884e-13,9.91071787495894,9.28523844054351e-20
"Cvel_2539",5.80872949534194,6.25030202164269e-27,9.894936820213,1.09122717839898e-35
"Cvel_16338",8.68565204821796,2.41873734233099e-08,9.88463694426491,1.18084205058238e-11
"Cvel_6311",4.45155572350368,0.00105853119947167,9.88125112255508,2.75178542692228e-14
"Cvel_24901",3.62075719913419,8.69934948229904e-10,9.88017823070737,1.94716650602543e-19
"Cvel_9708",4.75482299488094,3.6245145761476e-10,9.87916721235674,6.2510185830405e-29
"Cvel_2179",9.82713508386859,2.5209451519756e-78,9.87435965394822,4.26795221829429e-48
"Cvel_20955",3.45456355059648,3.24985480726858e-05,9.86810140625442,3.29649146921473e-37
"Cvel_29461",4.99976328390671,2.53509542819474e-05,9.85681738431273,1.73959860406401e-19
"Cvel_20340",4.92123944966695,1.03993849159444e-19,9.85324838177805,2.46776258847866e-13
"Cvel_17430",7.52451361109589,2.85262651859193e-09,9.84350950440982,9.98353772857521e-11
"Cvel_22774",6.42936804050097,8.92600942908109e-22,9.83895736455149,2.53271157278783e-16
"Cvel_2175",5.8162471847568,3.0556613084143e-08,9.83148258057195,8.07242075762832e-48
"Cvel_12814",6.76694064242395,1.2627820660978e-07,9.82739307492957,5.14079673222411e-37
"Cvel_34948",4.61180127432135,1.09383444574142e-05,9.82274784406849,7.73865552440613e-13
"Cvel_26101",4.9513574734604,0.000753281780906589,9.82042861538952,4.43176672897454e-13
"Cvel_36044",3.66330641731381,0.00426894123458247,9.8153820609901,2.04604687009318e-14
"Cvel_26931",9.81501412856257,1.01792903604224e-12,8.98569619928422,6.94584861437802e-10
"Cvel_13162",9.81262324387408,7.38762221201561e-34,9.70485260759222,2.37439251964945e-14
"Cvel_2633",6.04038229495179,1.22638301004276e-20,9.81066907354214,5.08468254907039e-17
"Cvel_92",4.51361941399041,1.35460015076136e-07,9.80479630678843,4.50635786879549e-14
"Cvel_15036",7.62418718499486,9.12546268988147e-24,9.80447482640131,5.94611268917006e-51
"Cvel_2683",4.9697678234582,0.000664918483251265,9.79439031621704,6.57449235044438e-14
"Cvel_13286",6.75250604137821,2.62062152385627e-56,9.79169166272884,1.61566753853073e-32
"Cvel_4964",7.40495474542581,1.23575192098963e-35,9.78993030354424,1.80478034558421e-52
"Cvel_19899",4.37296073275146,2.807165951782e-15,9.78961786541483,3.25598957043975e-73
"Cvel_5883",9.78956552422163,5.06363289741794e-13,9.40999502227555,5.91211315357244e-12
"Cvel_9857",6.17968272066682,1.42035736750491e-07,9.78551742671743,1.23629157666449e-18
"Cvel_18225",9.56500018956953,2.5212569289905e-67,9.78464009663998,4.02716897399926e-21
"Cvel_14455",7.11088073847236,0.00128767699738865,9.77921347631812,6.21376941862123e-08
"Cvel_26827",6.15661678836204,1.42133300228447e-16,9.77388672083918,2.81407202034099e-14
"Cvel_12315",8.14366787496034,5.5465643835666e-36,9.76191633444521,8.49401461945329e-14
"Cvel_5994",6.11585410901229,7.20156485335939e-08,9.7608792669838,5.75997918756012e-10
"Cvel_14587",2.18357746866798,0.032664671029141,9.75402219318113,1.07682940762635e-13
"Cvel_7443",7.47999705570007,7.82741389982938e-32,9.7486366954216,3.6719030873608e-58
"Cvel_5003",3.2773025028527,4.63955832099468e-06,9.74717710876042,1.92412043405381e-17
"Cvel_15050",6.96293144696711,7.59398320420749e-19,9.7454279125629,1.03809667660199e-17
"Cvel_23448",3.33451682780258,1.69855927510106e-10,9.74124294702999,5.02803022549084e-16
"Cvel_15076",5.55419448177265,2.4631493214653e-08,9.73688333945943,3.28938880955862e-13
"Cvel_2154",2.20972313198253,7.6146261847554e-07,9.73542018934996,6.93377505334612e-19
"Cvel_14439",3.38330203027224,0.00126554357970391,9.73231164756024,1.16532727199259e-13
"Cvel_470",5.05850110506888,1.90098643503205e-13,9.73127867519598,7.1737834979208e-65
"Cvel_31958",6.2125721868702,7.95331871668513e-39,9.73017665206189,1.10502679474311e-19
"Cvel_25742",7.53512216000274,0.00109352030699023,9.72801884069055,1.80808730733602e-26
"Cvel_13152",3.60275463658431,7.4901291521645e-06,9.72663782572505,2.43841235803985e-13
"Cvel_14783",4.43509580066067,5.19737564973723e-12,9.72512719836769,4.58167040790664e-28
"Cvel_2153",7.91037834602016,1.14527380338124e-48,9.71495653882015,4.34487067695029e-32
"Cvel_9142",2.29980347746441,0.000120405212163748,9.71074041344807,4.59159523188758e-14
"Cvel_21160",3.7311665017223,7.96060157944492e-14,9.7098367880819,1.20776387227946e-13
"Cvel_18709",5.57018307230887,2.93162404894855e-14,9.7066965709015,5.01976052585925e-32
"Cvel_8610",7.76534171764642,5.7303327381132e-05,9.7041376180911,1.81086459676719e-09
"Cvel_32041",6.00131704857307,1.93320704303923e-14,9.70233233068228,3.04238403420036e-15
"Cvel_3848",4.1957807222214,9.80160787375582e-06,9.7004835529923,1.06730349996721e-22
"Cvel_23998",7.11086547676291,1.41779763395468e-10,9.69822374894289,5.35264744426219e-19
"Cvel_12840",8.33926041948525,8.51751865399486e-130,9.69134024778667,1.865841210319e-68
"Cvel_25506",9.04396176066371,1.07968902320078e-14,9.69076779420641,1.36419198548943e-29
"Cvel_9076",3.05635225391235,0.000299076510207369,9.69006707754914,9.472232981841e-12
"Cvel_3922",4.81314955586972,1.5097170746826e-13,9.68680959178341,2.02164268910593e-48
"Cvel_27776",8.70749559216683,2.53117126954163e-08,9.68495397407879,1.1567298606847e-10
"Cvel_12661",4.74624995679747,2.17651247351059e-07,9.68434106043121,1.14724418652679e-11
"Cvel_13794",7.46276580015331,9.21289411748644e-31,9.67563304143038,1.74712723733627e-73
"Cvel_36454",3.97188409375447,1.26684795980096e-12,9.67384325066324,3.52427699312066e-13
"Cvel_22305",5.20406891493313,1.03942731952975e-05,9.66814685216853,7.45038990854099e-14
"Cvel_2765",7.0295052198469,9.29331538263555e-12,9.66610369647443,2.69284592412094e-21
"Cvel_23355",9.66470956352111,3.44671645640076e-34,7.14218000144973,8.67632744728621e-49
"Cvel_8476",8.35111792806276,7.41216893402994e-46,9.66359130510667,6.96494420770598e-31
"Cvel_4886",2.80556524767351,5.36309507425843e-05,9.65904316053441,1.40407839025809e-13
"Cvel_8253",7.5180153871439,2.08388793019249e-121,9.6555609831864,1.28770172676218e-32
"Cvel_3313",6.19585447960528,9.12265305347317e-28,9.64493436503527,4.41538473536162e-21
"Cvel_7674",6.45388027643321,1.24375903491844e-14,9.64469205069862,1.31352258116644e-12
"Cvel_22928",3.27959008657637,1.21460949507896e-05,9.64170849164695,6.35583564342969e-12
"Cvel_2976",8.70952630954439,8.04721274417416e-18,9.63910316164304,2.92623647075801e-17
"Cvel_21222",9.63717328224886,1.96443510491089e-17,7.3496811009899,3.57743759342992e-34
"Cvel_20702",2.39219665006208,0.0388763553912174,9.63690210936723,7.00409254795183e-13
"Cvel_5266",3.28280800958738,0.0345625586463443,9.63684537256067,3.15050722740572e-12
"Cvel_4848",2.2488441305241,2.33106823944351e-06,9.63659041636384,1.99864464276808e-35
"Cvel_19570",6.2255923852152,2.21499492158637e-12,9.63448056179846,6.7987921489124e-17
"Cvel_15512",7.94699603694073,3.39565916567112e-30,9.63374059888847,3.85922519491236e-23
"Cvel_12693",4.00752579984644,3.59425037195268e-07,9.62917330077568,1.20902055711983e-41
"Cvel_32765",9.19987877609724,2.77937272464258e-10,9.62540749728442,3.04071257025969e-13
"Cvel_7484",4.32846222733536,0.0139454476230777,9.62444698882494,4.20481004035132e-10
"Cvel_28098",9.61508656953202,4.57876680699734e-26,8.06922052261787,7.32248932430233e-42
"Cvel_30493",4.13514293245373,4.44565330943625e-05,9.60426490750026,2.01477152594126e-11
"Cvel_15566",7.37018339059979,4.8389242513859e-30,9.59894839126316,2.34057690455846e-13
"Cvel_10613",4.22693737552774,0.0124905104459659,9.59539907970948,2.04610722495964e-09
"Cvel_6407",3.94399724159177,6.99755483547391e-24,9.59287387196216,4.64318091528953e-06
"Cvel_30654",5.28324926778164,5.16426322539693e-06,9.58739365756265,6.63863529680819e-09
"Cvel_24871",7.47643024411208,6.2530862346145e-48,9.5871318918141,4.35159145043487e-41
"Cvel_16616",3.88380532886537,0.000314868873433104,9.58505787613193,1.41942391674809e-12
"Cvel_7246",5.66154323267574,2.39003458772906e-05,9.58497976527348,2.26924050461412e-09
"Cvel_16725",8.82513221464974,1.39327821974706e-76,9.58435864114796,9.84340002068696e-54
"Cvel_35056",4.78016490719083,0.000107883567476464,9.58145106739198,1.96126037181024e-09
"Cvel_26311",6.21596224871446,6.34902702940504e-15,9.5802025406901,2.99251969201691e-16
"Cvel_13239",7.57755685032959,2.82441424561506e-05,9.57991485215496,9.55371229899895e-23
"Cvel_13671",7.77203215035694,1.33099070515065e-112,9.57649810529974,9.63793956964023e-82
"Cvel_8492",4.34515048998764,4.05833098217603e-08,9.56853654306225,1.13087443017212e-17
"Cvel_5896",5.28431113084071,7.80230213427007e-08,9.56499129864985,5.42777647909216e-11
"Cvel_20788",9.48686708808414,6.10023626294648e-13,9.56376487904747,1.24916564176535e-13
"Cvel_2219",4.02739637308287,1.0721432314517e-08,9.55970021288124,6.71777919402262e-29
"Cvel_13017",6.83220133569874,2.99621775585974e-38,9.5585207530219,4.12785909315782e-34
"Cvel_28301",9.55539716459206,4.69785415871797e-47,8.2774950236451,8.65231260755687e-48
"Cvel_9180",1.6646000606025,0.00805626619637824,9.54625966850687,9.80918511916138e-24
"Cvel_33483",5.82150471049814,1.35652296255814e-22,9.54337029298204,5.96671787627741e-18
"Cvel_15300",8.91525681615136,1.20230171549927e-13,9.54126689053038,9.79067021333786e-33
"Cvel_5209",5.59168642986619,2.99073195652761e-08,9.53930420782228,2.90206036963973e-18
"Cvel_10345",5.79189467383088,2.87479910036247e-35,9.53596613929735,2.59524483175193e-33
"Cvel_22300",4.75143803933773,1.47179434283416e-05,9.53196714316949,1.71180595084454e-11
"Cvel_2246",5.11209575710662,3.90884618432377e-06,9.53074018350778,1.03425907242169e-08
"Cvel_12077",7.2363026963758,4.27095941141417e-14,9.51696245197807,1.772969715499e-11
"Cvel_26785",5.38915635175221,3.7638797864584e-31,9.51502793593271,6.09134835264722e-24
"Cvel_24615",5.41952341911452,1.3110192528217e-24,9.51397509331434,5.02011449704408e-18
"Cvel_23043",6.52516679580086,2.03602233445583e-26,9.51364146165845,5.06723727949287e-18
"Cvel_17186",6.46155223468236,1.83478977317228e-08,9.50924727206053,9.33612378695037e-09
"Cvel_12062",9.50210230433083,9.54275838712691e-12,6.91277115299615,5.98195121960449e-15
"Cvel_31329",5.89252568929974,3.10745196016058e-67,9.50173082756968,1.34351072032639e-186
"Cvel_435",2.38622082550083,0.00516292219759419,9.49791933866896,7.14433513213543e-16
"Cvel_9500",5.76609583068189,3.92981600625005e-10,9.49674097142283,7.75418926003906e-34
"Cvel_8759",9.49613752457436,7.92408777711334e-121,8.6752930832571,9.06281529531842e-69
"Cvel_22376",8.5544016912356,3.59596276701203e-08,9.49552937326787,3.28854064397886e-13
"Cvel_18020",9.49255952787981,5.54168425502682e-46,8.4785366672709,3.00997266914906e-45
"Cvel_7003",4.66941031396332,2.71944288513917e-18,9.49232718256917,7.21186223696946e-16
"Cvel_10655",3.39822153332382,2.56367354547129e-09,9.4870840964739,3.6667074749126e-13
"Cvel_6803",9.48534672416354,5.66932396665966e-30,9.11085556885436,1.92263259814729e-32
"Cvel_16697",8.67944797467221,1.10113570164695e-08,9.48407876685322,1.36463696665465e-08
"Cvel_28293",4.97573314096997,2.6203843215671e-11,9.47371233570203,3.27458942352213e-60
"Cvel_7408",5.59915771287314,1.54754780363766e-13,9.47305362618299,2.23441181601432e-18
"Cvel_2156",5.00306371579,1.50250707347226e-23,9.47209901040499,9.81350957912798e-33
"Cvel_24362",2.73097552286121,7.44279390474776e-10,9.46853211291798,3.34733790478736e-18
"Cvel_8665",6.62893752615664,1.35959124803287e-68,9.46626046771692,5.4634538183798e-45
"Cvel_3243",6.04901757167567,6.99016274021177e-05,9.46333191392894,1.42813509388081e-06
"Cvel_17075",4.57580582973962,1.2055426799573e-10,9.46053257129077,3.1081896438934e-16
"Cvel_36492",4.92336969388105,5.79697998537337e-05,9.45504540621305,3.13100422642573e-11
"Cvel_1707",6.50457009322976,6.1972916485796e-12,9.45392649302869,6.45577119571426e-18
"Cvel_12723",6.02043087566912,1.72737843306098e-16,9.45143039356859,3.99533110073823e-16
"Cvel_20404",2.50361904897534,0.00118417950581047,9.45047497394997,9.57182484278443e-32
"Cvel_627",5.70658728587217,1.26764810576547e-08,9.44884522679812,3.7267330479086e-39
"Cvel_19243",2.99457358069407,3.19549922923547e-05,9.44734800898989,2.39595667689256e-75
"Cvel_24117",1.81476339575013,1.584215625234e-05,9.43473303075699,1.28018985947064e-35
"Cvel_8647",6.17990635118793,4.8026275424054e-17,9.43414508652274,6.51364519294117e-30
"Cvel_2978",6.72451520507044,8.42794411537544e-24,9.43257308282156,3.44971516434393e-13
"Cvel_3998",9.43044161965281,2.03937439224997e-12,7.72466898655543,2.30089628927962e-17
"Cvel_30999",5.41967174063278,6.40579705339142e-05,9.42843283145815,2.41209867649093e-33
"Cvel_28305",6.89643995901405,4.67956404999649e-13,9.42787910988385,6.4046379217503e-18
"Cvel_23911",8.62981725746241,1.96470799126339e-106,9.42698134711876,1.3682367167852e-75
"Cvel_4720",6.14047619183593,2.887739281917e-11,9.42323705667405,3.13715182653626e-11
"Cvel_20073",1.00386831558566,0.0211875774358844,9.42134892331932,4.21728458737871e-13
"Cvel_2691",4.87837499556733,9.98145417414161e-18,9.4207195869713,1.73421299180302e-46
"Cvel_27837",5.39937783160109,1.15151700138817e-09,9.4199994584337,6.19505260324485e-17
"Cvel_19080",6.02109627274059,1.18113182478823e-12,9.41912826563336,1.61688519537672e-17
"Cvel_24909",5.8841228688014,6.52287440124933e-07,9.41749416160715,1.17364648308123e-07
"Cvel_9738",6.70601515163496,0.000248563986425155,9.41725752388111,6.58219860680001e-38
"Cvel_13976",5.54912457140317,4.1241235185161e-11,9.41623548683521,1.50979063473956e-14
"Cvel_13554",7.53444313757878,2.48559446987576e-68,9.41592421712289,5.61885341708135e-42
"Cvel_4548",7.20518606593998,5.16268743260675e-45,9.4157816621985,3.26103970308822e-27
"Cvel_8001",5.56553876601447,2.12264370081134e-19,9.41482304557573,2.10246791005886e-54
"Cvel_31878",8.91589953368644,1.08661786060934e-09,9.41088863502972,1.82693006974091e-12
"Cvel_11611",4.88107924115508,1.64278569784898e-06,9.41019481760706,4.25058323083124e-13
"Cvel_8477",5.56089713477889,5.26784209871336e-16,9.40771780746713,2.08008634425632e-42
"Cvel_21269",9.40759601039633,9.92764638837048e-17,7.23496893865567,6.32174966914883e-18
"Cvel_34082",6.74829975656097,1.28351520071081e-06,9.4063318763007,2.7455808207661e-11
"Cvel_18362",4.10870782821898,0.000147113032499035,9.39297621689114,2.73782408999086e-12
"Cvel_7297",4.3072093300335,5.298737469801e-15,9.39270071731105,4.19637445428513e-30
"Cvel_7590",4.5194605833118,9.29698477302412e-09,9.39245152528771,1.08967040968264e-16
"Cvel_14272",9.38921334068825,2.23579847155821e-11,4.75448201075408,2.96009344609e-21
"Cvel_8299",8.09758810038065,2.54123616858733e-54,9.38903695434615,2.30084457741587e-28
"Cvel_13813",6.61594836152391,1.1958675598331e-13,9.38720016096598,1.44719046864286e-17
"Cvel_12862",7.99097619148574,2.30251568137828e-06,9.38693513553513,6.85460878879254e-09
"Cvel_14575",8.40853041295008,6.36351063877973e-23,9.38632680663625,2.82664100198316e-18
"Cvel_24014",8.5304188882124,5.49874907447338e-08,9.38472096746837,4.0065581161609e-09
"Cvel_27168",9.38455141383416,5.82724716835031e-11,8.97859439846423,9.41149436469132e-12
"Cvel_15811",3.90055528915021,6.46180564582929e-06,9.37972009771278,9.84387889879837e-23
"Cvel_1592",3.11023885107555,0.0245159362100488,9.377752410222,9.24335812743688e-13
"Cvel_25043",5.67767261333843,2.5487934696239e-05,9.37240245954094,4.29673334934582e-26
"Cvel_18916",6.15640956536333,7.16792091235227e-08,9.37206436548889,9.38152515840092e-14
"Cvel_19850",3.17456288242263,0.027387297191532,9.37089199687457,7.84282902129092e-13
"Cvel_3720",6.06012700066885,7.06753662819379e-09,9.37055149030528,2.11728625737644e-12
"Cvel_8804",3.86404560100883,1.11689771577761e-07,9.36692223653131,1.20098076851268e-33
"Cvel_12471",4.99331023811859,1.07487961939689e-20,9.36490781099204,4.19329169000092e-32
"Cvel_14641",6.56315294410611,2.28599539254078e-37,9.36446662210771,1.16550534396678e-45
"Cvel_15249",4.4392283993138,2.81649381989712e-06,9.35707014757513,2.47180214899329e-33
"Cvel_6205",6.55505506218522,2.92762721982959e-62,9.35483882230588,1.84784313868749e-77
"Cvel_3020",7.46534012851363,3.85258240645075e-13,9.35410312581885,9.0128227552481e-22
"Cvel_400",7.19666556595338,1.30668491099389e-31,9.35192554243567,2.61512370724306e-17
"Cvel_20421",9.18642045182332,1.00079738746878e-09,9.35066112271429,7.33125485091142e-09
"Cvel_23566",9.34855707382676,3.77062521879969e-38,9.10970085283562,3.8417806928894e-36
"Cvel_24947",5.96626594037745,7.46367025132805e-10,9.34831685037272,1.35861556740898e-11
"Cvel_9168",8.62024053431686,1.85778702923133e-120,9.34288949104517,6.04925685623528e-50
"Cvel_24018",9.34027137796682,8.21286017297416e-103,7.78699828410785,3.68516813167594e-30
"Cvel_21572",6.8793340667984,1.10082217046899e-19,9.33733279238465,4.29393137666058e-32
"Cvel_19330",4.44070918951647,4.208858770829e-14,9.33596948462834,4.85152122289613e-33
"Cvel_36548",6.660508522158,6.3002944629833e-06,9.32907783441697,1.48045778013259e-08
"Cvel_1936",2.50788007256428,0.002978775508578,9.32808296676677,5.19403593976512e-13
"Cvel_9284",5.28411902102865,2.92928841986007e-12,9.3219430505507,4.23965377948103e-32
"Cvel_3023",4.64356149534894,2.31164444236497e-12,9.3175589341586,9.47750789632535e-32
"Cvel_10956",7.38301943907129,4.18756465081554e-06,9.31179384582727,1.54016854630721e-10
"Cvel_12386",4.18460976770176,2.61632526195384e-19,9.3113132108535,6.24088806980006e-17
"Cvel_22440",4.08301240490561,3.1429193712487e-18,9.30971689057143,3.81216928527311e-17
"Cvel_5916",4.77876078111953,1.12223486310163e-07,9.30744575074616,3.7332513842146e-09
"Cvel_21290",6.85750616017638,5.05653822706359e-07,9.30429786017803,5.4684204928065e-12
"Cvel_18989",7.71635390979114,1.69265368943478e-05,9.30032595854651,4.56256502433456e-09
"Cvel_15927",8.84099301156749,2.08171221843349e-88,9.29766663902502,2.33344100078132e-99
"Cvel_29415",4.74709946465898,5.83177618735128e-16,9.29547802401314,3.84513299303017e-17
"Cvel_13727",8.88572441933024,3.77348902684639e-50,9.29183732013689,1.10035845850583e-26
"Cvel_15027",6.89542032074033,5.07641775715148e-07,9.28597377272978,8.80974042899142e-10
"Cvel_8996",6.00775600753077,9.05645548038851e-27,9.28492506175578,1.74682193007739e-14
"Cvel_24248",5.75953665181518,1.29650892658088e-10,9.28358238175646,9.38312434077755e-49
"Cvel_18248",4.51259127784495,3.15434806301437e-05,9.28184565797827,1.10856504899213e-09
"Cvel_7347",9.27881510806481,2.75180325952954e-15,9.1566282889546,4.6062399751904e-20
"Cvel_969",9.27837889131996,4.36873560458898e-16,8.1190262060143,5.13544122474497e-25
"Cvel_2538",3.7342921260161,9.93302866078819e-08,9.27809841193253,3.31640184645969e-71
"Cvel_25269",8.72590810809366,7.49379936368521e-09,9.27593938866099,7.77948837335813e-12
"Cvel_12609",9.27567884209566,2.78162715276008e-85,8.82968284484384,1.04192499831865e-38
"Cvel_23808",2.75817288566196,2.22035429433622e-12,9.27115466369206,1.95507531018164e-40
"Cvel_20261",8.03583578266795,9.87456400014172e-109,9.26723034257165,4.70979706243022e-97
"Cvel_19297",9.26672458346436,3.09537114564112e-16,8.89978532206826,8.67819286921123e-28
"Cvel_36362",5.87764845873907,3.95580080842401e-16,9.26618651549093,1.9977402149855e-15
"Cvel_22903",8.27847681009705,4.52188634441075e-80,9.26432954026332,2.88968197484105e-58
"Cvel_7006",9.25806592323404,1.64932542480669e-59,4.89577218376357,2.33618444631562e-44
"Cvel_10311",8.88646626123747,6.27776581399458e-38,9.25481249138478,5.50547316557629e-28
"Cvel_7562",7.10822431085087,1.29790211056251e-19,9.25014079415096,8.37076754629396e-13
"Cvel_28816",4.66264102243506,3.24381511586376e-05,9.24987964593164,1.45354245969428e-16
"Cvel_10381",7.7686724435061,3.05346797129656e-55,9.24718018054861,1.86216783552784e-46
"Cvel_18249",5.73781263341559,4.23001322490006e-20,9.24649145932269,8.47625592980186e-17
"Cvel_17011",2.92810199451503,4.32800844551793e-09,9.24291519547534,2.54611838857446e-51
"Cvel_16948",4.6506127876411,5.17378825225544e-05,9.24114261639359,4.35779983508356e-46
"Cvel_11207",4.89359367100885,5.93465024114214e-26,9.23859948860036,1.59413113515135e-34
"Cvel_7169",6.66050078679309,7.1966389327426e-10,9.23751175332563,6.1201334567456e-12
"Cvel_21183",5.95213952244363,0.000308266581670302,9.23053064824731,2.51102622622984e-11
"Cvel_26982",4.79877033863037,1.2358988082747e-07,9.22802497403771,2.2035505445983e-16
"Cvel_4010",9.226353922582,1.21948299209112e-43,7.05352832564498,4.53771050133141e-20
"Cvel_26647",7.35811186706202,0.00303794579818684,9.22162257533922,9.2227146331468e-68
"Cvel_21150",4.7650410401264,1.13816597280731e-08,9.21800457993525,8.95867609384598e-32
"Cvel_3246",5.39851844078082,4.24242981679445e-28,9.2174402182729,1.32202601648864e-88
"Cvel_8360",6.47744137922187,2.68430349176366e-25,9.21736553286311,1.0931170081955e-12
"Cvel_7964",7.46794582033711,7.62275347122348e-36,9.21686157200954,2.84037840348869e-47
"Cvel_1957",5.58364477303619,0.00108640417093033,9.2142972278878,2.22917892327397e-24
"Cvel_25933",8.02562369975196,3.24992788356127e-06,9.21340207528249,6.12869855252277e-09
"Cvel_5906",4.73617495907271,9.30806911662016e-10,9.21303802622401,5.37157375422509e-13
"Cvel_2458",4.83227943184812,1.02845058574897e-08,9.20887102665601,9.15507007186457e-47
"Cvel_23216",3.287473097701,5.75907866743532e-10,9.20313770115478,2.5256103205465e-05
"Cvel_28000",4.28074681785764,7.87110013248667e-27,9.18801216061673,6.91358434138447e-19
"Cvel_7807",8.6667472052509,4.80145091446906e-78,9.18766248263171,1.69789950140354e-52
"Cvel_21147",6.29511275700037,7.79181391781468e-20,9.18729034242522,1.00033584420022e-137
"Cvel_25225",4.65566873534223,2.60326046216091e-15,9.18622127902356,1.02403747556827e-66
"Cvel_25875",5.04588738642839,1.90457624185718e-35,9.18312578039831,1.07858748639386e-40
"Cvel_17285",7.27330749240322,5.53490566317025e-23,9.17940895731274,4.32728935067196e-38
"Cvel_21482",4.10280808466543,3.22744937645697e-08,9.17729737342964,4.7358225351082e-17
"Cvel_7067",4.92231973150051,2.37342249142119e-17,9.17625627803863,7.2998567555045e-28
"Cvel_22330",3.81185260309886,0.00264281086860871,9.17467897292465,4.67926146596879e-08
"Cvel_21140",3.63157835677345,3.27095511035286e-05,9.172660632057,3.40597436677039e-10
"Cvel_24605",9.1704562106386,1.20031626041691e-10,8.27405167932865,7.7770096947686e-10
"Cvel_14172",5.07531458142105,2.10235481087431e-11,9.16774953460606,1.10544222569289e-33
"Cvel_13650",3.24157325711122,3.01358985267504e-06,9.16322601471077,1.20653218271444e-11
"Cvel_25697",4.87991062844573,6.23490363644709e-08,9.16239068941138,5.02295291299097e-15
"Cvel_17709",4.96939562219505,6.56400428456662e-10,9.1604767508765,1.24126297409612e-07
"Cvel_20653",8.31947484381242,1.50725588263204e-90,9.15943082210133,9.85256494170109e-81
"Cvel_10539",5.74043624121946,3.96498621223573e-06,9.15786879103174,5.23758795243294e-15
"Cvel_33036",4.96022445382558,1.86316947468273e-10,9.15725294474632,9.59442775500062e-22
"Cvel_24879",4.34274069050147,0.000823511974030283,9.15644292697426,1.96048809578525e-08
"Cvel_24529",5.98563001242372,1.30739488511673e-48,9.15487932159686,8.78356694995895e-43
"Cvel_6293",4.83319655321471,1.11420295478196e-11,9.15418980721521,1.48136364697621e-12
"Cvel_28661",4.99922664709687,2.38126120378713e-18,9.15300306407,1.21511403095996e-16
"Cvel_22166",5.67215560627715,1.16734811216854e-13,9.15243930731404,7.43408190544284e-11
"Cvel_31656",6.73764980192326,6.51885472541008e-25,9.15094475234098,1.13723750199029e-58
"Cvel_20229",3.95376566578553,3.50564031286507e-05,9.14953110689044,6.33767997021098e-17
"Cvel_6292",4.37972403751701,7.3373436246827e-11,9.14371471923025,5.76021090739483e-17
"Cvel_21744",9.14311243996971,6.16585966512479e-70,8.5717732923187,4.65308327548378e-55
"Cvel_18836",6.80701312057599,7.17085099613971e-28,9.13990487236781,1.22238988807302e-32
"Cvel_23635",3.87233078721847,1.26775267981598e-06,9.13820591242327,5.83243882999803e-25
"Cvel_18875",3.26031090988843,0.000592242536823908,9.13196553948335,1.91710942330336e-16
"Cvel_27532",8.8066143771707,1.23354392235084e-35,9.13130189837354,1.72448163984081e-23
"Cvel_6222",6.09337483287825,5.4369514813219e-05,9.12765904779247,8.87147206353099e-40
"Cvel_16823",4.78695756303847,1.74293150597381e-32,9.12720150354592,3.16791456970073e-45
"Cvel_10894",3.56738323093679,0.00114971259009922,9.12243122171734,4.77681893827102e-15
"Cvel_24315",6.10282470185879,3.44173321396984e-45,9.12134939493788,4.35905991285817e-80
"Cvel_17384",5.52137928452087,1.89572091704482e-13,9.12129211887305,2.14676647257057e-55
"Cvel_18852",8.0204848039278,6.16422576314576e-95,9.11974883230429,5.05193330518921e-27
"Cvel_9866",9.11972170915916,2.40888960876704e-59,8.95781374654099,8.01253118242181e-25
"Cvel_16723",6.43530536279872,7.23807593202081e-25,9.11584683645075,8.5473007303633e-39
"Cvel_13534",6.62403677736753,3.71839581118578e-17,9.11300243512794,2.4176576728789e-19
"Cvel_11636",3.28910262826122,5.51319737939838e-05,9.1104904185063,2.97549928942487e-10
"Cvel_8830",4.27985165659666,2.90540864596728e-19,9.10955894950531,1.6995789215392e-90
"Cvel_20506",5.16480478706766,0.00704317122080172,9.10916514391489,1.91690649416189e-07
"Cvel_36432",4.82404003133492,4.49829652968881e-08,9.10292933119964,1.0233677173303e-12
"Cvel_10538",6.07778321226843,1.24723147433459e-24,9.09407712475578,8.52572062529945e-17
"Cvel_22954",4.02630905671816,3.90221476285795e-08,9.09078410918482,9.56980052559969e-16
"Cvel_5764",6.59541029371447,0.00019993102155601,9.08805650265807,3.43768435693844e-06
"Cvel_22758",5.84461894368122,4.95252018163188e-19,9.08672695018023,1.37685931255789e-27
"Cvel_22151",2.96919278867577,1.09901205347602e-05,9.08570960095894,1.99323867509381e-30
"Cvel_10648",4.96522614304742,3.42199814474959e-06,9.08218434566684,1.07474955948464e-28
"Cvel_4370",9.08029075840436,5.44193604632959e-11,6.64985339702113,3.82628780380626e-13
"Cvel_23422",2.35672494609831,0.0215025715217037,9.07886767394244,1.76819442403813e-11
"Cvel_9116",3.51699874373416,0.0020142404747157,9.07566092090993,6.07788886220148e-12
"Cvel_13324",8.85895231952294,5.81182622573862e-23,9.07433787637517,6.60769708061961e-28
"Cvel_12647",7.31312581150885,7.71494456283737e-31,9.07156723106676,5.58611424659184e-70
"Cvel_1803",4.60139529434409,1.21451879161256e-09,9.06383139354814,1.69229511032276e-12
"Cvel_9790",6.44199978527803,4.3528719165308e-08,9.06117478356644,8.75820476160998e-11
"Cvel_16680",3.64997361872949,0.00144485579052449,9.06109222366019,5.58006208288042e-35
"Cvel_29357",2.43438599997861,0.0229674361792995,9.06031176827491,5.7955618966252e-09
"Cvel_16134",4.11006348282831,2.23830926270545e-09,9.05968348741799,6.89427675361885e-30
"Cvel_13819",9.05779957576205,1.35539207789703e-27,8.72898165707533,2.43825379794006e-27
"Cvel_11262",3.20060098334775,2.32437941800833e-13,9.05756542581697,1.24758683726744e-44
"Cvel_4440",7.6269450785436,5.28916154981091e-88,9.05495193830546,7.78642826299784e-40
"Cvel_11368",5.73905218334875,4.9625841873525e-28,9.05425176416147,3.08845187198151e-28
"Cvel_32147",4.66654405610137,1.93438073169202e-21,9.05414535221221,5.09244782836479e-25
"Cvel_10682",5.52933979844908,1.61568956255022e-13,9.05326914513378,5.96591615851754e-16
"Cvel_10472",7.77758070654953,8.47766068654566e-145,9.05148572234112,2.13367621599371e-213
"Cvel_15231",9.05123004476032,5.95839341634376e-09,8.36822601491659,1.49105141651749e-07
"Cvel_5267",6.34980652434129,1.07737684896158e-20,9.04460900270265,3.55355089423072e-21
"Cvel_8932",6.02891630640488,5.18990867521388e-05,9.04368826855123,9.16931193901981e-50
"Cvel_25889",2.66028265425618,0.000375517348761123,9.0434293052239,5.36360223232649e-18
"Cvel_17476",3.21768765736083,1.36423158575161e-08,9.04323154360891,2.36840875486555e-11
"Cvel_20617",7.01480823434356,3.12026812367908e-08,9.04234771886713,1.55471676422075e-131
"Cvel_17858",2.23515835244879,0.00013085855065273,9.03969582590237,3.91549111389268e-25
"Cvel_3730",7.59529745061426,2.66417557125417e-70,9.03822900946713,2.38799435405087e-69
"Cvel_29282",6.61857136986096,2.07122074800564e-23,9.03722239946185,1.55087827521002e-34
"Cvel_35455",7.05842018899671,1.24798942620972e-46,9.03423663753668,7.1733528501397e-29
"Cvel_14323",6.78475836442252,1.29992459355878e-68,9.0322742968872,2.28034845877788e-48
"Cvel_29777",2.30093219791771,0.0122851541648348,9.02950414929166,1.7506854088688e-11
"Cvel_6075",4.57208346000505,6.2284589365553e-08,9.02870179087741,4.10873700915204e-15
"Cvel_16399",3.70670079916372,8.17109261516963e-07,9.02842094418208,1.60139754229111e-20
"Cvel_4569",4.61336574400184,2.09587660694501e-14,9.02748369178579,6.5128517083848e-26
"Cvel_12439",4.72811408327021,1.34506036694791e-16,9.02418455345299,8.96542780122095e-28
"Cvel_27647",3.91632869230474,6.34507986279496e-08,9.02393542654113,1.83004218638443e-33
"Cvel_13714",6.59041769272411,0.000533731669513273,9.01753859350853,1.29711716852767e-15
"Cvel_15138",1.93480478311701,0.0103451866590532,9.01651310098108,1.25675466695173e-09
"Cvel_32049",7.13764800202584,8.68773980601318e-56,9.01423671044199,1.16823581686208e-49
"Cvel_478",8.20354541689348,1.43180269731576e-34,9.00868108052948,1.64797178263296e-47
"Cvel_8114",5.64122216465897,2.68180123162709e-47,9.00836807070636,1.40769952731027e-36
"Cvel_8033",4.30819477389767,5.05875512133975e-05,9.00398652205182,1.34313781183504e-08
"Cvel_2787",5.84378343987276,2.40353774423166e-14,9.00388604736244,1.86455956090568e-21
"Cvel_7638",4.24198740845887,0.00370830746626106,9.00272033428097,1.25850982500418e-25
"Cvel_7313",4.7977979770793,3.68018282186773e-20,9.00262284101148,5.43494400899047e-75
"Cvel_18956",4.52272727830048,6.28539218887565e-11,8.99980396333884,3.33794346330982e-71
"Cvel_20628",4.65948430540215,4.31087419500373e-05,8.99723052938094,5.17323004382589e-10
"Cvel_5973",3.82656278275029,1.40754732282961e-14,8.99577705084366,1.68114477453639e-41
"Cvel_10702",8.99124071923845,8.9724295298769e-10,8.64336021383906,1.95312194131196e-09
"Cvel_17661",7.69748851538674,4.99679353113106e-44,8.98722458489592,1.71348961941116e-67
"Cvel_13815",4.62690278817823,0.0384737449125933,8.9865310720057,4.8391988370627e-08
"Cvel_18772",4.51538732916704,3.90140383096964e-10,8.98541706936584,1.54931075271146e-24
"Cvel_15925",7.23502686889317,2.54985160398261e-41,8.9849721088166,8.91109517145682e-37
"Cvel_836",2.83957601874507,0.00512944308649692,8.98431899658803,2.4320865128618e-09
"Cvel_6236",7.57216808508067,6.5232124236237e-39,8.98370905751824,1.17758626526971e-61
"Cvel_27560",3.91019835243907,7.94211699974062e-15,8.98224928314549,1.11655394444575e-15
"Cvel_5470",3.70597122057354,1.78529407670989e-07,8.97903082628804,3.00205567079038e-15
"Cvel_10816",2.11060769238552,1.25870131653444e-07,8.97868146666747,9.65462615037577e-37
"Cvel_23707",8.9769407632901,4.33296472292846e-83,8.58944110439937,8.19673824802457e-50
"Cvel_15905",6.20878579600964,5.64798568636762e-22,8.97610352836122,5.14970620986617e-48
"Cvel_20612",2.94907721150738,0.000583115412423978,8.97370413533469,1.41059038485564e-09
"Cvel_22383",6.0781225150015,4.36878994801272e-22,8.97318194957827,3.61965403662681e-19
"Cvel_32727",3.90693569815188,7.70185116416677e-14,8.9712839174094,2.26171023129727e-16
"Cvel_15028",8.63107094293709,2.94596111021276e-08,8.97001332964832,2.63272444387418e-09
"Cvel_12794",5.12414881055597,0.00273189562488288,8.96687795469442,8.95458501657009e-11
"Cvel_31700",3.80077376534264,0.00027366548939595,8.96518021280602,3.58151514417968e-15
"Cvel_9224",6.91168933050836,6.77488840842148e-150,8.96448737328429,1.89582326440961e-188
"Cvel_12962",3.50321757316783,2.65190406929691e-15,8.96161860748388,9.27813491672681e-49
"Cvel_17783",3.4795835069362,6.20464293653116e-20,8.96101993173883,8.2272956369118e-34
"Cvel_16827",3.14336063579269,1.24310968841911e-06,8.95834659068584,1.84038365419228e-11
"Cvel_23736",2.42939212361167,9.23726225707846e-08,8.95373015937718,2.43726632139763e-58
"Cvel_767",3.72356148039295,1.97337618422864e-12,8.95311870358544,1.57311978438237e-29
"Cvel_27146",6.21222041112452,0.000353892040874463,8.95212415772616,6.12471073230191e-20
"Cvel_9530",8.95147606157382,5.12216109179613e-15,8.17195677267779,4.51740746453622e-23
"Cvel_14277",4.7290919190474,0.00022287972997615,8.94705689860716,3.28334017140639e-11
"Cvel_13756",3.12286958300675,3.77286683080945e-08,8.94640880816424,5.21735112299992e-43
"Cvel_1130",5.68465276699577,5.67957240157533e-15,8.9442809286705,3.6286317932754e-15
"Cvel_7427",8.13957297141391,1.85564188212392e-176,8.94371316869925,2.90971518551911e-48
"Cvel_1989",8.94242350212231,1.9059424867302e-56,8.07625341946629,2.82882737181318e-39
"Cvel_24055",6.08363457699077,3.90170726137428e-16,8.93505434570808,2.32767704964778e-29
"Cvel_19051",8.52645904835396,3.56044444527972e-05,8.93419456653734,1.25108986907669e-44
"Cvel_34901",7.51544855942377,5.80570632541431e-29,8.93099022924738,4.89429279262813e-51
"Cvel_20503",8.93013700427333,1.0702117971523e-09,8.19499250629135,2.70361374511219e-08
"Cvel_27393",5.31324228001103,3.99012446248094e-51,8.92974984473381,8.81595189748617e-17
"Cvel_19830",8.92387027025209,1.5674515668876e-14,7.69749268263016,5.46385934262619e-42
"Cvel_12551",6.51092812851947,4.96779546748567e-107,8.92058563808261,1.69215255044274e-82
"Cvel_5354",3.66444717631484,3.7227578106208e-06,8.92002210620844,3.01702089352654e-27
"Cvel_16681",5.06757191223462,0.0161356279922954,8.9197111611465,9.4949517259893e-37
"Cvel_18471",7.17963933522662,8.00950184075136e-47,8.91702742155026,4.37591266901086e-07
"Cvel_17586",6.71344629538627,5.27960558109262e-44,8.91604697049331,3.67794773454992e-79
"Cvel_14393",4.56482120595504,1.020624430213e-11,8.90877414237775,3.19611823609522e-30
"Cvel_28136",7.97906481899971,1.11492938380071e-10,8.90770532914586,3.42831837072868e-32
"Cvel_19811",5.93832471311324,1.46183592158619e-16,8.90589886858088,8.06849507124763e-53
"Cvel_17612",4.20910294358646,1.30601439402609e-10,8.90560007904181,2.59903916658464e-14
"Cvel_24490",3.46052723644596,3.09270259667225e-07,8.90544862211928,6.7779762192777e-33
"Cvel_5044",8.90064335804904,3.30730350952352e-72,8.40662724827746,4.59937642931227e-63
"Cvel_22821",3.91217110629696,1.75251828952382e-06,8.89227577410928,2.81768296344004e-13
"Cvel_9767",5.29660250134669,2.5150802597077e-12,8.89191304692007,2.54564459731509e-27
"Cvel_9182",6.10769341711051,8.83953908327265e-07,8.8915814687679,1.21114371151303e-36
"Cvel_8146",4.44987007313455,2.03181414452687e-05,8.88815631198544,4.79021872968566e-12
"Cvel_23408",4.7374812993928,2.88163225349663e-08,8.88242937776327,9.33554434578895e-38
"Cvel_25156",1.75452828072758,0.0234105899623022,8.874489397938,3.01866129610861e-12
"Cvel_26698",4.37903117646178,1.55663452133538e-07,8.87393374365496,7.65448058034091e-31
"Cvel_22905",8.872733848756,1.05023933035354e-08,7.06996736717606,4.02471391137705e-08
"Cvel_7088",5.70425274360771,1.72145713908358e-30,8.8692449838489,1.53422704701283e-82
"Cvel_15840",4.4600204689769,1.23793109350502e-12,8.86442809038326,1.17455368182848e-14
"Cvel_5783",3.79922758831633,0.00416052688213258,8.86153728458829,5.89617248610243e-12
"Cvel_29685",6.4335831910781,1.20008832572523e-05,8.85961456592847,2.17860084564297e-08
"Cvel_22349",7.31504003917786,5.75032721625269e-27,8.85785060913081,1.75097100686326e-53
"Cvel_16486",4.97859547426852,9.54380702026715e-13,8.85764828553749,1.89034876344805e-15
"Cvel_29271",8.85684002048115,1.02509534812792e-14,5.66060825171422,2.07455867765619e-14
"Cvel_16623",5.31740612460989,8.24265785283116e-05,8.85528940574979,2.65753575468022e-10
"Cvel_26039",7.12296480939215,6.97639107852797e-27,8.84818735895235,3.24332340692273e-33
"Cvel_21914",6.80001666955067,2.45449588868129e-26,8.84689149074437,4.86868334406028e-23
"Cvel_34364",8.84648512491952,1.16512212147953e-13,8.57146972902086,1.2777684412411e-15
"Cvel_5469",4.04022349624442,0.000712893482125156,8.84364161239992,4.33294688692926e-11
"Cvel_23864",8.28762664160902,3.1486541787224e-07,8.84185951598351,2.20728435631257e-09
"Cvel_24948",6.40779679116016,4.26448493781823e-09,8.84029848183524,4.46642440787205e-10
"Cvel_22874",4.74101248428819,4.4484500952179e-06,8.84028036131517,2.15336422319421e-12
"Cvel_1788",3.54137173515105,1.126146802847e-05,8.83978413769226,3.31008456516005e-23
"Cvel_19037",4.08690562674179,7.31632906393164e-05,8.83937777447131,4.56804908134813e-07
"Cvel_27870",7.47105342556963,6.13665800764216e-05,8.83883998941785,8.51402901134667e-08
"Cvel_30198",6.14049726923349,4.65840929561629e-43,8.83732746723169,1.99698239211796e-34
"Cvel_14333",4.66676101306549,4.71004715157269e-08,8.83729373417215,7.52379421983918e-32
"Cvel_22981",3.85476411430203,0.0011516418207385,8.83687132732335,4.55607141023152e-14
"Cvel_13949",3.64234233871164,0.000502801982899396,8.8366518409337,1.09920155610682e-09
"Cvel_11245",5.92205238646759,3.34378303022981e-13,8.83538195919729,2.28774840720514e-15
"Cvel_28724",4.07383255850584,2.35194345293078e-05,8.83292280305474,8.25824874334703e-14
"Cvel_9791",6.53085222806554,1.69696342909198e-10,8.83150198338592,2.92748723059779e-10
"Cvel_559",3.46966385899766,1.02810702486607e-09,8.82743743378224,6.57829457977809e-10
"Cvel_9012",3.86938228130373,2.92373797600362e-07,8.82453777320361,5.13993394222004e-41
"Cvel_24910",6.70577859064091,1.65694682778391e-08,8.82181296804716,1.89461095402658e-08
"Cvel_1018",4.26237471878738,9.12196287989712e-26,8.82170547676858,7.80695672440357e-28
"Cvel_7205",8.422818635598,2.44163556997726e-24,8.82150329450876,2.18669850007266e-14
"Cvel_14503",5.28789752046022,5.872121843097e-16,8.82108650757921,4.12570164037954e-72
"Cvel_22751",6.3524186315307,8.41833302767342e-08,8.80973917035374,5.28700120722563e-15
"Cvel_28740",5.38898952074281,4.97229978561979e-07,8.80734477276496,1.20918860276566e-20
"Cvel_3967",4.58650997104367,6.22317342536247e-07,8.80713122233812,1.74587958293781e-19
"Cvel_17429",8.44362362116538,5.27985445871332e-08,8.80571433019997,3.78285437206208e-08
"Cvel_9814",4.7978142266695,2.41519801386595e-05,8.80383489281999,4.04495410287855e-11
"Cvel_658",3.53075318912435,1.79285633971555e-10,8.80369965457577,8.42058107329707e-27
"Cvel_20238",5.46903103305192,6.26368255188202e-102,8.80367439006003,4.40727745612294e-87
"Cvel_16330",5.80990443413983,2.38384856819333e-11,8.80298727914252,3.45512869363641e-22
"Cvel_27533",8.08160321157211,3.26433127006005e-48,8.80224489700007,1.7457146012776e-28
"Cvel_24483",7.21149116437492,7.01572081929833e-112,8.80179885837438,7.39889773153703e-72
"Cvel_4157",5.09688775566064,7.59153845661864e-09,8.80107187680696,1.82446282250384e-48
"Cvel_22965",3.89532471141458,4.08509939829932e-07,8.80102200443071,1.61516763976645e-15
"Cvel_35681",4.21639679382718,9.11878750332906e-06,8.79972104726669,4.82231424874334e-11
"Cvel_5884",8.04712910125673,3.26208209503272e-08,8.79939810818319,1.38514725345894e-10
"Cvel_18403",5.50555315975594,8.95868388591575e-23,8.79832583984951,3.62316383429291e-28
"Cvel_5513",6.13824865630046,1.09034920742363e-13,8.79699201394262,6.20006719251297e-53
"Cvel_2326",3.62301402376821,2.22861001775109e-07,8.79697434195224,8.53752583482455e-22
"Cvel_22362",3.08522222577157,6.2938114891224e-10,8.79671018179726,2.94521736440433e-25
"Cvel_20218",7.61602737214058,2.57484480306104e-20,8.79176306765069,5.85794214396732e-20
"Cvel_2181",7.46543882027219,1.50047781305715e-98,8.78934936775414,6.78174651119337e-42
"Cvel_11110",3.43811027448088,0.000182089658846684,8.78915728760001,1.32157542611525e-31
"Cvel_24556",6.61772614990329,6.06373640880484e-20,8.78737609508298,1.38966486175016e-21
"Cvel_26932",4.3648389059966,9.9800745269019e-12,8.78645150627678,9.35423499554469e-45
"Cvel_1433",4.43365603226821,2.53834997591946e-12,8.78274099284382,2.82518875177846e-58
"Cvel_25420",4.31184266657619,0.0275637134583236,8.78238567126668,8.02188330591844e-11
"Cvel_2262",8.18922108838493,3.94656684084838e-66,8.77254748225507,5.12525846474023e-39
"Cvel_18128",3.19465634514273,4.36049935498523e-06,8.77246946751324,2.23325956407647e-28
"Cvel_20203",4.624839879721,7.67846413296321e-11,8.77105714147696,2.8802488916388e-22
"Cvel_888",4.79016261659382,1.16057761806276e-07,8.76845322872896,1.70422480449552e-14
"Cvel_8680",7.59438939883801,4.4517285194255e-33,8.7672106224552,1.14996293500386e-48
"Cvel_22770",1.99107605538814,0.0475351753266906,8.76564999939486,1.36492800886002e-08
"Cvel_13169",4.31241553161192,1.08339939511411e-07,8.76425017137599,5.17660924023011e-08
"Cvel_30655",8.55712649322871,4.74496402767173e-08,8.76321952104677,5.73215547957781e-07
"Cvel_3965",7.79062216387099,6.57125503597001e-06,8.75667407756877,2.38717537860167e-10
"Cvel_25069",3.99808175650476,0.00708817542425525,8.75646423844523,1.53913709874141e-08
"Cvel_16493",5.00974953748648,4.48686412504653e-33,8.75487134733225,7.66465961828362e-50
"Cvel_7148",4.30468685152992,6.42787339938004e-10,8.75419467399658,7.81287606565499e-27
"Cvel_1958",5.70256403979809,3.52043844178952e-05,8.75166946495382,9.47733751841691e-10
"Cvel_2764",3.60998333069823,4.65115654782258e-12,8.74474382107812,5.22500007325279e-66
"Cvel_2287",6.17726962231863,1.38282077085756e-12,8.74350664045346,4.06391685159333e-23
"Cvel_16984",5.42213542977327,7.46820021381796e-08,8.74240173670182,1.68394195704171e-34
"Cvel_1154",5.3178112656276,1.29725071076219e-31,8.73908786418737,1.3848915130189e-38
"Cvel_4266",6.06262659739966,4.59160905726625e-07,8.73750863178252,5.42992915006177e-08
"Cvel_31973",8.73738943715809,8.92486405295024e-13,6.36238166952957,1.19614265172881e-18
"Cvel_30772",2.99776666420054,0.000634464386789128,8.73587455657387,2.07898957985066e-20
"Cvel_12761",5.830290937302,5.24176623211246e-10,8.73468544417497,2.49603513881121e-28
"Cvel_1017",3.40767815449988,1.88086959808184e-09,8.72944818252471,3.01198646732331e-13
"Cvel_19072",4.43053751344816,0.0104922718750637,8.72635639989562,1.01904690143926e-06
"Cvel_8314",3.3681553099501,3.27210862735774e-13,8.7261026836998,5.56835665887034e-15
"Cvel_28882",8.72559318576385,1.80612362755466e-08,5.58468506334277,0.000378346484450622
"Cvel_14112",7.23761461040818,8.34501951336103e-48,8.72335726181295,2.86882058676693e-28
"Cvel_22933",4.46579068253569,1.11249559071845e-10,8.71752078315468,6.08258020068856e-21
"Cvel_7708",6.02565130379347,5.2385618903679e-76,8.71730287457085,1.57995767665811e-70
"Cvel_33490",5.19727960302188,2.21431499500957e-05,8.71591671518569,2.59876225832764e-08
"Cvel_5444",6.37623817986588,5.95165018047584e-31,8.71025649139501,6.4980270398348e-98
"Cvel_11132",4.10427966535177,0.00102436441636689,8.70856612562286,1.96942972754684e-40
"Cvel_18019",6.22954379487974,4.92158409366103e-118,8.70495356365708,1.38600373653158e-78
"Cvel_9717",7.68790773761754,9.26920025979301e-84,8.70281740118052,1.3263063650181e-60
"Cvel_21386",3.18062343304696,0.00144062468698374,8.70102958961908,9.18212823967461e-13
"Cvel_17919",2.09947337995599,0.0232056135463975,8.69945896362054,1.29405290936557e-13
"Cvel_16052",2.69633131141883,0.0246971930203535,8.69933160313464,6.92421546891432e-09
"Cvel_25952",3.58115191481648,7.87271787879974e-13,8.69862536503827,9.21007608126356e-58
"Cvel_5348",3.00526222234861,6.53079816028746e-06,8.69731876676971,2.23905820648146e-14
"Cvel_13670",8.02050868891383,9.63825589444255e-79,8.69436908449973,3.59144316396092e-103
"Cvel_25913",5.05693096241566,2.13631961061292e-14,8.69383914562699,4.64654223764155e-33
"Cvel_24715",6.33558442574906,4.86845826383607e-11,8.69311531565528,1.0122463052752e-14
"Cvel_14651",6.06720638396282,1.47180854997188e-25,8.69170417014049,1.18253428173533e-29
"Cvel_34667",8.11600777794974,1.23157341414604e-06,8.68998147178137,1.19270022267077e-07
"Cvel_15406",4.01450415066936,1.17329581215454e-14,8.68399377698154,8.06386119895259e-81
"Cvel_18210",5.7934434288092,8.44428493545204e-05,8.68381204307889,1.82859164889052e-10
"Cvel_23466",5.34893664099072,2.1254975065972e-07,8.68363917863915,7.94245623882587e-09
"Cvel_3354",5.01403746476618,2.25486573574177e-07,8.68337477686792,4.61399218276743e-23
"Cvel_24377",4.24766647358071,6.93465050269739e-06,8.68196248673939,9.4058360834883e-29
"Cvel_16981",5.50947713634144,4.66509991896023e-08,8.68161281309461,1.70389852269675e-32
"Cvel_16724",5.79387629461313,6.33328380646766e-29,8.68159587615712,7.2619745351407e-58
"Cvel_20836",1.58612738301642,0.000246126637034557,8.67983918289534,1.0266368207493e-37
"Cvel_23626",6.08096250092752,4.71767139043404e-15,8.67931023900999,6.90397167238337e-25
"Cvel_28591",2.96911320639825,6.61304991459759e-12,8.67327894705961,1.7596186961255e-28
"Cvel_11166",3.25675586607211,4.40470849416222e-21,8.67311983948826,3.70965762197946e-49
"Cvel_32699",7.32724134451178,0.000227910663330148,8.67289806611488,2.38085345317775e-09
"Cvel_14481",6.48807982079413,0.0111792852606609,8.67063081655834,5.76027842160415e-25
"Cvel_16473",5.00247313376079,6.16279609795818e-08,8.66763354029071,5.45358299336202e-05
"Cvel_5770",2.66610068683736,0.0165487745345626,8.66762677139883,0.000213887564181275
"Cvel_28632",6.70941136298257,6.96974444285247e-26,8.66158445495097,2.13497154747082e-39
"Cvel_8941",8.22549150462215,1.75093016035752e-06,8.65962765039035,1.24734027789422e-07
"Cvel_26695",3.70809757076995,0.000116722455810364,8.65948879037156,3.71339471247018e-09
"Cvel_16927",6.52162332039134,8.63432224824477e-55,8.65666110280817,1.43575933541715e-26
"Cvel_17576",5.25474596827535,4.73632832513538e-14,8.65647858565361,3.41361828171057e-36
"Cvel_24745",5.16084203615697,6.06298379927926e-33,8.65589973292837,4.19993510222704e-46
"Cvel_21225",5.36713430085684,2.54568822964311e-16,8.65436608944528,5.48293842026567e-37
"Cvel_22859",4.15803633337592,9.3040005483631e-32,8.653446195508,1.22445271573119e-116
"Cvel_28436",8.6523047060935,3.82372739785258e-10,7.98871251041589,3.22007000373759e-13
"Cvel_20003",4.9359613706783,8.20660012115985e-12,8.65071820973213,4.28182124248996e-25
"Cvel_21938",4.68586761278475,6.44306119919325e-05,8.65052258606515,5.86416014482989e-09
"Cvel_28316",4.07480149159667,0.00112581986348155,8.64878501307201,2.05109922939163e-10
"Cvel_3694",4.76773998466863,6.78872988884424e-12,8.64831197691749,4.22475856432064e-22
"Cvel_23567",8.1856642150527,2.30109320293385e-102,8.64649007663213,5.77039780007095e-57
"Cvel_3684",7.28907643326899,3.9479119846551e-42,8.64526576200349,2.15739393387186e-84
"Cvel_5161",8.6452005326401,3.14921825034887e-38,7.71509856216586,5.78216649623905e-62
"Cvel_11047",5.08943901860883,6.03021697608373e-07,8.64320099346374,1.67449971450289e-10
"Cvel_21146",4.66530167738398,2.96956909993925e-32,8.63926478065824,1.1963386619997e-92
"Cvel_25774",6.0356786215454,8.99964897274076e-15,8.63786086893673,2.49666017261976e-54
"Cvel_28966",5.32024404706461,1.48875891141601e-10,8.63764547760875,1.01722023785564e-13
"Cvel_11271",3.07057060774524,0.0109239392690439,8.63730167266892,1.70751687695874e-10
"Cvel_20879",3.6325935984278,4.48693578292176e-07,8.6338969799716,1.1528895633003e-18
"Cvel_21771",3.5165886174784,0.00046361795675952,8.63090797289769,4.3918698528707e-08
"Cvel_14849",8.62958015691264,1.62677963783718e-46,5.27163224591667,1.20182016836738e-29
"Cvel_26990",6.25626802544175,2.92820750367515e-10,8.62796266239638,6.4993333753594e-21
"Cvel_2183",3.52392691940765,5.87941978247684e-06,8.62518160804249,3.56968366877637e-30
"Cvel_14392",6.02326245504775,1.42888547094748e-31,8.62513166276825,2.66702257025882e-27
"Cvel_8959",4.24180833403181,4.695992239801e-06,8.62457311736437,1.19572299592518e-31
"Cvel_14097",4.93036510887063,1.99794833426688e-07,8.62279344087809,1.25413492954267e-37
"Cvel_14738",3.79418629452353,8.42256343802093e-07,8.62261795579254,5.50818543595593e-47
"Cvel_15371",4.84601817584555,9.30264922987486e-14,8.61842666767817,6.36001484351544e-71
"Cvel_25493",8.61750440663516,4.34671462856843e-23,7.66107142704419,7.80712601436126e-18
"Cvel_9136",5.80385271617943,3.65512583621181e-49,8.61537820310833,2.69174467728647e-25
"Cvel_7265",4.00159436554218,7.9431284761584e-11,8.61300537205174,1.57227347782167e-45
"Cvel_10928",2.82310923150835,0.0027795864063303,8.61290555955932,4.94698765180887e-10
"Cvel_9824",3.56389570820013,0.00059582398866235,8.6124360649575,4.1357878485971e-17
"Cvel_12378",5.96222555297552,6.60865630435065e-19,8.61217921317112,2.60727957159648e-106
"Cvel_26596",4.82749343300315,3.38386614044026e-05,8.60935913092376,6.01785179024901e-09
"Cvel_16049",5.69217228567237,2.26426408299418e-17,8.60607086392159,4.53534839437196e-13
"Cvel_22077",8.60575132596286,2.74532977317168e-26,7.70015189480177,0.000262523723729722
"Cvel_9365",4.43258035527506,1.61783995546804e-08,8.60455584750225,1.27169563716476e-16
"Cvel_2234",8.33506582782411,3.6214157030628e-40,8.60211137145381,5.14116904779874e-38
"Cvel_476",6.16593311222148,3.77403015820868e-50,8.6016582519133,1.1221700775481e-24
"Cvel_16440",4.93818154050912,3.61740455358186e-07,8.60133123289281,2.56928664850796e-35
"Cvel_17994",2.46810773017139,6.40420190629179e-12,8.60077489119785,2.78973209739076e-26
"Cvel_3595",8.04783063377583,1.49041145370791e-25,8.59943688101356,9.3064287406649e-26
"Cvel_25761",6.16675292716122,5.38545156514514e-27,8.59543809499529,1.52766238506385e-48
"Cvel_16474",3.6625919413603,1.93751065972973e-13,8.59199219393255,1.45106355386336e-62
"Cvel_8261",3.79559798660065,2.84417331098459e-14,8.58355003067516,5.25616987737249e-106
"Cvel_11242",8.44673111558477,5.62226560186577e-08,8.58354340747887,4.07721496553124e-10
"Cvel_23677",5.50047041245327,2.56469282773948e-09,8.57835200714115,1.54513220164938e-31
"Cvel_6565",4.49386978066592,2.53331470792148e-11,8.57778938314941,1.09320920626455e-12
"Cvel_14881",5.52094471281661,3.14103671768083e-20,8.57520859135005,5.11218141731339e-15
"Cvel_14024",6.04479061870218,0.000201732996151057,8.571997827069,1.87882857541617e-36
"Cvel_2558",1.4304440748039,0.00616387846978226,8.57056110847068,9.81890798859408e-12
"Cvel_23863",5.45804123597307,1.50965059394229e-17,8.56942039163033,1.05458220487406e-28
"Cvel_7137",3.74337637476882,5.04132339939313e-06,8.56571680002249,1.41758354329082e-24
"Cvel_6534",5.42328166195633,1.8511539198622e-09,8.56411319527038,5.37348034310249e-44
"Cvel_3344",7.79934057786871,7.44754879116047e-14,8.5637494457404,6.78759825963341e-14
"Cvel_6347",3.33947616518434,5.17758573382143e-06,8.56240311978919,4.37265737423271e-26
"Cvel_5872",1.45065849592318,0.000862920420678342,8.55806701383062,3.93321671825682e-49
"Cvel_1278",8.55628418884416,1.09588126737168e-139,6.26825055431837,6.74274636038469e-156
"Cvel_5199",7.54793199096284,3.86628820163594e-50,8.55466609234136,1.01404844691699e-37
"Cvel_20075",2.77796980934788,8.90221625759662e-05,8.55452919043178,1.08905686455999e-13
"Cvel_1739",4.20975025405331,0.000566053386600097,8.55325642431883,1.78971165361065e-45
"Cvel_8294",3.9594546826405,3.93315555989825e-08,8.54848577780196,1.69110086694883e-59
"Cvel_2678",5.3213381913233,1.53008531825348e-18,8.54752318885413,1.99347241672491e-06
"Cvel_26314",8.47330554204644,3.46871950945221e-64,8.54730301597964,6.74679484247184e-32
"Cvel_6135",3.24351264038568,1.31301086736614e-06,8.54662608403558,1.55632735086941e-45
"Cvel_34949",3.56572052608797,0.00337311135594863,8.54102195011072,1.71529092276165e-08
"Cvel_3343",4.57745084012089,1.29047344054051e-15,8.53877649726909,6.39743188758626e-64
"Cvel_26989",2.94034215580624,4.11283590410495e-07,8.53512048393965,5.24791090921842e-21
"Cvel_11345",4.47828479978042,4.33674711225115e-09,8.53217626337689,6.25268509703224e-10
"Cvel_1641",5.61775130826893,2.53243053492283e-14,8.5277004787661,3.34112828992451e-43
"Cvel_2215",3.31406255557594,7.34702419205232e-05,8.52609821738318,8.0471816887635e-21
"Cvel_22094",7.42469677565893,8.84816524960441e-45,8.52320226028825,5.25414693204745e-24
"Cvel_3847",4.36833551876967,5.60417548068905e-11,8.52089246708425,3.50293598517882e-30
"Cvel_23676",4.58302089073036,0.000580751224475756,8.51885300267569,4.05477175335766e-25
"Cvel_6256",5.77711929326138,2.088860842177e-51,8.51878953818794,8.11010127862938e-91
"Cvel_8872",8.24999763380196,5.07081841802705e-96,8.5180342943158,6.49566663561711e-39
"Cvel_9497",3.40180495581646,1.81539572341102e-08,8.51194417638401,1.27893568729046e-31
"Cvel_19130",5.69361281127574,3.16621799405066e-36,8.51126487734816,2.50764581685597e-43
"Cvel_14569",5.64214969979306,2.21322707019782e-20,8.51078699546406,6.93148842433546e-42
"Cvel_6377",8.50968636275493,3.31570016891377e-58,6.94872264517724,5.197208194621e-14
"Cvel_23852",3.84535413210762,0.000192773774625559,8.50693699430933,1.29763779381407e-21
"Cvel_34807",7.00071194267314,0.000805629078912854,8.50633408966769,1.84129270380452e-09
"Cvel_22816",3.22793137403652,4.03393938860334e-13,8.5062517115306,1.47568665640864e-34
"Cvel_6861",8.50175393193065,5.01216306484856e-18,7.48946121527604,8.79104462356497e-11
"Cvel_19318",4.1039913790019,2.58437493861944e-21,8.49677761049276,3.24324423402825e-64
"Cvel_8009",8.49411155144231,2.58856476790485e-44,7.31320335140658,2.01372961688647e-53
"Cvel_28883",5.74268416315674,1.31138730498925e-15,8.49025720278924,1.09812617259534e-19
"Cvel_18253",5.66768798039003,4.02576370244975e-10,8.48123947190214,2.77913524850303e-26
"Cvel_16077",8.48001406170207,1.3882524417837e-09,6.7153151870062,5.24002826020104e-22
"Cvel_19131",6.25475380675313,1.99009263752918e-53,8.47484316662727,4.71183376562606e-29
"Cvel_2713",4.52826189054542,2.58770225610529e-07,8.47441858462312,5.26340434624176e-18
"Cvel_16357",7.64405179720736,1.61990782464773e-114,8.47369951290101,7.16662355044743e-85
"Cvel_9716",3.46965545546125,0.000300023717892121,8.47178069057736,2.55077264229155e-36
"Cvel_26209",5.10027517826614,7.85602082465244e-11,8.47053744208464,8.97039135683221e-05
"Cvel_30180",7.04133533586829,0.00110390184567654,8.4649850791915,9.38536693655699e-07
"Cvel_7984",7.25661805328894,3.57794699610366e-13,8.46121016778752,3.48878604595528e-14
"Cvel_18704",2.95690601538024,0.00680969648601518,8.46069137400556,6.25751084404768e-14
"Cvel_3615",4.09836417607848,1.72392882855677e-07,8.4603126442806,8.46979770997682e-69
"Cvel_19839",5.55757324983648,9.54444659391524e-29,8.4597700785668,1.56587624886513e-62
"Cvel_30926",6.43881158998876,2.37419745016208e-20,8.45966554177471,9.45420884705112e-24
"Cvel_18773",4.84844476956758,5.77305279837265e-17,8.45802208219443,3.41365051057027e-16
"Cvel_29095",6.15556539869338,1.79941232313998e-19,8.45484292745967,4.4237563604214e-25
"Cvel_20047",2.58044284830188,0.0319098772022653,8.45435594169337,6.80905166861263e-13
"Cvel_28158",4.64268181946957,2.14268530163253e-34,8.45038362959835,1.55683219811395e-33
"Cvel_19411",3.88007087677546,2.7702243745674e-10,8.45020221795965,7.74537085654908e-18
"Cvel_35970",4.75344651172337,2.56392936555023e-07,8.44934626795347,4.14648715297965e-11
"Cvel_26821",7.0868129638082,9.99069628420489e-50,8.44389878753279,1.18806556476017e-53
"Cvel_3006",1.79542296266596,0.00690994331441303,8.44230547792199,1.5100430852015e-26
"Cvel_6335",5.25220655514346,9.77899550363431e-20,8.44225398790154,1.00564914708897e-38
"Cvel_5939",3.44734570536556,5.20786149821074e-10,8.43751772469376,3.52731202293747e-74
"Cvel_6043",6.74689174829863,2.28533160486016e-46,8.43620373615619,2.35163042738967e-25
"Cvel_913",8.43567780957821,5.31930810415909e-215,7.01120069795107,2.89740313459019e-142
"Cvel_25129",6.81640863617338,4.34129833021123e-31,8.43510950522567,2.62983105901008e-06
"Cvel_6895",6.48713917756777,2.94942966133304e-09,8.43340736663557,2.39454302579906e-11
"Cvel_10817",8.21936037857509,4.42437355927981e-07,8.43302388066249,2.46531430372948e-13
"Cvel_4195",4.35108574796597,2.12422033279029e-13,8.43260675546158,3.28093741049619e-81
"Cvel_8222",2.87441623279136,0.00860278512381941,8.43008694412559,3.9655325651929e-11
"Cvel_11960",4.70202606786007,2.7160051426533e-11,8.42818656916978,7.97112544623835e-32
"Cvel_26912",3.20691668110936,4.0363742264066e-12,8.42487191949239,3.18385744085689e-34
"Cvel_33484",6.97693516493728,1.47985210873955e-09,8.4213034835132,6.32616489600639e-14
"Cvel_1310",3.93785056391085,2.32811456847226e-08,8.41974803932841,8.06737290838256e-34
"Cvel_11341",6.43625584727096,8.61396366639895e-15,8.41941105252923,9.90063348146455e-37
"Cvel_2233",7.48607545845422,8.23483331869836e-08,8.41643837141691,5.3619156902546e-08
"Cvel_15156",8.41625007649114,1.7389307939633e-07,8.18167226166757,1.00324936336281e-08
"Cvel_11026",5.9562687140046,0.000245344690748656,8.41441578064722,1.63743835292104e-08
"Cvel_6896",5.81654090650409,7.11780038725831e-09,8.41335355832044,5.12311331562476e-13
"Cvel_17481",2.84828921775877,6.21259309351564e-05,8.41181753303427,3.22297117861293e-25
"Cvel_18049",6.46683019789112,2.22809079671059e-32,8.4111255490319,1.72625753565199e-121
"Cvel_10486",3.88820010907789,1.00814425060629e-13,8.4092174562238,5.3222895690575e-41
"Cvel_1309",4.24072401158683,2.71559776384019e-10,8.40892418308791,1.12433251822748e-37
"Cvel_21185",3.58302131771075,1.95933217322115e-08,8.40837620586988,6.48216255477938e-13
"Cvel_7607",3.27191085750655,1.43504213307781e-06,8.40827202394666,1.05467185143645e-21
"Cvel_19626",5.32277439012767,1.32409399628942e-12,8.40790182546913,1.20187596046071e-23
"Cvel_22934",2.76436776257989,7.86102065867432e-06,8.40765096133998,6.371780689757e-23
"Cvel_31215",5.39375917869984,1.9903623074333e-17,8.40712914973939,2.21702003953474e-60
"Cvel_27829",3.47875099089652,0.00309077121572699,8.40369917120894,2.22853948557381e-13
"Cvel_3022",7.4618666411187,1.47508816261782e-13,8.4025278794621,2.40491385425396e-10
"Cvel_6963",5.07430835766007,0.000515129068345956,8.39924676987184,8.42534839170269e-09
"Cvel_28387",5.03552157490935,1.89862303087203e-08,8.39881558706815,1.74037465360542e-40
"Cvel_15245",2.12857455684602,0.000222460425138403,8.39869428377344,1.19841451716373e-09
"Cvel_33242",8.02261415878512,7.06453116682834e-08,8.39600439662516,2.53459303098764e-10
"Cvel_23058",6.88136194823265,4.31166953777317e-22,8.39517815989368,4.6214535280356e-38
"Cvel_29034",5.67783292840901,1.34541026531096e-48,8.39351283159059,8.15869299797921e-23
"Cvel_22566",5.24381331783107,9.8256604760512e-11,8.39084037447182,3.39695255774534e-42
"Cvel_6983",7.82073510680568,1.85688111792796e-34,8.39005441577065,3.82773161201503e-30
"Cvel_8542",6.71267629951313,4.59419016694198e-41,8.3889783898531,6.89190455510021e-28
"Cvel_16664",7.58409944078939,4.21564329886086e-87,8.38511504783301,9.37357145294093e-89
"Cvel_106",5.53138380057996,2.9796108462711e-17,8.38496425711468,2.53570340533335e-43
"Cvel_14520",8.27541627714157,1.59961650577423e-75,8.38462231808111,1.27940160992397e-25
"Cvel_6692",5.2326501780281,3.17086975530816e-07,8.38318495990181,4.83541761836718e-11
"Cvel_24600",8.38206222330809,1.76536852711726e-22,7.93969899380369,2.29017019515952e-22
"Cvel_16254",1.8191402791651,0.000952657223584345,8.38184350748735,2.54242138410704e-08
"Cvel_8094",5.44137107965507,4.204768614244e-12,8.38175527824267,5.2978480134728e-22
"Cvel_5419",4.09599668698514,6.60482369981203e-06,8.38160119452219,1.18495429989844e-25
"Cvel_22788",4.81911590094673,1.10430636278962e-26,8.37486040716165,1.68313923240268e-18
"Cvel_13181",3.95432674099469,5.87755113982447e-15,8.37476226516338,1.71548885694351e-81
"Cvel_6408",3.82654731425345,1.51616192936781e-11,8.37437491096004,7.75551510930651e-45
"Cvel_12367",5.6830410833328,3.49666296355564e-23,8.37393012128628,2.37980262540682e-42
"Cvel_24198",6.51504956799693,6.35063299845089e-18,8.37359019912762,3.54529704376716e-33
"Cvel_1996",3.38840578528349,0.000159117211121566,8.37166943744995,6.13313380030131e-13
"Cvel_1276",1.9329039752536,0.00012489845086325,8.37141427319477,7.80693230647143e-22
"Cvel_19917",7.83581534522697,5.61348614770108e-22,8.37140918374724,2.41241162917902e-27
"Cvel_542",7.08895493101563,3.41502105522993e-37,8.3713950908868,1.05245883687065e-33
"Cvel_14178",5.81650459805382,4.55986961422562e-13,8.36922781584691,3.03932459723666e-08
"Cvel_11376",7.2374819076058,8.52809816835923e-37,8.36758644987471,4.08812928533806e-29
"Cvel_12358",5.82297416228316,2.92293821329645e-09,8.36385662823266,9.2744068160066e-60
"Cvel_28832",4.99949396396842,8.49882924898909e-32,8.36335741163527,1.36503342351836e-31
"Cvel_25953",3.69435158315952,3.58135369717363e-07,8.36321403841011,4.1180343488385e-28
"Cvel_10890",5.52504571311885,1.53402442267274e-39,8.36240230923578,8.62037719716131e-63
"Cvel_31985",3.3795169811511,0.00593303872228882,8.36140925677622,2.587589993001e-07
"Cvel_14508",3.14166676488653,1.97171107815534e-05,8.35908181330687,1.95094713824741e-17
"Cvel_36438",7.70103848435057,1.28575366035109e-05,8.3588268878732,2.1294820939642e-09
"Cvel_21291",5.78930846159286,0.000558399273191708,8.35568974194942,1.02091916432301e-06
"Cvel_2788",5.57002951408381,1.86027053605168e-31,8.35488438430638,2.51844020330551e-24
"Cvel_32449",3.43356939681925,0.000352185995897568,8.35484524181512,4.2431562304677e-12
"Cvel_22953",4.5715278268971,3.62525516511061e-08,8.35446211913378,2.42085951480096e-71
"Cvel_7490",8.35344949256789,2.97763650875069e-07,6.85579847746872,9.42790962064732e-05
"Cvel_6658",4.29382575541351,2.13649968780902e-07,8.3514765570345,1.00738979411187e-33
"Cvel_1779",2.71490381664695,0.00205230121007789,8.34916387617106,4.30934963074229e-13
"Cvel_24743",8.14710114683353,5.99622260119388e-79,8.34105711798789,4.69557747639469e-79
"Cvel_16301",3.7802391336802,0.00108996805022191,8.34100304987911,3.91183004388004e-15
"Cvel_27867",7.16829367607031,5.75252400040017e-109,8.33612213312269,1.07165664256177e-137
"Cvel_7795",6.77924406031502,6.97322916537876e-14,8.3357802952373,4.49995028789066e-07
"Cvel_21238",5.62583075117855,2.25958766352275e-18,8.3333439606042,3.31754546732683e-24
"Cvel_20880",3.42940245985105,1.05586205914447e-05,8.33263214715297,1.32187980152407e-32
"Cvel_23572",4.4258975719722,1.00696654705433e-06,8.33180071124304,7.44567326964118e-68
"Cvel_16479",3.02081618635069,0.00356581932344312,8.33057726219222,2.90958333373308e-20
"Cvel_13298",7.59002478776638,5.72131023444251e-42,8.33020342004093,1.99415798559741e-60
"Cvel_11124",2.84761258309877,0.00102071048985702,8.32693564491388,4.01457695768456e-09
"Cvel_6142",2.8747386031877,8.75995937501612e-16,8.32660880026876,5.89464211604063e-41
"Cvel_31482",4.28020418571845,4.90811784303352e-08,8.32239202113672,3.37799685127805e-18
"Cvel_24288",8.31944214976799,2.8975014010503e-09,3.66294242465741,0.00750605313793845
"Cvel_26428",3.06533857342031,2.44197953225957e-08,8.31885352078783,1.43999626748047e-35
"Cvel_17913",8.31615707024675,6.39015377831165e-09,5.41656853767479,2.08290452059303e-08
"Cvel_9137",3.63908502526349,8.55015124177154e-14,8.31505258072549,6.29895831834605e-28
"Cvel_14737",4.66061686868617,3.89155394088061e-09,8.30899432029073,1.02608345185157e-29
"Cvel_11066",6.79394016337462,1.26907885677802e-16,8.30817043392334,2.08260048977639e-14
"Cvel_20497",3.96980489020157,0.0178361732529349,8.30528296322482,2.10654927780638e-07
"Cvel_6985",3.51896433834076,1.45320096766466e-05,8.30493787704804,1.59809485145953e-22
"Cvel_18070",6.17947961741117,0.0166691247319359,8.30483009544035,3.61445867581796e-06
"Cvel_27926",4.03040561541685,1.18574625285673e-47,8.29891411783732,1.80098102628676e-108
"Cvel_22985",2.33196463615975,1.77632887669491e-08,8.29842930993788,3.42552407363617e-20
"Cvel_13883",2.16799057450266,4.28059901738825e-05,8.29691576057488,2.69261697997418e-48
"Cvel_33199",3.21518596563388,1.5674515668876e-14,8.29281299787212,1.0608830108131e-15
"Cvel_6231",5.66703359953686,4.94125342763102e-28,8.291091009716,8.59295291040564e-25
"Cvel_17471",3.25187369480106,1.61491589895768e-05,8.28623679190475,1.34943745571462e-22
"Cvel_34362",3.19076464473146,1.63292181441419e-08,8.28162323403902,3.39797818137595e-29
"Cvel_7456",4.65841184482928,3.96101940465206e-09,8.28089574406406,5.14951974343938e-34
"Cvel_33713",3.06684905369244,4.79312753788228e-09,8.27769147534982,5.10554570452396e-17
"Cvel_27957",6.67493122617501,1.17710349668723e-37,8.27360769228873,1.38837034219408e-46
"Cvel_2353",2.64130461483932,0.0152813579878419,8.27206784855334,1.76894846792148e-31
"Cvel_16110",5.0898532248401,3.43919993184956e-15,8.26772088705121,6.04481556846283e-29
"Cvel_3879",4.34796330118146,5.64084285824724e-23,8.26568403028265,1.93999010252193e-119
"Cvel_1050",6.43141982175568,8.12569532539919e-25,8.25696959339301,3.43124175430466e-19
"Cvel_17631",6.52456025542827,7.26299368945063e-20,8.25528078606914,3.23761657825117e-07
"Cvel_31164",2.77551009500961,0.0244255043395378,8.25245305241044,2.84337815277994e-10
"Cvel_29838",7.35233735381415,5.30522640484625e-20,8.24991784787376,7.13629528848154e-33
"Cvel_25683",7.23780145850641,1.74258704187606e-80,8.24977370756405,1.19081761267376e-72
"Cvel_6785",3.6121709558968,2.45261216230613e-09,8.24941212548985,4.60797854796186e-30
"Cvel_25321",5.59331269752858,1.94595238495412e-25,8.24590441604281,9.96097803663709e-34
"Cvel_11883",4.3815986649976,3.61200896584223e-08,8.24333028877505,1.57748785536062e-23
"Cvel_32281",4.59613960056109,0.000718794816884347,8.24104771401197,4.88482110879124e-07
"Cvel_4766",2.33804413327177,2.19263256264897e-06,8.23846581563414,5.41076455297142e-13
"Cvel_21521",5.23448429220461,6.43410070524029e-60,8.23562733123556,3.7967731830068e-39
"Cvel_24382",5.07744326898727,3.4236579140548e-11,8.23515348638321,3.24111560505962e-45
"Cvel_27322",3.71533577666757,1.33692402921877e-10,8.23479113774753,3.81635184314378e-17
"Cvel_3502",3.68871909675431,1.24076465208258e-05,8.2342512752737,6.22933563085345e-16
"Cvel_5440",3.17296931748883,1.41407099035613e-05,8.23407337074785,2.22724428168214e-08
"Cvel_35642",5.5237935891824,2.64594894054732e-22,8.23260372991364,8.70652784870143e-32
"Cvel_5380",5.99779381037612,1.37881865474615e-05,8.2316767834848,2.27657867766457e-41
"Cvel_4565",4.34992067819809,1.58934503308953e-30,8.23031233479635,3.94460145280058e-83
"Cvel_22669",7.64336497337317,1.97576422081273e-45,8.22904685322565,7.03067323114316e-23
"Cvel_23858",5.02304532939855,1.10269144719431e-08,8.2289335178071,3.96751120922117e-48
"Cvel_30474",8.2285728408595,5.49045199850265e-07,5.37673708027293,0.00121605520378538
"Cvel_16881",6.93940799185013,0.00145298129186698,8.22833069702092,4.21564497468345e-09
"Cvel_36001",5.08817565956441,2.27475631349841e-08,8.22814445182907,3.43485423074344e-09
"Cvel_32012",1.75623462543661,0.0133885630896147,8.22648065236075,5.07841226345902e-09
"Cvel_4957",5.11805191147032,1.92002634264951e-12,8.21981969828962,5.27862440513822e-35
"Cvel_12009",6.75035998552739,9.53086221831036e-38,8.21945348880296,6.98364784721938e-39
"Cvel_14373",5.210012823843,0.00057682451453702,8.21931666580328,1.38043423758904e-08
"Cvel_14568",3.59826353548261,1.97969229292875e-08,8.21921182638068,2.31395152223305e-09
"Cvel_5996",8.15534260330804,1.65208120007572e-22,8.21655041553108,2.26533229776795e-14
"Cvel_10239",2.7391685124905,4.29447408916547e-05,8.21571298174085,6.66705871572755e-15
"Cvel_16429",6.26900317968329,1.58975723483989e-19,8.21404597808624,1.91139895594272e-75
"Cvel_4549",2.7111169644449,3.57803912471397e-07,8.21392805762626,2.79352871749004e-42
"Cvel_8562",4.60417872674371,0.00914051777131584,8.21361403727031,2.92814053808516e-07
"Cvel_20398",3.86564843332606,4.13912575011485e-07,8.20480127515978,9.92119562499192e-19
"Cvel_22215",3.92017435567579,1.36457706097373e-09,8.20406931765804,2.05695585089144e-51
"Cvel_7214",5.36301539093338,4.6520699206509e-05,8.20319164640915,3.8739673020565e-21
"Cvel_3886",3.40873473436204,3.56902708319977e-09,8.19830804549105,2.2232733403585e-69
"Cvel_18462",8.1981861796636,7.84441523569353e-12,7.82082618991223,3.14616595912397e-88
"Cvel_15622",3.25304540809772,0.000417409666882515,8.19552747319865,3.60983746052501e-16
"Cvel_14824",1.36311934019458,0.00336771494217085,8.19539485131026,9.19218717315819e-13
"Cvel_33373",5.83409553479407,5.96277408156927e-11,8.19368386369659,5.37374243853881e-12
"Cvel_6433",6.52723648393857,4.90280150920199e-52,8.18934241032909,1.12535701502844e-20
"Cvel_31854",5.40262998550298,6.34390523222625e-09,8.18793148790273,5.35010855384845e-24
"Cvel_19676",6.12645240846461,1.19508183764588e-14,8.18775322827361,1.24658475647757e-37
"Cvel_24132",3.95280184229962,1.51508639519615e-27,8.18692110098266,2.12552016043591e-21
"Cvel_25312",5.87182011285828,6.97694511999271e-28,8.18537746534943,3.43677638866019e-30
"Cvel_8682",5.41706851401602,1.98726873697468e-08,8.18342950246015,1.21700468188236e-12
"Cvel_11006",3.87381929611002,1.65852146324833e-05,8.18116350526373,2.00901104697067e-24
"Cvel_12477",5.39189316042984,1.22089842263617e-41,8.18013112737004,5.66225515528602e-33
"Cvel_11092",2.13393367554695,1.03358206730563e-06,8.17894447013585,5.9764418855199e-30
"Cvel_14994",5.15558334399938,2.12809263969152e-12,8.17863124886035,1.37334176105964e-33
"Cvel_34419",4.9947930952502,2.04640883083089e-10,8.17784326706575,3.77196921681327e-12
"Cvel_25223",5.00346571857635,1.26974992540966e-16,8.17737249337687,7.45466116388361e-61
"Cvel_7138",4.38083185505955,7.00359741691802e-35,8.17378425663992,9.49691126355746e-66
"Cvel_11677",7.632601607377,4.07417237878556e-05,8.17339103350371,3.90137054178845e-07
"Cvel_17203",7.55119439505177,3.07295497317967e-31,8.16864536525377,4.28892456611149e-35
"Cvel_8237",6.51459122764745,1.56518487339244e-22,8.16706996856319,4.17582690845341e-13
"Cvel_16565",3.04387764380615,9.36985693076341e-11,8.16484090829771,9.67282241967846e-21
"Cvel_11301",2.40427877738045,1.27455439199889e-07,8.16307181825799,1.79106020007748e-98
"Cvel_5163",3.57701409374469,2.39327700266991e-20,8.16239090044272,2.54325601513969e-39
"Cvel_19278",5.84178104551581,3.319835998916e-11,8.16210024164381,3.37269872549135e-09
"Cvel_28889",5.13171053496262,0.00952430311926578,8.16115480516899,5.93786742958209e-06
"Cvel_25255",8.15901497478795,1.00558406960096e-21,8.139620683766,2.41590645153567e-12
"Cvel_30524",5.57918645317817,1.14698054747465e-15,8.15694822327069,3.59196821217595e-32
"Cvel_36601",2.22014033313301,0.0277291616851779,8.1562138763631,3.41673009952863e-07
"Cvel_25151",4.91813000115492,8.8376494380523e-12,8.15487300349581,4.50133982971566e-22
"Cvel_14734",6.2129445567013,1.6635279893442e-18,8.15353057089442,7.61384243638958e-75
"Cvel_13422",7.83679672391086,2.228367855485e-39,8.14936284124487,1.78204202649593e-38
"Cvel_17912",8.14817968987285,5.3272080847645e-19,6.49495334590807,9.48567278855782e-17
"Cvel_827",8.1418566791512,1.99121915903422e-06,5.03965888022788,0.000221721357318524
"Cvel_18042",3.49581394323885,8.4489869193961e-16,8.14174885473181,5.83217709825447e-49
"Cvel_15764",3.20106563225638,5.56717064554288e-13,8.14141488226421,3.75737381093834e-53
"Cvel_15361",3.31798885201322,5.31802321735568e-12,8.14028783387342,2.77991626470802e-40
"Cvel_11719",5.05385409624161,1.92713347670235e-29,8.13958769266496,1.35530437077486e-14
"Cvel_23217",3.01997394802711,0.000706295215743391,8.13542228118305,2.38942174371921e-09
"Cvel_11863",4.98603915110258,9.8692424733947e-22,8.13062198534874,7.87840473078026e-25
"Cvel_10343",4.49342043923586,2.74270587391127e-14,8.12730419204924,1.09688874316587e-75
"Cvel_22206",1.32633505198427,0.0242284797989223,8.12716615985354,1.36766581156746e-28
"Cvel_11411",5.01875377805027,2.76703981633826e-14,8.12301601768726,9.38160308805117e-36
"Cvel_1634",7.04577150126634,9.15086362915264e-31,8.12066390295466,2.73915427462405e-34
"Cvel_11525",5.96933767562317,3.51592103972123e-32,8.12032093469112,2.92637030828035e-24
"Cvel_9711",7.21611310553329,3.44893501533323e-95,8.11588462894614,1.77933714161896e-74
"Cvel_18633",4.77076689937232,1.40073798916845e-06,8.11582663450374,1.51045239902817e-22
"Cvel_5478",4.16694470605075,3.02357951212852e-06,8.11475723722953,2.31816379121748e-41
"Cvel_23740",3.92545483767071,8.71251347238715e-25,8.11230994912726,2.88992208590983e-35
"Cvel_28772",7.68699103437956,7.82712276889731e-25,8.10956208896008,3.28776154342719e-32
"Cvel_21735",5.47752528861191,9.38960549978241e-30,8.10828920632295,1.1658964930021e-19
"Cvel_26655",5.86490786716908,1.80229819037332e-35,8.10818869613042,1.21348461510109e-25
"Cvel_14087",5.38287939131087,1.92567674543401e-16,8.10778201279226,9.43364503753051e-50
"Cvel_2996",4.72162372236383,8.45620908502012e-16,8.10769623707125,4.99211787040454e-52
"Cvel_10656",3.98365750910057,2.4514250428265e-12,8.10586595689649,5.95706085771576e-13
"Cvel_3550",4.62686101455055,2.10634901918804e-08,8.10518470339773,3.65113952665557e-55
"Cvel_13958",5.0045443469169,1.50204830547239e-06,8.10071516986525,4.77783946252411e-10
"Cvel_8641",8.01984446713499,5.98634239999004e-54,8.09682629169119,5.80316067730724e-42
"Cvel_26081",8.09644628351278,2.71503329940608e-11,4.3164336212726,6.62306919077595e-07
"Cvel_2774",8.09362333125029,9.44795092315903e-18,6.925991115953,4.22365600063884e-37
"Cvel_33040",4.12208352695255,7.69019297783491e-08,8.09355062431773,2.48776572613444e-68
"Cvel_5347",2.976937865836,0.000316493382229926,8.0934561058618,3.1218764454667e-16
"Cvel_13821",8.08775496420147,6.88437514140584e-05,7.05950903843843,1.32548957786694e-05
"Cvel_20779",2.63324359859314,0.00204055390506697,8.08610050497801,7.26351556045308e-08
"Cvel_7813",8.08603353738704,1.554376420812e-59,5.88925332337445,2.72935890376884e-33
"Cvel_4935",3.39551596807859,0.0152023799507085,8.08291237557651,2.15200771200684e-14
"Cvel_16548",5.17306170041013,4.73896966943566e-16,8.0823353439853,6.70952369213285e-36
"Cvel_35356",3.42660870920455,2.15476549819351e-09,8.08054728891747,9.53165106054633e-23
"Cvel_13173",3.48117647312019,0.0293031195121123,8.07874582489531,6.82268845242551e-07
"Cvel_11942",5.88765516192207,7.55325808118054e-20,8.07863791354474,1.0616071180593e-76
"Cvel_35448",7.62869777701512,7.97317415358098e-14,8.0767961174982,1.3329001460399e-18
"Cvel_19592",4.40077107270436,1.58840585773961e-14,8.07066724632766,1.16215028176568e-15
"Cvel_7050",7.40406347847052,1.69279389594341e-43,8.06002043802061,6.68432486133388e-16
"Cvel_7211",6.16769703455102,5.67878278444076e-38,8.05926476408186,1.99941163593353e-42
"Cvel_21059",6.3614196467245,3.6667351437666e-39,8.05892159843103,1.73141141004147e-134
"Cvel_13179",4.47172591330162,2.32153507201291e-08,8.05760442694941,2.39569432992946e-21
"Cvel_24720",5.16798390260481,1.68268160725207e-12,8.05720749986489,1.82952841718426e-27
"Cvel_22384",3.39578537666854,2.38254890700729e-07,8.05624832570201,6.72080154779402e-18
"Cvel_13764",4.96439917639211,3.37531677095795e-19,8.05327931749594,1.72632971184573e-18
"Cvel_10357",5.26890057074963,6.54639166704723e-15,8.05325734392923,4.05764068503033e-31
"Cvel_14543",4.56555542306494,1.56417842888698e-18,8.05321387598639,9.48654706529493e-12
"Cvel_20765",8.05320112219549,3.42907632496114e-11,5.75574075232471,2.73635301115834e-16
"Cvel_28588",4.98672134146797,2.00428000191398e-27,8.05313477084719,9.2176460789857e-29
"Cvel_23529",8.04841101516244,5.00455254713857e-27,7.82896561440096,1.84472501926108e-20
"Cvel_16654",2.615815977784,0.00304673074205475,8.04648181115524,3.50558326018106e-21
"Cvel_15299",4.85226705223833,6.03056787483998e-08,8.04530193029406,1.03623331538828e-28
"Cvel_10615",5.65684092504922,1.62452452260099e-15,8.04394248595488,1.78577003550857e-23
"Cvel_10747",7.19363005198234,6.98110272078874e-134,8.04092070719948,1.48538013019433e-43
"Cvel_12798",4.13234478708356,9.36278988568736e-12,8.03879058637576,4.68053123881248e-20
"Cvel_18513",8.03748225657395,2.543495183755e-56,7.64802312586281,7.78642826299784e-40
"Cvel_13182",5.65535124315567,6.30832221214735e-12,8.03220828807739,1.57826361812503e-16
"Cvel_15689",2.52148021838307,2.05971355189562e-09,8.02984691379029,1.22291998665445e-40
"Cvel_27503",4.2748161328825,0.000585803450635311,8.02867880006174,1.9414522955466e-21
"Cvel_11593",4.82812452318877,2.91984849607038e-08,8.02850957632291,1.69838497446178e-17
"Cvel_13666",7.06017771586593,2.38657380212294e-40,8.02438476868325,3.29360390159114e-19
"Cvel_21628",6.25013236343507,7.04205486624058e-22,8.02339508253492,1.0595695906671e-82
"Cvel_4285",2.77543172421772,0.000175187903846017,8.02178438136812,3.99718055146689e-20
"Cvel_5630",1.99037634789666,0.000879827415473508,8.0217831314415,3.72496114775883e-13
"Cvel_10763",7.50593602060965,1.04794705737721e-55,8.02142022261934,2.15796468150102e-61
"Cvel_12273",6.70183757993212,5.90502627646908e-44,8.02087394607287,1.50676325627314e-14
"Cvel_27865",4.62527938125393,1.01045508075907e-08,8.01997417512458,1.30776906222354e-26
"Cvel_11179",5.16253334380878,0.000926458692783367,8.01920727108377,6.23471948342183e-09
"Cvel_13686",2.818720855143,2.08933115358114e-05,8.01826738544551,5.29423038369961e-20
"Cvel_33491",4.63487225043293,7.84570963771575e-05,8.01632027857918,2.07121781284254e-08
"Cvel_17939",2.6892491939331,8.5850552580699e-07,8.01502319573712,1.38246808098156e-17
"Cvel_2618",7.60770520495567,1.47428532858986e-16,8.01429723476735,1.0754253605674e-16
"Cvel_2604",5.63404068939438,3.36665837470959e-20,8.01326353089102,6.07694966851128e-70
"Cvel_32253",7.19082487306304,4.58720379449771e-40,8.0110063401335,4.87236114599804e-40
"Cvel_28186",7.30089487403037,0.000251949525646484,8.01069372729595,3.30340719424587e-06
"Cvel_12046",5.21365217297524,2.84417331098459e-14,8.00927574529495,1.14023610621206e-59
"Cvel_8686",8.00853430770849,3.77387576683294e-06,7.20380477646778,1.94036185603435e-08
"Cvel_13064",6.12294436781692,7.25758897006207e-48,8.00808781428482,8.17109458294531e-28
"Cvel_2102",3.1054549766739,3.47526000111939e-06,8.00610606724857,1.31985189582606e-20
"Cvel_3200",4.70950953985177,3.68767754104066e-12,8.00214462411845,7.03122657037631e-22
"Cvel_7055",4.6763934101552,0.000254015501575904,8.00198806418255,3.46981213110107e-10
"Cvel_13544",6.14550585491379,1.2450656604932e-17,8.00147696498922,5.31895959520199e-18
"Cvel_33095",6.55935314466016,4.70673366430342e-46,7.99972093644165,2.27350560709877e-31
"Cvel_21324",5.27412548668288,4.36988800729626e-22,7.99729349745827,2.54113221063075e-43
"Cvel_19212",7.3042743640841,1.12153259341639e-182,7.99674262904785,4.70850764234147e-150
"Cvel_14325",4.17240819283984,3.81009878393029e-12,7.99644476251327,1.70363501353021e-19
"Cvel_6952",7.94893330478016,4.82212411423564e-73,7.99552901556274,8.94493349319888e-38
"Cvel_3693",4.22540898247759,1.85620959238358e-12,7.99036508874105,3.80520307550085e-24
"Cvel_21660",5.84849385440859,2.72086279482677e-23,7.98986290597206,1.37421943725942e-85
"Cvel_21764",1.09058089527268,0.0329651074480128,7.98981738097355,8.10464847981162e-35
"Cvel_8339",5.04137657534831,5.33421299760284e-23,7.98808584120953,2.14704930057611e-50
"Cvel_28773",7.98782509418937,8.82322654872924e-29,7.70321220095901,6.8118671764432e-13
"Cvel_24448",4.57017523841615,2.32686411480897e-05,7.98595091980955,2.87774451902965e-08
"Cvel_16747",4.70496870310719,1.0160105444484e-05,7.98560173851632,1.25029832787045e-18
"Cvel_13778",2.62830684423204,0.00115997518846468,7.9844474751435,8.70326075920489e-41
"Cvel_17489",7.86759109864383,7.21478897498046e-06,7.98412878088366,4.73120669057601e-07
"Cvel_2208",4.19873903883121,6.28954383961609e-07,7.98257785953541,3.3279052510507e-16
"Cvel_3758",3.59923325994897,4.98849990164264e-09,7.97807779226722,7.00686841257617e-76
"Cvel_34997",4.05223552848388,8.77085194779167e-09,7.9777464179167,8.53805359589959e-12
"Cvel_15207",3.67743450790635,1.86081870537191e-14,7.97703655866839,5.88838315982582e-101
"Cvel_9055",5.59629072292068,2.05851999902222e-51,7.97630488742221,1.39263819595041e-47
"Cvel_15553",7.97516184872825,8.40351333492613e-37,6.98692759432242,1.00903382770166e-29
"Cvel_30306",3.37531985960959,1.10108898257874e-06,7.97474095879316,1.38093671276565e-43
"Cvel_10891",2.24178266738083,1.11664282182553e-08,7.97432237710657,2.86807859248019e-65
"Cvel_26861",1.59299379222269,0.00393921369844499,7.96895837281226,1.63020051040714e-12
"Cvel_11164",6.79584535871189,2.82969279008463e-36,7.96733033660915,2.31561515446898e-24
"Cvel_8016",4.62815047268265,2.72146083971791e-11,7.96621057626761,2.47699685552438e-26
"Cvel_15427",5.03727660314202,3.81860021424467e-38,7.96217845751819,5.79301620672519e-43
"Cvel_9522",4.55575715318965,0.000242025361550258,7.96196253134034,1.1596713833408e-07
"Cvel_15934",4.02570466935475,0.00199678267498593,7.96164724179948,1.71119329248322e-33
"Cvel_15510",4.97391426864167,4.91342881270752e-07,7.96116062420723,3.03738331357324e-17
"Cvel_4272",2.20450204803841,3.91231968270759e-08,7.96018958244648,1.64790165315355e-102
"Cvel_5195",5.58972264194815,1.37125943556875e-10,7.95717984094476,4.15886384172784e-38
"Cvel_18964",2.27796064439961,0.040029493472389,7.95404445415234,1.16881840491034e-12
"Cvel_23936",3.78605522327517,3.72490429153983e-14,7.9496468345731,1.30551169628641e-22
"Cvel_34265",4.8549838645983,1.95813260442957e-11,7.94870336155669,1.60916772302985e-19
"Cvel_19452",5.60285762702821,1.44812848776951e-33,7.9484240795922,4.03862717645275e-43
"Cvel_7217",2.78600825073042,5.92967674943734e-12,7.94790942172038,1.8887436540868e-27
"Cvel_16178",1.71978935417121,3.39866741872296e-09,7.94620146098185,7.67543595795785e-73
"Cvel_8374",6.04851143604738,1.28745786442277e-09,7.94428708290045,3.48100662397273e-09
"Cvel_20870",2.79758054549325,0.00308419658858205,7.93899631240085,4.04767842202641e-17
"Cvel_12376",3.05053896970609,6.79234769489141e-13,7.93899023970197,1.08776104419515e-22
"Cvel_16421",5.43165651707345,1.04301057198972e-48,7.93663951526203,4.68530566816094e-48
"Cvel_28114",3.12338041670361,0.0454774405539751,7.93656557391726,7.3944569652695e-10
"Cvel_187",3.41571088705708,2.36143340914364e-06,7.93557222874837,1.31107011632446e-24
"Cvel_3504",4.1189083135308,8.49945610673781e-09,7.93513917659138,3.67507608935852e-10
"Cvel_25141",6.91135451370442,4.33507709218455e-78,7.93415604524411,2.56739749885419e-109
"Cvel_16212",7.93095568420087,0.000141806972004115,7.32604184402691,4.55707068473783e-06
"Cvel_8176",2.77612221476666,1.850882382714e-09,7.93010271470061,9.12309864775359e-31
"Cvel_1974",3.45906442332443,1.0378594521578e-05,7.92781028617226,6.30997510060115e-23
"Cvel_23421",4.67125727669589,6.37692996662157e-29,7.92414809129953,4.46198651796862e-12
"Cvel_15136",7.92318176897526,2.62642577579927e-61,7.76652554954041,3.57169750923167e-23
"Cvel_8811",4.76758838206633,6.0543944231821e-10,7.92242709841053,7.15592120782421e-39
"Cvel_6986",2.5936823575865,0.0241979491458,7.92136561060287,5.0580587840701e-14
"Cvel_16751",6.86437967848916,4.73958426400285e-10,7.91890443933225,4.32835647010658e-11
"Cvel_12569",7.9186323624956,2.83785803591158e-87,7.50171286535031,1.28938185720706e-41
"Cvel_16972",6.72768593887959,1.51970079099744e-28,7.91630199947084,1.25466217044174e-37
"Cvel_25273",5.64412457377973,9.4579071138144e-06,7.91083772258896,1.1362280443023e-30
"Cvel_8732",2.44583223895371,7.82032664853608e-14,7.90636454634864,2.53561574023775e-113
"Cvel_13983",6.20604787575014,3.77570883680749e-07,7.90508667415271,2.01408984636232e-07
"Cvel_4371",7.33074844033,2.19192607830534e-41,7.90489904086987,4.97741498772989e-15
"Cvel_28978",5.67276150500509,5.27775072739499e-47,7.90075940997491,1.42777285056154e-59
"Cvel_9410",5.18768511969398,4.70928254262764e-13,7.89984778823552,6.4545003631133e-62
"Cvel_9555",7.71424012913009,5.33049813925725e-92,7.89940289949379,1.87957269384893e-107
"Cvel_17424",1.32939320632874,0.00658141188218645,7.8966202410272,2.55545312593e-15
"Cvel_10798",6.36928577325028,1.61867894114121e-27,7.89659247348569,1.50974544011214e-16
"Cvel_27026",5.93327689169572,1.11584489249258e-54,7.89330337668157,1.27212638519804e-26
"Cvel_7285",5.04131413026163,1.63031670091537e-24,7.89204106863786,2.18201365929005e-21
"Cvel_8446",4.79126344424448,5.50028106089398e-08,7.89148884549959,2.0210140615995e-39
"Cvel_25700",7.89045329978685,1.47978700789453e-117,6.91726292447715,2.17240415857565e-67
"Cvel_14589",5.57220785300548,5.56187316954538e-18,7.88970082445075,2.56694490528182e-34
"Cvel_28921",4.44031662398595,6.69228690686558e-05,7.88530653776396,8.8357052805467e-11
"Cvel_29846",5.18425776626474,5.10898077999588e-24,7.8843767186555,1.20817002805067e-06
"Cvel_12705",3.0570237820151,0.000226307673701112,7.88247060796333,2.44295362793772e-16
"Cvel_13820",4.62101370776024,1.47685070857543e-36,7.88179663039568,8.89671957359069e-106
"Cvel_22448",2.05953818660754,0.00430579408385892,7.88177906185984,2.14348078875978e-09
"Cvel_18756",5.1772477797974,6.58248069751665e-35,7.87985776172506,2.3665092554065e-18
"Cvel_6670",5.06745640433102,1.66183642868116e-14,7.87645819201407,2.49802062961315e-40
"Cvel_8341",2.54447713200381,6.71551860289472e-06,7.87633824033887,2.35043380111549e-32
"Cvel_14542",7.87619355933912,1.69694164159778e-23,5.6988106429857,2.70784337146995e-17
"Cvel_16130",5.78682807055257,5.60949404115037e-11,7.875374547598,1.63762062295221e-26
"Cvel_26199",7.8748418977044,3.98406737066229e-06,6.91908669782003,1.14149760631836e-08
"Cvel_7403",1.46506227532308,0.00621924887665861,7.87289903443512,4.32357480967417e-30
"Cvel_22946",6.03332524611352,1.14777145170919e-22,7.8706265820097,3.71002251125602e-129
"Cvel_23111",5.08198264255556,2.76903158460218e-08,7.87000097186305,3.88705212528093e-37
"Cvel_21390",4.69668136939423,3.18219582501101e-11,7.86872475225971,1.63657806047054e-16
"Cvel_14345",5.86779624333,0.000209890057193969,7.86813189919969,1.34430028101449e-29
"Cvel_13535",4.28458022442267,1.50321253010378e-16,7.86694047164711,2.15648005612633e-39
"Cvel_13226",4.31421409184937,0.0179525484629018,7.86515500002573,1.75110433276798e-38
"Cvel_28968",3.55337059535901,1.73012081308987e-07,7.86461317235643,3.26635085685157e-11
"Cvel_20177",5.16000440173217,7.68970583408774e-10,7.86380109575376,2.11940720991987e-18
"Cvel_20197",4.80065662502995,2.70222098183142e-16,7.86210947339761,4.05384434807352e-31
"Cvel_10737",5.319041668253,9.07563626857212e-38,7.86166454490624,1.772692276434e-36
"Cvel_34289",5.21254469884554,4.05367302396398e-15,7.8614838088085,4.75805836767727e-25
"Cvel_14545",3.5926992031527,1.40719257209942e-19,7.86142072261134,3.3104918349289e-49
"Cvel_20922",5.90411478050457,1.12271847234479e-24,7.860193079138,4.68699100831674e-25
"Cvel_19462",2.74453005376028,0.00307864304772483,7.85988946040178,3.20351364865721e-14
"Cvel_16397",5.83655438267217,3.30459433143852e-09,7.85982993456984,1.4576590490612e-20
"Cvel_23814",5.4161493227304,6.12593405654913e-21,7.85577993165529,3.33212063926443e-35
"Cvel_2684",3.90842635584207,3.34591868691353e-14,7.85489181509035,1.77990141906138e-23
"Cvel_5281",7.85472975744759,3.01453973021056e-66,7.68750070988645,6.08280439885656e-69
"Cvel_1382",6.2160521326004,1.69046677997678e-55,7.85448263053145,6.55016291676439e-45
"Cvel_22321",7.20754533608736,3.66933274360432e-23,7.85285221747028,8.8916096855945e-27
"Cvel_8338",4.2325154877652,4.1507924778294e-07,7.8520653475871,4.25169706153192e-15
"Cvel_5289",2.87865694564026,0.000113686555239648,7.85180517200505,3.35133584879057e-41
"Cvel_27191",3.14204777438935,2.59687713512081e-08,7.84919824164574,1.59777320862014e-31
"Cvel_18369",5.51146315709293,7.4573373061872e-16,7.84730749667958,4.4522222811519e-35
"Cvel_12692",4.24220246547236,8.39745380812866e-06,7.8456277174383,1.28352417325728e-19
"Cvel_17385",4.91720703131802,1.15065664326244e-13,7.84468421290839,3.87375584642788e-35
"Cvel_8260",4.27523147897252,1.27183444534606e-08,7.84363542519399,1.40473601274896e-63
"Cvel_12682",5.54248206742372,4.43874273255745e-23,7.84342995286236,1.46579327424246e-63
"Cvel_19305",3.97330079112315,4.04924826483379e-06,7.84260933953174,3.4226377450726e-20
"Cvel_1770",5.4905108784786,3.28598784593395e-15,7.84082071859448,1.8780318830659e-57
"Cvel_3514",4.73317950188658,1.64536215634183e-12,7.83637606336382,8.44674684534772e-16
"Cvel_1474",3.0673362330619,3.77687795448887e-08,7.83592448422312,8.07656368900799e-08
"Cvel_16071",2.9411127834456,3.48790590376787e-07,7.83563653641313,2.72592683835078e-33
"Cvel_18751",1.60895394580522,0.0206018707686871,7.834579087315,1.62725131786263e-17
"Cvel_9285",5.23193700342094,1.20909921751854e-14,7.83292288138001,3.77030832079634e-17
"Cvel_20909",7.37448913201137,3.8910824473377e-38,7.83225622361162,5.79749601286286e-33
"Cvel_2152",7.59163923019125,4.42615421654695e-60,7.82994097432114,4.17938394948786e-45
"Cvel_3551",4.64501763648043,1.91169649770856e-06,7.82685805613209,1.08009860768006e-23
"Cvel_13809",2.22735326330929,2.35201649407904e-05,7.82283286000632,4.85703610642844e-34
"Cvel_18000",7.81930552373977,2.42674811248787e-10,6.9306779722209,4.71772281716865e-23
"Cvel_15334",7.81925239163894,1.31594597690799e-97,6.33726369809147,2.97100750934027e-47
"Cvel_23334",7.12878372960007,3.5593356781977e-53,7.81787069712791,1.51690324536327e-84
"Cvel_7247",5.53243266886394,3.87556681111234e-18,7.81770916366853,4.23241668490947e-15
"Cvel_6928",6.63829982148676,4.23357876441866e-11,7.81307154995752,9.76650159090101e-14
"Cvel_30984",6.82822277409419,2.04851410424698e-72,7.80960314160181,5.18611230349447e-54
"Cvel_22510",2.79977414187944,1.23291718039471e-09,7.8084352651612,3.56287974453527e-52
"Cvel_3378",7.1198047313226,3.50543716544341e-32,7.80788835854298,7.08583777797187e-33
"Cvel_32201",6.70945879409325,1.28984682113236e-09,7.80589330375328,2.22329575733094e-11
"Cvel_2385",7.80496962329668,2.07906446271957e-27,7.80566875508448,7.54005141043492e-29
"Cvel_12017",7.80358804719897,5.3383978171875e-16,6.2439228046239,1.08618219138752e-08
"Cvel_1004",3.78041131748353,3.57563369089997e-07,7.80304433668763,3.44523720954713e-20
"Cvel_27468",7.43548504696493,1.34866465050257e-88,7.79882578548131,2.09662630677932e-41
"Cvel_23133",6.70253407047452,2.51145097665141e-10,7.79812557670569,2.08223482279161e-17
"Cvel_3015",1.59943953686842,0.00193171563905448,7.79400133772461,8.43995609424023e-16
"Cvel_5766",4.52323862290025,5.6589995566939e-13,7.79261552805399,4.76115645623713e-21
"Cvel_8795",6.7261190396122,1.34641163306276e-41,7.79249692595705,1.57933645492842e-21
"Cvel_26337",4.09448055471067,7.38839385690956e-09,7.79047501805645,2.05277817623938e-20
"Cvel_16078",4.4444793157321,0.00475142418109035,7.78839044352411,3.83344247336647e-06
"Cvel_24589",4.81094674594783,1.77422200734436e-10,7.78612211954268,1.49163013416333e-24
"Cvel_27816",6.5726094051219,2.1581757957963e-35,7.78579805190184,1.11866807620641e-71
"Cvel_22977",6.05945600710373,4.4030854576264e-32,7.78376828593803,8.17782371106835e-19
"Cvel_9442",3.29734847993374,8.8303487375249e-10,7.78317886860979,4.49235051442123e-47
"Cvel_11737",6.54180009981376,2.39396200030314e-58,7.7816938742308,1.03903801813439e-70
"Cvel_33375",7.07254687550706,6.05141610762071e-12,7.78120251693491,1.32045033722649e-11
"Cvel_23901",6.03132443363957,1.4489815969895e-15,7.78005444773703,1.50567725164977e-32
"Cvel_35298",4.52764970984284,0.000528093402007772,7.77962191582111,1.2777684412411e-15
"Cvel_9475",5.74312687706929,6.64848990931177e-35,7.77951425178087,7.82419520024213e-47
"Cvel_20366",4.41129845827296,1.16725957558236e-13,7.77344635170326,8.8110437151421e-32
"Cvel_19745",3.31006076694177,0.000958538627156399,7.77221841472805,4.826868692081e-15
"Cvel_11068",2.94581193781207,2.45776678602805e-14,7.77149163824976,2.44779004972786e-67
"Cvel_6487",4.97184676615626,8.3848474049685e-17,7.76880946812706,1.58384950696796e-43
"Cvel_1465",1.49740726500355,5.89052396757477e-06,7.76842624514902,1.4901643878575e-27
"Cvel_21736",4.82984865731532,2.51650726513641e-10,7.76801804381337,3.45861616045203e-51
"Cvel_21609",1.64544032281988,0.000925932244314012,7.76543599190445,2.37220771868917e-11
"Cvel_17559",7.391920192533,5.53629296744803e-103,7.76541056263483,2.49611992797757e-23
"Cvel_19293",5.72626768125771,1.38085630318831e-37,7.76193585634254,7.46396553367349e-22
"Cvel_13409",4.97216559713007,9.55108363113955e-20,7.76091415110015,4.8360426764908e-25
"Cvel_20252",5.16955066357877,1.06757787253865e-11,7.76073507626076,2.00355426383183e-38
"Cvel_23776",4.85527591568199,1.04344059326411e-23,7.75872178045419,1.77080375208315e-159
"Cvel_17797",6.89027177516398,3.93359583727295e-66,7.75678902659567,4.70336272245289e-45
"Cvel_34843",7.75678820857339,4.11527709547004e-37,6.96014816003629,1.16512915639868e-14
"Cvel_2150",3.83118166327247,1.14704626537942e-31,7.7542149946663,9.31755409599432e-28
"Cvel_1250",2.48180199881215,0.000101230909755771,7.7536739303078,7.61006670349495e-16
"Cvel_23636",3.71125689750334,2.37317762881416e-05,7.75338543849264,1.43003412241219e-15
"Cvel_19948",5.55145177009107,1.07728520977304e-25,7.74934730568072,2.97368376969571e-38
"Cvel_23762",6.86439772174615,2.7381365560975e-15,7.74908260481029,1.27687658846147e-34
"Cvel_7832",1.66132781913031,0.0141298794543194,7.74745691977821,2.3275071654393e-28
"Cvel_2041",6.96359939095643,1.02132421752623e-28,7.74703532812914,2.86188360220772e-37
"Cvel_23521",7.50407739907233,6.99640378883853e-31,7.74651122517135,1.80767294050083e-23
"Cvel_11728",3.28592794943844,0.048513522098308,7.74625297777339,5.47353292132604e-07
"Cvel_26376",5.80243401564976,1.27192399676551e-23,7.74461326689884,3.8858356114017e-17
"Cvel_10748",5.2003540527182,9.28314610329606e-21,7.74413239179682,1.6178720942035e-34
"Cvel_1917",3.63583871296133,0.00285553918254681,7.74314635718628,7.86539849717524e-08
"Cvel_23215",3.38289279136928,0.00904691349684746,7.74085700775093,0.000787498384631512
"Cvel_28835",7.12658965180219,2.6964794670282e-80,7.7377554416362,7.0579831003247e-56
"Cvel_13531",7.47593634019617,4.45582613649249e-157,7.73655828312369,3.62627445030388e-92
"Cvel_13664",4.23316944748749,0.0114212934156,7.73271545450376,3.60338789869178e-10
"Cvel_27074",5.30375827271371,0.000154411797923466,7.73245520840069,5.356897745878e-09
"Cvel_6131",4.77528782662945,6.97510839246705e-28,7.73122937416401,6.4298634484879e-87
"Cvel_18862",2.36528105736308,0.000294635482683743,7.72927157126336,2.44087681763627e-18
"Cvel_3009",3.51114271414623,4.86257083538932e-16,7.72926511642814,5.82368821127048e-42
"Cvel_23761",6.0106109026121,5.36092970403335e-30,7.7291139789103,1.51926529639714e-74
"Cvel_7857",4.20596763133987,6.26743908717277e-10,7.72450079396432,1.20473893428888e-29
"Cvel_27518",2.77432483265905,1.16136200938798e-05,7.72440855123214,2.47267313845166e-31
"Cvel_8394",6.89441205440408,8.53318371707149e-48,7.72356938318263,9.45066540175862e-32
"Cvel_24462",2.88257530625089,6.70630964251451e-10,7.72344604913413,7.40089282225321e-27
"Cvel_13981",5.08869826844997,2.20874438755375e-07,7.72337398099197,1.90715841637212e-08
"Cvel_12667",5.37961775070966,2.32267153692149e-06,7.72297667939309,1.3632645051524e-119
"Cvel_13633",3.64977764773528,5.31508179911116e-08,7.71986166837457,8.96139754655395e-16
"Cvel_27732",6.94885272555409,5.10973623571739e-19,7.71522142330831,1.93678704957092e-35
"Cvel_14016",5.74277927564104,1.77643252210464e-16,7.71105964745704,7.05972247168167e-20
"Cvel_19422",2.74521969834396,0.00787679345452247,7.70947578859908,0.000598064036872306
"Cvel_18247",5.45863076384521,4.89190528580093e-31,7.70930183009417,1.54925352867321e-14
"Cvel_808",6.2325795097711,1.25595813078387e-16,7.70702543617703,5.11045771012711e-21
"Cvel_23213",2.77637374210567,1.00228174538898e-05,7.70643858285407,8.38444450568296e-19
"Cvel_35015",2.39910829843447,7.31469731961662e-10,7.70597472769676,1.75203243435507e-36
"Cvel_1766",3.77581599270145,4.49124317535742e-12,7.70369281223263,3.12957579796609e-20
"Cvel_18736",7.028757772023,6.03460952074305e-36,7.70369139930132,4.40728234711902e-31
"Cvel_18224",2.87114668481144,3.19983844106058e-05,7.7036835318259,2.28308945645956e-21
"Cvel_4290",4.56959574541652,1.08927526739658e-14,7.70131536964216,3.22945615022283e-30
"Cvel_14823",4.05720216354202,3.56887988116574e-21,7.70105877524224,3.88253817396323e-39
"Cvel_5374",5.46327130692127,6.45444306244179e-25,7.70014729305204,5.69110365710825e-64
"Cvel_15826",5.33950814048443,5.72478390233728e-23,7.69951482546648,3.8144422325369e-48
"Cvel_30332",7.69849390013579,1.4652141947963e-05,4.53228801513871,0.006902448416117
"Cvel_2737",6.00943589222422,6.56565435870858e-28,7.69632224246435,7.02029949874445e-70
"Cvel_1706",5.5783415789363,6.54324656546991e-22,7.69477176272961,9.49928898780411e-33
"Cvel_31590",5.75763225215909,3.2341171241608e-07,7.69185252522268,1.33942529157129e-06
"Cvel_877",5.99709023055607,1.19190027469512e-31,7.6913489138416,1.18515064457386e-61
"Cvel_23794",7.14996355370145,1.34620671031719e-58,7.69064459581524,6.4802345680069e-18
"Cvel_18856",7.68988240943308,5.80281398011114e-69,7.60308844091018,3.92238493375559e-64
"Cvel_7796",5.8602969167555,9.65352359380989e-07,7.6898689965452,3.68284336856974e-06
"Cvel_18998",2.38978268064647,1.29435301942128e-05,7.68938526431797,3.50589570638772e-08
"Cvel_32918",5.15966968159869,1.20396105941968e-14,7.68853760718913,1.79926335225258e-31
"Cvel_17669",6.61148282119976,2.41014278170727e-87,7.68844677785659,1.00333453157726e-23
"Cvel_19233",2.23319548098531,5.90230886055119e-24,7.68569653511579,9.24334622337489e-54
"Cvel_9415",7.6848806568482,2.55974950863649e-09,6.21945075721511,3.03373656648719e-11
"Cvel_9035",4.56161879635211,2.318252544733e-23,7.67933369784929,1.56692837431757e-91
"Cvel_15131",4.19194333709418,1.12874450464527e-08,7.67778483497721,8.10184499920362e-13
"Cvel_20521",5.67171633716107,6.64573961045543e-38,7.67774673622356,3.89271669655966e-29
"Cvel_10194",5.2900558309943,1.05155715355712e-07,7.6775489428448,4.11576027413173e-27
"Cvel_6513",6.44426885597374,3.2455578130167e-39,7.67492650880444,7.94161445609804e-22
"Cvel_26754",7.67363853741343,1.61535308209596e-87,7.0123169153099,1.01015744780253e-35
"Cvel_29284",4.82756349496557,4.50141787926878e-41,7.67159504977282,8.16918169236968e-84
"Cvel_6316",5.95835016102264,4.88958648624894e-12,7.6715421290791,5.53409924480235e-14
"Cvel_8522",5.50889427823554,1.3582424302597e-29,7.67021509098026,5.96047147491728e-34
"Cvel_10245",2.96831201136848,6.24579251954331e-07,7.66876504715402,1.75992593663028e-21
"Cvel_24614",2.64151341326155,0.00980869908080961,7.66621425493082,2.96760161306286e-32
"Cvel_10283",7.66442137699629,4.08103136461227e-78,5.69271955945248,5.37425765795924e-66
"Cvel_18320",6.52929923419317,1.33833104839416e-28,7.66086460204818,4.38488416279591e-23
"Cvel_20990",2.5150004462096,0.000473024580547396,7.66079890871508,3.97868081585329e-26
"Cvel_14017",2.1625724002261,6.31151425219556e-08,7.6601189557868,8.36803818947914e-38
"Cvel_9998",6.89967831619322,1.26354833971305e-32,7.65671974763583,3.63784871266837e-32
"Cvel_22156",5.23945928478007,2.92494375610882e-28,7.65623821516759,6.28803438469603e-15
"Cvel_18364",4.70582725880649,1.53954998535826e-10,7.6526794297189,1.79513220604103e-21
"Cvel_7974",3.59785396319104,4.88549304433564e-14,7.65161385508234,2.89257866095908e-53
"Cvel_11263",4.38241842344899,1.88755845093263e-20,7.65143163125902,2.71375352440813e-13
"Cvel_23083",6.31192675702435,1.71805840170851e-31,7.65009512701044,5.52662530847997e-36
"Cvel_21866",3.87719699815259,6.19789071568928e-07,7.64970831193585,1.69649702344211e-41
"Cvel_8931",2.01248840578056,1.00083439828769e-05,7.64900877331457,1.69477046669228e-22
"Cvel_17062",7.22976101456001,6.99767894862352e-79,7.64777619144314,3.77045380726168e-58
"Cvel_23927",7.34200469562951,2.09366013234651e-08,7.64659847035291,8.61883160165214e-09
"Cvel_19412",6.79001791316433,4.57637792088414e-26,7.64624359437138,5.04119573616782e-26
"Cvel_1219",5.82626741133273,2.91218625596745e-06,7.64530353948079,4.39794392407755e-10
"Cvel_19232",5.93345111439356,1.00708687187718e-64,7.64373724270777,1.9958162530124e-22
"Cvel_4606",5.15429293729685,2.03323675726987e-12,7.6426305390373,1.21348461510109e-25
"Cvel_9374",4.14737689632947,8.05133681013336e-19,7.64226945999236,1.38508476882222e-28
"Cvel_26448",7.51244683157387,3.11326446668676e-58,7.64226127067991,2.92725466248066e-35
"Cvel_4061",7.63616538934656,1.72406086778028e-45,7.46180341623377,6.17911101843919e-51
"Cvel_7930",3.94756898331287,0.00187932869865215,7.63501849430477,1.67408481307772e-13
"Cvel_854",5.82600504740956,2.6819905967717e-18,7.63312892864852,1.32701968066765e-21
"Cvel_16300",7.63177886823051,2.52778911520566e-60,7.41213134632456,1.20002749389439e-46
"Cvel_1396",3.53850893243024,3.02146919598704e-05,7.63164354477457,2.3053256698278e-19
"Cvel_6007",5.36370721056085,8.60616353190366e-51,7.62752809935594,2.59148751500977e-59
"Cvel_12827",3.75642143695853,6.147242264464e-09,7.6266953633995,1.60102446653081e-23
"Cvel_18671",4.00977176129907,3.14692461073117e-07,7.62633370462058,1.8493261239224e-16
"Cvel_10170",5.28819036379414,1.33247235486924e-35,7.62487136641099,1.2584896649527e-68
"Cvel_30678",4.54093438616022,8.30176986072325e-06,7.62378281732358,2.66124988189544e-15
"Cvel_9181",5.65731878323986,4.13630054354494e-52,7.62333707564033,1.63787942730383e-40
"Cvel_25082",7.23252292237696,2.78402691025355e-35,7.62284342241558,2.81909933483103e-22
"Cvel_8873",4.83750945436478,8.43047525979154e-08,7.62009249791273,3.80639735627252e-30
"Cvel_17835",3.56951565052411,5.48280715799587e-10,7.6193211658202,1.99906304731996e-29
"Cvel_23339",7.6189600072324,2.39099080031816e-73,6.65812533708207,6.58834126902678e-54
"Cvel_21139",4.98762864855513,0.0111986215944006,7.61702423467054,7.87837989121956e-06
"Cvel_6812",5.40506202971256,1.36081966331929e-08,7.61096712573967,3.1226941168622e-17
"Cvel_7602",4.12495246585063,0.000460642836209344,7.60991486018295,4.43282044552905e-28
"Cvel_1329",4.22448395745921,0.00269810660393104,7.60832984690159,4.90806740330488e-46
"Cvel_19550",3.96665628274818,0.000812695615398405,7.60457154553572,7.36696242581179e-17
"Cvel_13948",5.85262185531804,3.40311539366456e-06,7.60282625567258,8.19550881855533e-09
"Cvel_3617",7.58270317914152,3.9479119846551e-42,7.60152479816023,2.90231661382418e-30
"Cvel_21138",5.81185348938859,4.46690050591286e-14,7.59998256050311,2.25756508584481e-26
"Cvel_29444",7.59887374252466,2.37206874112656e-08,4.11813385375711,1.0899928995031e-09
"Cvel_18843",4.44862101774962,6.30197590304081e-05,7.59696255264085,8.12140325867196e-46
"Cvel_20205",6.91839024801876,3.85470826102472e-16,7.59491016725859,9.15859356695111e-21
"Cvel_20253",2.14275788425448,2.5505855994166e-05,7.59488372714202,6.42623154540582e-52
"Cvel_13085",5.43466307426999,3.41763235509769e-28,7.59385641682856,1.22522173476715e-26
"Cvel_27239",7.59326771068132,1.5579364834702e-09,7.06121346691579,3.5027189853564e-08
"Cvel_8295",1.58410207247818,1.63131220994172e-09,7.5928048647419,1.03919738294452e-43
"Cvel_19277",5.88808648271062,1.85655125505985e-30,7.59208043721475,1.21004149702414e-26
"Cvel_7242",3.9985604996752,7.7786909576862e-10,7.59157274848398,2.77548218035661e-40
"Cvel_23116",1.90194597870354,0.000977049035552499,7.58997953789922,2.51371358187537e-20
"Cvel_33378",2.28535154005602,4.06549757273824e-06,7.58948125490725,5.36921132314159e-15
"Cvel_17157",4.39686271038862,1.58213036747211e-14,7.58769098851379,1.72301438011109e-39
"Cvel_13693",5.60187753046425,1.27930212050115e-14,7.58750259967485,4.26797095884942e-24
"Cvel_6693",5.30126951995434,1.64464025165315e-17,7.58480737814969,3.0483881816648e-27
"Cvel_10758",7.58474115827647,5.42360051626915e-07,7.11624777111709,2.02113162203237e-05
"Cvel_34888",7.58457245616241,2.06753287858811e-06,4.99472430367147,1.49737934059378e-06
"Cvel_21665",2.79193181384914,0.00607299197437383,7.58434256389444,2.17143947235649e-19
"Cvel_35449",6.73048248522066,7.13398720092811e-26,7.58187278492477,2.13675206367136e-34
"Cvel_7763",5.63740264924017,4.29143382289451e-11,7.58174148517014,5.36036707580297e-28
"Cvel_22279",7.57908884423984,6.89122907058406e-27,7.35918917646945,8.46488090897709e-30
"Cvel_25054",4.40682225642837,2.63348287375107e-19,7.57861358302391,1.86881551945803e-32
"Cvel_28117",3.24116118673751,0.000178606083867515,7.57662235492396,5.70556783364603e-26
"Cvel_11461",5.83678108047307,9.51083289892115e-24,7.57446787068834,2.22762997385551e-95
"Cvel_14905",7.07366228095956,5.50984909013086e-63,7.57391116974337,1.31204261163531e-47
"Cvel_11270",2.73255834785643,0.0327280482109328,7.5734969551603,5.5033066553467e-07
"Cvel_13134",2.90092111980013,3.24515395740834e-06,7.57049467898312,3.27369431743012e-19
"Cvel_23853",7.57040513880437,3.42065378798231e-05,7.50423341319667,3.32491480942112e-08
"Cvel_22389",6.61667552143075,7.4968819421192e-25,7.56932200504952,3.18397006895836e-26
"Cvel_9146",6.45241472549774,7.35464243422063e-32,7.56718555191456,4.67165499659815e-35
"Cvel_3233",4.50301958478849,3.99925394891687e-13,7.56716599336065,3.11107451441632e-76
"Cvel_5956",4.09698097162523,0.00417409638304853,7.5656568735855,2.87685771227557e-19
"Cvel_4105",1.27280964700843,0.0333364347529575,7.56142331116756,3.52992117860918e-55
"Cvel_4619",1.79331573966433,2.69236805737326e-07,7.55889364770085,2.74761951450093e-35
"Cvel_14619",5.65259089338006,2.62688133930647e-10,7.55886517916993,1.79265288335887e-19
"Cvel_3374",4.89210461472478,0.00318306277946065,7.55859376659549,2.70682525463286e-06
"Cvel_2036",4.5919804305332,1.57515014495044e-10,7.55750206454506,6.58756890444691e-24
"Cvel_8387",3.03854927966278,4.18555601206044e-08,7.55359284727853,2.7972090279488e-22
"Cvel_25815",4.52709785676335,3.62791647510181e-18,7.54869702409934,2.29533244245528e-17
"Cvel_13269",3.87762137057926,0.00264484108626509,7.5486517314803,1.78239454245298e-09
"Cvel_6475",3.23351147599155,8.05160721942628e-06,7.54347836296838,3.63454547529809e-124
"Cvel_13877",7.36293642118766,1.27202738864332e-11,7.54308044942955,2.92944776169567e-38
"Cvel_6073",6.08528793393196,5.43914097449978e-29,7.54079628721289,1.38871940138547e-41
"Cvel_10568",7.26753618704173,2.09523687371589e-30,7.54000362685203,4.38516805059347e-23
"Cvel_21791",2.47877312447808,0.000259512296818975,7.53835905551718,2.40620184967366e-35
"Cvel_16428",6.46270399965662,3.92923258567198e-27,7.53758170390113,1.0837306931775e-32
"Cvel_9781",3.44253979171503,2.33977396953503e-06,7.53540656266281,9.76603671093654e-74
"Cvel_22980",3.16808560566883,0.0145212816040274,7.53398925900254,2.164193478176e-14
"Cvel_23214",2.16565360971793,0.0104445982110733,7.53298730972893,2.21173181099475e-15
"Cvel_22654",6.33133509811969,1.3795961974475e-36,7.53255181232028,7.52476868120607e-37
"Cvel_19205",7.36472001607651,9.22706089331371e-38,7.5319134445339,1.46028668625318e-21
"Cvel_7962",3.56168547795699,0.00439094541601434,7.53176995787861,3.8546476030321e-15
"Cvel_974",5.25086614577338,0.000237098948955263,7.53006095399373,9.21795817345792e-08
"Cvel_18472",1.85948166720789,0.000167858294349539,7.52835848897396,1.16092198809883e-27
"Cvel_2964",4.18841717722681,1.05686420036462e-11,7.5262206116438,2.13020653163386e-24
"Cvel_22764",4.67999769180238,2.83731542911493e-10,7.52342177967913,6.81890227655566e-05
"Cvel_12260",4.03686025324746,3.97120786922237e-20,7.5207740579945,1.5017354741631e-20
"Cvel_27875",7.10638629715187,8.61846910380929e-08,7.51992338094131,1.40855795365343e-05
"Cvel_20662",1.61220599047666,0.000246126637034557,7.51824688667017,8.15869299797921e-23
"Cvel_28135",4.78945480250458,2.82385512222877e-18,7.51195206929586,5.81685038271864e-30
"Cvel_25307",2.06440143100737,0.00013703779400118,7.51163338583876,1.43334113570627e-21
"Cvel_19827",5.80347574519468,9.9742144552066e-11,7.50911067516831,4.46391942554833e-18
"Cvel_17745",4.45297772984734,2.38011637869677e-08,7.50577213184819,6.44061491522013e-19
"Cvel_7160",6.15066895834233,1.37601069153e-29,7.50198160085999,1.14356150930261e-81
"Cvel_7840",5.92989134469488,6.03379236225894e-30,7.49945570204637,1.07971548456007e-47
"Cvel_2392",4.72348379578731,1.48112396596369e-13,7.49448384948331,4.82776064881502e-12
"Cvel_5729",5.42439199775903,2.28769234178106e-59,7.48986511297855,3.14154969962715e-34
"Cvel_7306",3.68406045491769,0.00533720551419408,7.48948459407037,1.09878113938908e-10
"Cvel_6811",4.99664422855217,3.17323743778895e-19,7.4890033917127,1.64688868368019e-75
"Cvel_22005",6.4542070836245,1.6360402049782e-88,7.4846066761801,6.64680861929561e-43
"Cvel_20454",5.91916500207386,8.02108519999355e-53,7.48140813537362,4.40268701981413e-68
"Cvel_2334",4.02190657201104,1.63920686269822e-09,7.48050035382546,5.68045027428412e-23
"Cvel_21468",6.89180147903527,1.65284002752808e-20,7.47886194847314,5.75648029683332e-16
"Cvel_18552",2.34199356305059,3.77353327269288e-08,7.47699927429023,2.97618667502141e-40
"Cvel_8243",5.35548494477869,2.39387177891685e-27,7.47462649191066,4.14659567776838e-39
"Cvel_29222",4.78886341308976,3.79829544954202e-05,7.47442606114148,2.46689252864319e-06
"Cvel_24712",4.64655349764073,1.45679102986668e-07,7.47006644888089,4.38276794356954e-06
"Cvel_13177",7.46599686357885,3.61768649362915e-22,6.86926040194563,2.40476889355927e-09
"Cvel_3369",4.03101180298551,5.93223972565006e-10,7.46487849551125,1.77143499351679e-16
"Cvel_27473",4.73638550962222,7.75963116062586e-07,7.46287188295821,1.29107066358182e-16
"Cvel_20026",3.03802239207226,7.99799679070509e-18,7.46002700738971,1.26877167852726e-29
"Cvel_7316",2.55989605565297,0.0129232814959327,7.45843071892629,3.02014823190572e-22
"Cvel_1780",1.96419483202112,3.86261494893313e-06,7.45754777016487,5.35264744426219e-19
"Cvel_8874",3.42150296672067,5.0875142911967e-08,7.45488505501259,1.36898378150374e-77
"Cvel_791",2.84512488419263,2.61198123471232e-07,7.45476311480413,2.25189336571299e-25
"Cvel_515",7.04724791096886,1.02340694061534e-32,7.45460564051388,1.10933529838437e-21
"Cvel_20682",6.22229400344944,2.72412394787553e-70,7.45458197123976,2.34913834440951e-51
"Cvel_9449",7.45355590270106,1.47362278646093e-46,5.21261274383602,6.64921898762943e-37
"Cvel_11836",7.45188030926498,1.38977829108721e-18,6.24496193213178,1.70928795012607e-14
"Cvel_26656",6.3644896715883,7.36746454523067e-14,7.45182329483097,4.72396291496863e-19
"Cvel_14416",3.76665721529073,1.08585796177374e-17,7.45014309906897,3.73146660295621e-34
"Cvel_23993",3.71310949045145,1.61602147641259e-09,7.45006565201899,4.98254902137151e-12
"Cvel_22291",3.46647246915858,5.93787280096757e-06,7.44795906757333,2.98839007891646e-30
"Cvel_32159",5.00001474762737,2.0184480082222e-55,7.44200471319214,4.41432082879674e-41
"Cvel_31478",4.63475981616281,1.19206586527801e-05,7.44110257992277,2.32832236555797e-15
"Cvel_15676",2.85550307531312,0.0190427807009294,7.44061139632071,0.000121335289501582
"Cvel_36481",3.9180360043539,0.0124931068043589,7.43927620727464,1.07752701249656e-05
"Cvel_21184",3.6895852382431,4.88369605662253e-12,7.43877598838308,9.35632784751517e-22
"Cvel_1789",5.86573517339878,3.94377727302203e-14,7.43861025625634,0.000101986992231368
"Cvel_31675",6.33649409969471,2.13466831984376e-56,7.43409098204931,2.08272247101411e-65
"Cvel_17511",1.95550721711006,0.00823690342072002,7.43194348914421,4.80661311522192e-59
"Cvel_17321",4.26207652584002,0.000830552505103074,7.43100120457777,4.98182822616634e-30
"Cvel_28989",7.42822012299176,2.21035184241194e-20,7.42987357511699,6.32273197581668e-36
"Cvel_29730",4.20845620919585,0.00139846249776433,7.42962986342476,1.23720563591195e-14
"Cvel_4362",1.75821587119227,0.00140074401087731,7.42883747740063,1.88951253858729e-47
"Cvel_2245",6.24871506017426,5.40052478672993e-21,7.4286436766834,1.13222332683995e-13
"Cvel_973",6.63744300615332,2.06587234015946e-11,7.42673575204942,9.36332675793099e-11
"Cvel_23126",5.66017870956967,7.23914086116499e-20,7.42640144721213,1.36557664880594e-18
"Cvel_5979",5.96162828477959,2.67557035275094e-12,7.42537353838654,2.18498038381166e-25
"Cvel_2285",4.07339006405918,0.00366498231311999,7.42526620845184,3.04767754530836e-10
"Cvel_18514",7.4248791393195,1.83582631082089e-104,7.16382202049907,4.41914123576615e-44
"Cvel_26623",2.87584471559547,5.56414716309638e-06,7.42332255410709,1.03125905465702e-14
"Cvel_15915",1.70883232631572,0.0139272222045482,7.42247281335808,5.94828904841705e-31
"Cvel_14071",3.01335019335179,1.48940776954639e-05,7.42172541332809,8.3538789014576e-33
"Cvel_20459",5.06924575328175,1.39932143974749e-41,7.42096601038272,1.07737885428889e-30
"Cvel_5484",6.64225448990844,1.41202712092906e-28,7.41965556825914,1.10993269157299e-61
"Cvel_24004",2.93942017994058,0.000110034215185457,7.41864083759224,9.72300620558564e-13
"Cvel_15292",4.76973520049632,1.00167719853205e-12,7.41861376520371,2.48019518701436e-40
"Cvel_15250",5.53655791043436,6.92637005636642e-18,7.41852671506206,3.76092882356737e-39
"Cvel_32524",3.58170553034062,0.0244978695929054,7.41750143271214,1.15520980166723e-06
"Cvel_7645",4.58359908414634,9.7635929566907e-12,7.41744814551701,6.18669451313754e-29
"Cvel_23894",2.47815379775667,6.10061070171197e-08,7.41712946241644,2.4978347696699e-38
"Cvel_5349",4.72654082972771,1.38868508683335e-21,7.41615666663303,8.49535158881982e-14
"Cvel_31184",3.94787154249212,0.00161114319740714,7.41582400183408,7.64628498531022e-14
"Cvel_26794",5.00825391392201,3.99967031469064e-14,7.41328209538708,2.71192832102403e-30
"Cvel_28923",5.89743465488392,4.50184484948375e-08,7.40995433346377,1.44021056283194e-05
"Cvel_17759",3.69433955078015,8.63740688051522e-05,7.40703002043946,2.23695436839752e-10
"Cvel_7434",6.03155979158543,3.02768611915422e-37,7.40697668609267,2.87494259041993e-17
"Cvel_24247",4.98223425213697,1.39361090815438e-08,7.40360274711354,1.85803746816356e-21
"Cvel_4724",5.78934028431084,9.15383054059032e-19,7.40224835435042,3.99537314369358e-17
"Cvel_9481",7.15559371407255,5.34467858374764e-37,7.4008439485011,5.63654435588402e-20
"Cvel_21568",3.62908227375885,2.98451330560711e-06,7.39915499493606,3.32897203024572e-25
"Cvel_17206",7.39884261235882,7.47983561949936e-09,6.26058643987024,7.80490456516737e-11
"Cvel_6003",4.28142693555156,4.93166802440032e-05,7.39689456968348,5.76906806455609e-18
"Cvel_13386",2.25436128798626,0.0128389068338504,7.39548462247149,3.37611405490753e-06
"Cvel_16767",4.99002792706141,3.18662842647116e-11,7.39478649764495,4.69016418298463e-10
"Cvel_6810",7.39409493731257,2.44494694722644e-12,4.95370382498161,2.56530888725667e-05
"Cvel_17428",4.58939959858733,1.70828686659885e-07,7.39289177582076,1.12411519381459e-17
"Cvel_4123",7.38970460841213,4.96012532991018e-39,7.31872765939655,7.3496878112003e-28
"Cvel_11664",7.38848933179804,2.05060825804842e-13,6.20265891250099,3.26811349963848e-10
"Cvel_21973",3.22907414787314,2.71760697403348e-07,7.38838449411704,1.11470683623755e-31
"Cvel_11974",4.09877065079282,1.25181860293314e-09,7.38463627895238,8.16705387869685e-31
"Cvel_15565",7.38380103206816,3.13541221517465e-24,7.30754670637645,4.74884544823126e-10
"Cvel_19451",4.07352084923943,3.13885619100978e-11,7.38356731837997,7.28835620346223e-21
"Cvel_5859",2.03054083655025,3.99611933659722e-08,7.38235332507563,8.93811763084566e-49
"Cvel_9478",3.49469580925165,5.80142506794741e-11,7.38178781360929,7.84089563443294e-25
"Cvel_24425",5.75835879917364,4.25647683208196e-27,7.37689550231777,7.0162995701223e-21
"Cvel_23554",1.99098519781073,7.95753873697005e-08,7.37658866335914,1.64936863912273e-15
"Cvel_9083",7.37613374193256,3.06007342581792e-18,5.51150707889721,5.41465894723453e-12
"Cvel_34804",7.37479006015722,5.53896265238092e-46,6.50407431373773,3.30699276053707e-25
"Cvel_18876",7.37384494146255,8.06842737826069e-117,7.12119012325552,1.72709651779372e-150
"Cvel_4786",5.90019207967745,5.06651402457971e-47,7.37299799720723,1.40514201107284e-35
"Cvel_10204",2.70899098626438,2.74333295903267e-05,7.37298256063217,5.53391573327241e-15
"Cvel_19709",5.20981809113882,2.7674144635469e-09,7.37279857826717,1.30198826133206e-26
"Cvel_11678",7.37275268028668,0.000209411002833579,6.17790123130923,2.99652976764138e-05
"Cvel_17819",7.25758774872171,5.83522105878601e-28,7.37272102658344,1.42504022676797e-41
"Cvel_12760",3.14254780736091,1.11689771577761e-07,7.36872023498533,1.87478980241723e-34
"Cvel_36493",6.2747890691133,4.42135469063301e-19,7.36856384050523,1.7764465653803e-14
"Cvel_13905",5.93172900422126,6.18191410354801e-77,7.36829006498279,6.73846144128357e-35
"Cvel_35853",7.36792924997432,0.000143334365162703,4.81823744247554,0.000140654948372943
"Cvel_20766",7.36744442333378,5.32845911665923e-36,5.08391500214171,7.67312812231912e-20
"Cvel_13081",6.17060205321358,0.000909988211790118,7.36708549460097,1.53308857697838e-05
"Cvel_18400",3.77772425114821,2.20207054088843e-07,7.36638265811851,7.94541198907747e-37
"Cvel_2101",6.30783104462551,4.59294863982785e-17,7.35834437931645,3.17900358011943e-28
"Cvel_17271",2.20473131212635,3.22768384767605e-06,7.35820306494094,7.08306516227965e-14
"Cvel_20644",4.9109257630899,1.16565698891592e-06,7.35772968560461,5.37040666320573e-20
"Cvel_19538",5.53569763149018,5.27380002511808e-31,7.35567732437843,8.8661949348742e-26
"Cvel_35070",6.80084535195816,1.8407082030402e-10,7.35315129977146,1.81163566778062e-09
"Cvel_14834",4.89794886545819,2.04871751413413e-11,7.35304229934012,2.89547677945612e-38
"Cvel_6014",4.62335250503865,1.40008743272775e-15,7.35234368968831,0.000159040523400207
"Cvel_9671",4.94686833863982,3.34276522785569e-18,7.35079718339202,5.40077816385113e-35
"Cvel_11234",5.44188716811192,9.03018312832514e-07,7.35053511626203,6.60478869567918e-13
"Cvel_15246",6.49519328425361,6.47960679501877e-68,7.35041809817341,5.25808277581999e-30
"Cvel_573",6.80758192070762,1.81999583562059e-30,7.34873495107213,6.03855731906743e-24
"Cvel_2775",2.65867485791426,9.12152950224249e-05,7.34814225774288,3.78946234645308e-10
"Cvel_651",4.75373846184366,6.84529799782496e-05,7.34529207659669,6.29165155775885e-50
"Cvel_3047",5.66039030619932,3.60198621896384e-45,7.34473531161856,2.66197076942393e-30
"Cvel_25346",7.34349542727093,0.000175542479158127,4.54373863307923,0.00894383181099332
"Cvel_19861",2.27069566346598,0.000566869465167686,7.34343012855313,2.732301203149e-11
"Cvel_25130",3.65760603102474,2.56271081120656e-05,7.34333105148392,5.84726606472978e-18
"Cvel_10617",1.63661786985397,6.38420618935349e-05,7.34200877096786,4.02043042164237e-13
"Cvel_5632",2.1162896803237,1.02404792771936e-07,7.33889193072478,9.29086186648426e-27
"Cvel_688",5.25177953389013,7.26299368945063e-20,7.33732496692318,2.71335779833146e-76
"Cvel_31838",3.68214588594744,4.42524622662842e-05,7.33378137032447,7.8099309500078e-18
"Cvel_31166",5.77959663041502,3.43828417469175e-16,7.3336555525388,1.09390614752835e-13
"Cvel_6821",6.20525759217296,1.46865347418494e-16,7.33240149609642,1.47273056407718e-14
"Cvel_1699",4.9801787691382,1.01569790529118e-22,7.3323642331344,2.51176367488626e-39
"Cvel_8302",3.64138413635734,1.131131585531e-11,7.33183276097881,1.12763498241304e-21
"Cvel_6431",5.79627212110923,3.53378020661856e-33,7.3303939447367,1.05734220153962e-37
"Cvel_16826",3.45074246050141,2.04538045850402e-08,7.32648023417231,5.03030389065025e-18
"Cvel_3688",6.16988898113408,6.18509509474416e-20,7.32241975176005,6.79085953718697e-15
"Cvel_1495",4.62573474146104,2.10396916116692e-20,7.32230005593127,1.95792241790898e-35
"Cvel_3499",2.72295209466167,2.14991265476834e-14,7.32207342194398,3.97947259007899e-54
"Cvel_17611",3.69311940715061,1.91226120102975e-15,7.31707202309865,4.2470495556266e-20
"Cvel_22585",4.68679115741899,3.0575193822761e-23,7.31636641008298,1.44918063579179e-49
"Cvel_15793",4.19220632814524,3.13682378234905e-06,7.31448048757547,7.85066021808045e-25
"Cvel_24823",5.32011524464053,2.44024170211344e-16,7.31328726190365,1.8567787915456e-19
"Cvel_12825",4.58964993457825,2.31975071929569e-26,7.31144461708995,8.03476569125122e-39
"Cvel_20415",7.31136144579395,0.000277957956943579,6.78415924012382,0.000167876571881233
"Cvel_28297",5.39656201217378,1.27651520275592e-15,7.31060017842751,3.05453508023875e-45
"Cvel_24024",6.15089203588213,7.35326678528992e-19,7.30855330068231,5.86310346646632e-23
"Cvel_17448",5.56680888952735,7.07630508648423e-13,7.30795307193357,4.61245672571481e-13
"Cvel_1955",3.12989267023741,4.13892798600247e-17,7.30751741073091,2.81487393577427e-28
"Cvel_25395",7.30640371733554,2.12057192202476e-92,5.07187919820938,6.41885678787998e-46
"Cvel_9310",7.2430863115703,4.94213257963107e-73,7.30476028413723,5.79969570806102e-114
"Cvel_21057",6.26954789811446,8.13824395586247e-17,7.30301993742601,3.76922705686166e-16
"Cvel_631",4.41381816220164,2.40556389246578e-12,7.30192752052107,6.56451590399768e-39
"Cvel_803",3.54220057071414,0.00202096328822056,7.30036114404645,2.23251024425214e-13
"Cvel_7925",5.13444835103718,1.15280071886965e-16,7.29999969668035,3.07065090100484e-29
"Cvel_7305",4.54344387399056,9.3569663120176e-09,7.29960216274526,1.66845151220425e-11
"Cvel_27008",3.97572187893885,1.32095072651807e-11,7.29795704390643,1.07949981809882e-33
"Cvel_20906",7.29689226702864,1.19012845771971e-36,6.74764240048793,1.72102847484746e-45
"Cvel_7158",3.16096214225968,3.50176747635645e-08,7.29479114390618,7.92647400798459e-46
"Cvel_10799",6.11895696531119,2.54141917652554e-30,7.29477688788771,1.95061706096137e-20
"Cvel_11668",7.2944277055381,1.45715635220389e-08,7.13562789420225,3.7133608532051e-08
"Cvel_4551",4.6723621102145,2.64105404973068e-21,7.292315494408,2.66490513606746e-43
"Cvel_14521",7.29060408648542,5.00559204716898e-90,6.97815482883583,9.22469717783522e-40
"Cvel_22617",5.44522986734548,0.00072087398830114,7.29016513937053,7.20474963337758e-06
"Cvel_21176",3.05820828214379,0.0159614306368381,7.28973678713203,9.9671849007171e-09
"Cvel_161",2.20829665097794,0.00437315018065661,7.28896177081267,2.00495786710925e-27
"Cvel_7601",5.56885076983336,2.62730927223938e-20,7.28873075796596,1.46220305399928e-21
"Cvel_25429",6.21576051690464,2.42407683823881e-11,7.28864183951129,2.39952662473155e-10
"Cvel_21577",7.28369657817934,0.000157059371616302,2.48168499012111,0.0108257702944665
"Cvel_24983",6.32400432363919,1.47815840965704e-52,7.28335074425493,7.06974823653643e-21
"Cvel_5039",4.46181273075554,1.51015369856649e-13,7.28317129326528,3.9969298614696e-33
"Cvel_21438",5.79944268175574,4.59500753674556e-51,7.28282658616513,2.37718798769682e-50
"Cvel_26479",6.79239167997424,0.00175113600462243,7.28257609078221,1.28635591257772e-05
"Cvel_1487",3.34982152525332,0.000249311002337877,7.28156618638842,3.81928907807384e-09
"Cvel_15089",3.56439466748757,2.13224130738628e-08,7.2813439953363,3.23599428193328e-19
"Cvel_7770",3.41883155529027,1.30001209496358e-08,7.27930185223645,7.80033528605398e-28
"Cvel_24681",6.53500055334031,1.79335816301403e-66,7.27842879211258,1.84304968538221e-52
"Cvel_24280",6.29221508438266,7.31335962067778e-08,7.27818441547141,5.70672606956207e-13
"Cvel_5835",4.03715890533883,3.27196074804031e-25,7.27801109839758,3.85130122646262e-100
"Cvel_15634",7.22300469838519,8.98646838683313e-11,7.27769341511307,3.95221138116859e-15
"Cvel_24473",5.36523635122838,5.37342597358698e-06,7.27560535695722,5.80121615901642e-10
"Cvel_27193",7.27525828916368,1.90559758213782e-18,6.73814295965561,8.9093879570146e-05
"Cvel_10480",3.67672028701038,4.53492225018605e-09,7.27236144011392,4.38130352224792e-27
"Cvel_31086",7.27088337369895,2.42371461019583e-13,4.32998566633022,1.07441679289166e-06
"Cvel_27049",4.57032652935221,5.26566045023699e-13,7.26862491092758,5.12259472488266e-15
"Cvel_29337",7.26810994782123,4.48842054925658e-06,4.50384469269161,0.00170784912238637
"Cvel_14202",4.23546217429444,0.000312263881328167,7.26423561039737,4.41679756061615e-10
"Cvel_16368",3.95514042543757,6.27365249268175e-07,7.26300306699872,4.65532021567938e-12
"Cvel_9231",2.8914329487077,3.64622834354678e-21,7.26178250114978,9.2109370881424e-33
"Cvel_10113",2.31529421399093,6.10556143847521e-07,7.26050867097538,4.63572938044143e-50
"Cvel_3668",4.39594981916853,0.000548700283287255,7.25886993730671,6.2504660912078e-06
"Cvel_6056",5.7694636256342,8.11207176459276e-24,7.25674011848251,8.90018958597851e-37
"Cvel_20265",5.10607146203755,7.08533017299207e-28,7.25629345054617,3.4328395236567e-27
"Cvel_25446",7.25479666014485,7.89550467290972e-55,6.57722791695192,5.24674297654146e-36
"Cvel_31671",6.45565969890348,1.47834922706803e-17,7.24876375601882,2.46053191443212e-23
"Cvel_14577",5.51969213573632,3.51261747562838e-30,7.24538606336365,1.56610548573206e-14
"Cvel_29283",7.07192619346252,8.48392618766883e-50,7.24495713481109,1.14711504446397e-89
"Cvel_32070",3.14111268761094,2.62492205215793e-16,7.2419890578707,6.71392234427132e-60
"Cvel_16737",5.96558138078448,4.62382515315583e-82,7.23839563549243,8.3423344916443e-79
"Cvel_12572",7.23810208772184,2.72187000584251e-28,6.62398500960261,1.23842077527877e-10
"Cvel_4826",6.37557156457233,5.07194458520029e-105,7.23790755945793,1.71173814752137e-20
"Cvel_4571",4.06684804371924,2.05949349437294e-05,7.23556481083265,4.60878414258166e-17
"Cvel_6616",1.96037196695506,0.00683160818831995,7.23359885359394,7.68868110372714e-09
"Cvel_6902",7.23324192049242,6.22216368557785e-06,7.14538191810113,8.29463546124463e-15
"Cvel_14837",7.23286092116928,2.5447606401174e-11,5.12358454490232,2.03767379895604e-05
"Cvel_6666",3.70373689763348,1.07260140727256e-19,7.22907959905917,4.25547865327153e-53
"Cvel_1806",1.86086564368726,3.37458031454627e-06,7.22814397944325,2.15390905651194e-62
"Cvel_30058",7.22692090089452,1.28879606752152e-07,5.00460819418344,8.02909959554552e-10
"Cvel_5418",7.15382904602398,1.4980894593733e-66,7.22664200574236,2.67757308485798e-48
"Cvel_10396",6.44156865219874,1.79812450081314e-67,7.22343598241334,1.6157769839986e-78
"Cvel_12632",3.75512849619008,1.49527916517343e-15,7.22283970875933,3.69631345768213e-42
"Cvel_20186",5.51400290776119,0.00066073583297968,7.22155733262961,9.39230397503103e-06
"Cvel_8883",2.43745680073311,0.0145760337717619,7.21993129239204,4.7807354473151e-07
"Cvel_17998",5.96501792442272,1.79547123485785e-76,7.21989589603457,9.74936468838281e-40
"Cvel_13584",5.67263152215394,1.0964861735736e-63,7.21970821159024,7.69957699661517e-49
"Cvel_30489",5.68354385677335,5.07556553848595e-17,7.21882278367752,1.70638038173338e-15
"Cvel_8035",4.45295232478768,1.56995245327165e-15,7.21877973613568,1.93742189537759e-17
"Cvel_12110",3.90856470905052,1.51562127431635e-19,7.21795899372374,1.80159805127171e-38
"Cvel_27575",5.07578623390751,6.87394243863178e-40,7.21547973369803,6.42002746356556e-82
"Cvel_22857",5.06919197563893,7.22127240153272e-14,7.2149634923079,1.4892160707156e-16
"Cvel_12735",2.05664358816102,4.92485207608099e-06,7.21463294025842,7.41810508294398e-41
"Cvel_7173",7.21268790843897,5.98538899189638e-17,4.90886796360074,2.99890606040696e-13
"Cvel_15495",4.78023855227827,7.52391287946031e-14,7.21197789717078,3.46072949692278e-22
"Cvel_12601",2.02091679045245,0.0186343846566269,7.2108049416829,1.7047234791294e-12
"Cvel_20910",7.15511163251455,1.07652894557813e-29,7.21037137931972,9.93149701626822e-24
"Cvel_20637",3.12611445223223,0.00223812156941552,7.20928786850439,2.27730143021454e-08
"Cvel_15567",6.52316214155404,0.00494604778569649,7.20745748040976,1.07763240730023e-05
"Cvel_20373",5.73127808379925,2.08917596958684e-23,7.20710518497771,2.90830662571121e-15
"Cvel_12885",7.03495137710764,6.52605804858275e-52,7.20523058790469,1.53067337527441e-60
"Cvel_743",7.20415876428795,6.1708825134674e-08,6.35310881083349,1.84082665576282e-18
"Cvel_7109",4.47651947892835,9.23631242566342e-18,7.20385492071408,7.29083994903127e-22
"Cvel_3497",3.89248189109814,3.75457529325272e-05,7.20303771271692,1.84324867673361e-23
"Cvel_26380",7.1996967450255,1.36986946488075e-07,6.1538837571915,1.53636031140436e-20
"Cvel_13102",4.46145305619141,0.000153182813730506,7.19786662409918,6.33922440001808e-27
"Cvel_20929",4.33401673935199,6.77998471071848e-14,7.19525366049382,3.92613603927776e-16
"Cvel_19982",2.97897044211499,0.0114352370261902,7.1951316960277,1.77671643175054e-16
"Cvel_7222",2.90701409383592,1.97078166043569e-06,7.19396858116044,3.6050064488924e-15
"Cvel_13414",4.01697306626758,0.000255146521996741,7.19320231675964,6.68126181284084e-37
"Cvel_12902",1.90746360730968,0.0013808573647974,7.19023120472978,1.01812379150898e-23
"Cvel_20460",6.30159563491406,3.41051886340758e-34,7.18928132608772,7.78640719857389e-22
"Cvel_23610",4.46878289816905,1.49862709404544e-22,7.18730702816811,1.14542615384406e-78
"Cvel_23511",3.3296956516387,0.00902619230524058,7.18702255133238,1.27532002086623e-09
"Cvel_24841",3.57612188288958,2.45214844072212e-08,7.1867443142867,2.19916076953264e-33
"Cvel_14391",7.18470356384526,0.00134231611499315,6.95036541737132,2.85996639748037e-05
"Cvel_21366",5.56861982297476,2.48402922022812e-66,7.18348504799631,8.68107296006195e-72
"Cvel_10487",6.83775954498959,2.24426419225742e-37,7.18250908472533,4.53930585590001e-61
"Cvel_14251",2.28190210692818,0.00990022185439057,7.18124344386686,1.89755382915024e-06
"Cvel_10878",2.76880679535396,1.93467137825008e-06,7.18039814706927,6.58063180159594e-19
"Cvel_14973",7.17637585805057,1.57720073035103e-67,6.62319615618669,1.26511175333997e-35
"Cvel_17854",3.93482144845368,1.93070983206725e-06,7.17623500867178,1.41544618417589e-41
"Cvel_10203",6.64074765248405,1.07006520193457e-69,7.17355074230594,4.557875716956e-29
"Cvel_15372",2.07804014721531,0.00129687108650607,7.17315172196477,4.51588665755232e-59
"Cvel_13631",3.97655764978584,0.0207084664296026,7.17050353781403,2.79458551818438e-10
"Cvel_18631",3.69919858540557,1.04391290602624e-10,7.16881831600598,6.89625962440169e-28
"Cvel_1368",2.49470283535794,5.0357385008157e-08,7.16862095567229,2.14787345730014e-19
"Cvel_22459",5.98716085179507,3.96618540803908e-87,7.1641756104163,5.57467411944146e-32
"Cvel_5842",3.558638944311,1.21812910377148e-13,7.16405351806798,5.90048947843766e-56
"Cvel_22775",1.87461145855597,7.96157689908191e-08,7.16292243170631,6.89224023335098e-31
"Cvel_9120",1.82501082291126,0.000269970633967148,7.16259843192629,1.35399871152604e-10
"Cvel_3969",4.21358890788329,1.59308629762202e-06,7.16236156202219,2.01679370803715e-17
"Cvel_2034",5.16283175985354,1.90492488702099e-40,7.16037396110665,3.1861853993991e-56
"Cvel_26946",6.99250949202465,4.60690904199579e-21,7.15781385635359,2.41157962105121e-17
"Cvel_18778",3.87478034298577,4.23724905488642e-05,7.15752726276169,2.77931791174563e-13
"Cvel_2133",7.1557180180285,7.42916636895647e-06,6.09484718648946,1.69982930780671e-07
"Cvel_14754",5.0556669543934,3.0768457468264e-15,7.15551187041329,7.53208554600733e-20
"Cvel_6057",3.62115848930352,0.0100992391797712,7.15292472018766,2.81916617059931e-16
"Cvel_23040",4.47317077483014,6.98660019012775e-13,7.15258329965017,3.91009876862363e-29
"Cvel_6177",6.80637312022844,5.75252400040017e-109,7.15248768028624,6.98759897718721e-66
"Cvel_8000",3.57407564346902,0.000105015869363127,7.15173583354474,6.81259718311411e-18
"Cvel_26524",2.37754472910111,0.00389993542977781,7.15166475739951,1.52025663098321e-14
"Cvel_1965",7.15083049712877,2.52385186977498e-104,6.77875508506835,3.37178587809643e-12
"Cvel_10312",4.31207926694561,1.65772523521911e-23,7.147912405814,4.12785909315782e-34
"Cvel_11803",7.14769569123801,2.11852716956815e-23,5.6934596662606,8.57910302088475e-84
"Cvel_3341",4.74939031297455,6.38027964575245e-08,7.14699632733561,2.36265400679383e-25
"Cvel_25128",4.97817917443232,5.90689738734462e-19,7.14661763966627,5.48170207301928e-34
"Cvel_10625",4.07093122557983,2.30742984344659e-14,7.14350840563871,4.16060469913964e-103
"Cvel_23300",5.83138267093165,2.18769784191705e-85,7.14104837946474,3.00931653390827e-100
"Cvel_3745",5.43030294697746,3.00716480750818e-35,7.14086749604414,4.21879627987492e-27
"Cvel_2037",7.14005763586198,2.22809079671059e-32,6.16990798473261,4.36601135313926e-55
"Cvel_2348",2.23284535810939,0.000135537611710505,7.13978741855164,2.56543207961663e-61
"Cvel_28578",1.78752976861193,0.00290142615889864,7.13935344719579,1.24425232508758e-12
"Cvel_30623",5.80291962464437,1.23623935521395e-88,7.13460112379971,3.97109341335079e-28
"Cvel_30245",6.41288556546184,1.7226268402009e-69,7.13433873567506,1.92995035732064e-36
"Cvel_1005",7.05003235443149,2.19287779319086e-33,7.13251473089128,1.00245023633226e-17
"Cvel_9552",1.78710173185075,0.000280658476104878,7.13122056998796,3.25239258962461e-13
"Cvel_19290",5.30025949677938,4.24815599848919e-21,7.13096863036114,2.50057703521135e-20
"Cvel_31406",7.13074152786807,9.34980606538244e-24,6.28177276566674,5.63835070738015e-15
"Cvel_21601",7.1287874013255,2.07396429924729e-74,6.61921153327499,1.18505575892598e-56
"Cvel_25872",4.32850358711647,1.24344183135761e-10,7.12589125253062,2.28050577068892e-11
"Cvel_4920",4.75253770204031,1.39141554986312e-31,7.12494549979923,2.23669683900435e-49
"Cvel_25418",6.72762292881325,0.00322813128156394,7.11868001189425,5.3331663273859e-05
"Cvel_33343",7.09333519184652,7.78709921530295e-54,7.11799829881428,7.31854996571055e-22
"Cvel_14478",3.86743228738678,9.32914808918026e-07,7.1169017058675,5.74018926828044e-14
"Cvel_11325",6.27268444142149,2.99262742821191e-08,7.11548606483461,2.25892777776926e-12
"Cvel_572",3.7288228304067,2.26101635988278e-19,7.11194777362529,1.54103548896771e-51
"Cvel_15636",5.32398787125746,8.03920624990382e-26,7.11024336029641,1.09966455191082e-26
"Cvel_5377",7.10857164839868,0.000566897352541097,5.45722035357692,6.64702976491218e-07
"Cvel_31298",6.43369914945401,2.0255159077914e-05,7.10719516469849,6.40230377878423e-16
"Cvel_22712",6.94267399454275,4.5916223954964e-25,7.10654241943649,4.55579411997769e-32
"Cvel_17097",6.45087664298182,2.60680748092474e-27,7.10322260020066,2.1400076487706e-45
"Cvel_399",7.02735803066272,3.6863556403822e-57,7.10069126239858,3.58591923770328e-37
"Cvel_12973",3.41958191134742,2.92928841986007e-12,7.10000438923716,2.43571898404574e-30
"Cvel_27696",4.48018226512075,1.63285947324383e-05,7.09899567818929,3.47869221260588e-09
"Cvel_9945",3.89291767864455,3.91900222732458e-08,7.09874928644662,4.53677435642331e-25
"Cvel_23532",5.22672625499451,5.30043006690315e-07,7.09848782014185,2.75134045188331e-13
"Cvel_6953",2.24880438838746,0.00180119476708406,7.09649464046199,7.4785147250401e-60
"Cvel_28137",5.57514396048406,1.2060241314651e-05,7.0942241939341,2.44358588260321e-07
"Cvel_27469",7.09383623910177,8.13575908581238e-87,6.845579514842,7.42571777924781e-46
"Cvel_10592",6.66541609889374,8.86967432769474e-30,7.08998762945268,1.0658366994606e-45
"Cvel_20878",1.70399396809246,0.00860957434200214,7.08793342091397,1.68498669921828e-12
"Cvel_9043",5.92433989817186,4.98274085615082e-170,7.0809916702585,1.89423264880434e-70
"Cvel_6951",4.39644803926792,1.08175139677871e-11,7.08068222127927,1.05431434865416e-95
"Cvel_10566",6.79925663769305,2.22177431432335e-23,7.07820809136282,5.09500390931414e-24
"Cvel_5026",3.30944223549022,5.06819827086413e-09,7.07819737810748,4.90412540242966e-15
"Cvel_4797",6.98682561961715,1.19234110916102e-93,7.0777006228891,3.41418901968676e-48
"Cvel_8356",1.83386093433164,0.00387280603080868,7.07710661125881,9.43454796383798e-30
"Cvel_23446",6.75389159585576,8.1483418086183e-28,7.07315577833049,8.46106705500358e-24
"Cvel_4307",5.0174564944068,8.02854638186776e-08,7.07278859889558,9.86012774047858e-38
"Cvel_1421",1.49034857575376,0.000726051398438385,7.06610109970209,2.02052576804224e-31
"Cvel_3002",4.03234351664234,1.86432941920114e-06,7.06538002694413,9.2535613304141e-44
"Cvel_17136",5.29729370055605,0.000226225470385054,7.06520256316483,1.64649113272842e-29
"Cvel_3687",2.83638560440186,4.64754687609934e-08,7.06351963297406,2.11247384763524e-46
"Cvel_8616",7.06281993885597,0.000933639571643519,6.74500810218741,0.00022628939654923
"Cvel_25210",5.75217755736497,3.09155876560293e-05,7.06215225577973,1.18654175352753e-05
"Cvel_26751",4.51690981375968,2.67221432548876e-05,7.06166419139337,4.46220328521107e-25
"Cvel_113",5.40715115516292,8.52536435885591e-52,7.05920496478599,2.76964091550254e-52
"Cvel_18632",3.89238200037385,7.2343936596313e-10,7.05914023708135,1.32838396579544e-26
"Cvel_16263",4.54095513134385,8.24570090653659e-08,7.05832407967184,5.05746253891288e-11
"Cvel_11950",6.08427867569565,2.37179482995098e-53,7.05784823355936,1.65492706525722e-99
"Cvel_3784",4.77528769116607,1.24388424146983e-20,7.05699730677473,3.21164522357927e-28
"Cvel_3820",5.55225862123826,9.29555747324217e-19,7.05528116973956,3.45750275574585e-53
"Cvel_30395",5.97372154913695,7.00133500799419e-09,7.05490408317602,1.72957058155931e-21
"Cvel_5450",7.05484609484173,6.04474845240123e-87,5.65446263733798,6.11570317343861e-99
"Cvel_28217",3.7951415464611,7.9093742291013e-19,7.05372177444029,2.35574810996173e-30
"Cvel_22655",6.23210020914328,3.9079473759529e-77,7.05312259342476,5.74028304598817e-28
"Cvel_21835",4.2002676908386,0.031688967716543,7.05223587239482,3.918107867168e-06
"Cvel_4893",5.57211923368213,2.1756289159032e-08,7.0517781564392,3.21675090545503e-56
"Cvel_34543",1.52513684275287,0.000373466454356786,7.05125632543373,3.57015427034566e-33
"Cvel_7192",4.97401362980928,7.90085285607494e-06,7.05057619563215,1.92336295357413e-07
"Cvel_5005",4.62918815950905,2.18119817084974e-09,7.04984293530301,1.30651351103372e-11
"Cvel_11348",6.12376983182358,2.28875617362273e-11,7.04739244691179,1.24308596913557e-22
"Cvel_22143",3.98784112246392,9.96133273578744e-16,7.04596387354689,1.21802052367821e-25
"Cvel_5656",3.37626499694484,6.06425802191167e-05,7.04492270391858,1.15586441498988e-15
"Cvel_8850",4.63424666781113,4.34519038742927e-11,7.04348200848614,2.91727383571553e-18
"Cvel_22205",4.2071452531187,1.45940303614157e-19,7.04088443072629,2.50774163936802e-46
"Cvel_689",7.03650080733335,6.57643356684063e-32,5.27416145024658,6.22398584631877e-28
"Cvel_19389",4.47675195577032,2.31153240949213e-26,7.03547013687026,2.7031755065762e-37
"Cvel_12083",3.15897143110555,8.48866411318357e-20,7.03533662818358,3.68401345507291e-50
"Cvel_18996",4.44409771667246,6.28678728906621e-17,7.03517244741251,1.10705920445815e-16
"Cvel_2969",3.75270646146701,1.11046066087616e-10,7.03473743116981,5.21461873566497e-22
"Cvel_8757",7.03197757696842,3.82575095951662e-71,6.91029454513632,1.37340661691153e-35
"Cvel_17950",4.85995633781681,2.66189037147089e-10,7.02827867782018,4.20158088821829e-12
"Cvel_21537",3.6204467449898,7.80620455511122e-10,7.02792960797585,3.85983932459949e-19
"Cvel_13560",5.94256326219547,2.04582893097218e-12,7.0277017582293,1.20732578787117e-11
"Cvel_3222",7.02639741440028,1.43904411187273e-87,7.01723262987508,1.3572901875707e-30
"Cvel_11074",4.15377118297714,0.0161089995953287,7.02160020167837,5.07471560433265e-14
"Cvel_24364",7.02083521922951,1.40034807458787e-29,5.3965995373166,3.74778050585559e-19
"Cvel_9188",4.73369473202661,3.47941139903839e-22,7.0177839690292,1.51841752880814e-20
"Cvel_23708",1.79738380112877,0.00183073417078079,7.01726288436926,3.40410354857056e-89
"Cvel_7842",4.37579303253305,1.32927494798922e-18,7.01622264575133,1.02719196941011e-34
"Cvel_7110",6.13660198593896,3.2011815166932e-07,7.01509820141028,3.81040545727885e-09
"Cvel_5066",5.67758935475076,5.95141379880562e-35,7.01118204326564,2.6749135712018e-24
"Cvel_30659",5.33632453265676,1.31883606027048e-65,7.01046640249513,4.60435653017542e-47
"Cvel_21874",6.05718205291994,1.60482019078805e-15,7.00963864056396,2.21985374655384e-15
"Cvel_3268",4.38276055619655,8.33456794738188e-17,7.00933199598002,1.58450089475749e-34
"Cvel_19829",5.36247089565536,8.29512401062031e-60,7.00772554702839,1.82152389935008e-19
"Cvel_31861",3.58197612655563,0.000721938720837994,7.00650509413749,2.17417938791551e-06
"Cvel_6575",7.00592344609811,5.4299404517265e-62,6.94968601831829,2.85262860159574e-33
"Cvel_24597",4.72287629122222,3.4527175094402e-06,7.00389672309403,5.43811290532341e-21
"Cvel_9526",3.80267695179523,3.63139613272283e-05,7.00187895225721,9.53793713212385e-24
"Cvel_4857",5.26602428662114,3.6944144479204e-40,7.00012177922745,8.44818573751181e-27
"Cvel_8518",6.99999526285919,6.33226003054054e-71,6.94937807929296,4.97593771920139e-62
"Cvel_27746",4.87642423581138,1.57926872410715e-13,6.99825813865239,4.717144830671e-20
"Cvel_24502",3.26131516414549,1.15489138345669e-09,6.99719462487382,4.38330197115754e-41
"Cvel_18208",4.61262907103016,3.29222645949257e-13,6.99665859894668,7.68011759008311e-14
"Cvel_5477",6.58236366058376,3.33587631003337e-34,6.99499600389653,2.25122901988963e-29
"Cvel_25457",1.98349115200748,0.000569258533473472,6.99484070858347,1.04184853687943e-08
"Cvel_22342",2.81914979663838,1.52723642325258e-08,6.99449188218542,9.58579229203588e-30
"Cvel_9222",2.59722324133089,6.18004040565831e-13,6.99391038052886,7.08288130720018e-63
"Cvel_8201",5.97172442823802,2.84391608375684e-14,6.99329634592758,2.11287455256453e-43
"Cvel_27360",6.09628084650061,7.34561530606407e-27,6.99312083650068,5.08516100897959e-29
"Cvel_34067",5.64054698814096,1.07299519533085e-14,6.99236930033605,1.20323252502815e-51
"Cvel_24242",4.68747240397689,6.34997168506015e-15,6.99193906076939,1.6960120521503e-17
"Cvel_13316",5.70100386067785,7.94814144131283e-21,6.99143923209257,9.65335959272329e-16
"Cvel_33328",1.90091321441353,1.25188291402951e-06,6.99127637627592,3.48242828107389e-24
"Cvel_26021",4.69113653504644,2.87524425709963e-07,6.99042695707294,7.8125837178694e-20
"Cvel_32963",6.26440145953462,5.13771389094867e-99,6.99016033545691,2.25172853926537e-102
"Cvel_2710",4.06675713822773,1.43235095557623e-05,6.98832350785607,1.65782005792272e-15
"Cvel_16590",6.09372610623832,8.55464205440251e-08,6.98804803918251,3.82944171007849e-10
"Cvel_8620",5.10663909417517,7.60823158536443e-13,6.9852741757002,5.5367322822154e-41
"Cvel_15827",4.00137572284589,1.04445864752232e-06,6.98498120484109,6.92557371020602e-24
"Cvel_16048",6.98417353150938,9.9139033769266e-17,6.87800344834186,4.83904334734924e-18
"Cvel_17520",3.14333023644204,0.000523811601756498,6.98324105302429,4.36538421881469e-11
"Cvel_12404",4.55930209723654,4.84284509866742e-08,6.98308381302158,1.12522332555431e-25
"Cvel_32007",6.95537151649434,3.26923167171274e-63,6.98246975342551,1.27754017897788e-18
"Cvel_21951",5.81209235063391,6.35146264231679e-47,6.9820456195374,2.55057559854691e-23
"Cvel_19401",1.50845250924686,0.017008805230917,6.97891512997107,1.27336358346119e-13
"Cvel_16334",5.05240308229247,0.00968597805896848,6.97714580222404,6.98081709741272e-15
"Cvel_11904",2.55727915178698,0.0158937498465991,6.97485459736658,2.38224860297001e-13
"Cvel_4740",2.42742844316433,0.00146182893207417,6.97439368401116,1.19603017281114e-11
"Cvel_17261",6.50389312423427,8.17719251977185e-17,6.97418092311473,2.5118087963252e-13
"Cvel_5562",2.81352153268682,0.000220021197584698,6.97105807682498,1.17571788677753e-34
"Cvel_27094",6.9705472304838,7.14426266247336e-19,5.27187034640902,1.87447508424772e-08
"Cvel_1740",5.94673683677386,1.69278263748988e-15,6.96974850595641,1.35672945784698e-25
"Cvel_6162",4.09661954353183,2.20522661558636e-13,6.96938573420452,4.01398846297382e-25
"Cvel_25917",6.01750304204159,1.08758947894718e-20,6.96889714834594,2.15344300319052e-31
"Cvel_20586",5.04478599671142,4.23156139608188e-21,6.9660412922191,1.40828811691557e-16
"Cvel_13602",6.36337736231598,0.00954450220773559,6.96374952592577,1.90781730657237e-05
"Cvel_2554",5.05665509591148,1.41675378557392e-16,6.96329533563703,9.16035482857936e-19
"Cvel_8806",4.17162199150123,2.8912817853638e-10,6.96091901105269,1.2053685125232e-33
"Cvel_3474",3.7562423164515,7.83526136264128e-05,6.95953415523481,1.53937942165653e-25
"Cvel_22047",6.30347282008391,4.65302122537057e-87,6.95937908400558,2.1932056196846e-45
"Cvel_12721",5.18136156147307,5.77723231114079e-51,6.95850889730825,2.09369049909368e-26
"Cvel_7744",3.92351721669765,2.89489232392574e-17,6.95547285110181,6.91439726805573e-21
"Cvel_13962",6.15345527956967,2.40460393413483e-121,6.95157665305177,2.77868979008652e-38
"Cvel_23009",2.54747424111658,7.90608500540755e-08,6.94728323648273,1.38817585591503e-93
"Cvel_23230",2.72580722246537,8.74370982151922e-05,6.94514227090983,4.28825907891458e-36
"Cvel_27510",4.97812527677229,7.87404256391201e-05,6.94441500229063,1.18688245555233e-05
"Cvel_32215",5.20949489699585,5.61401486590617e-09,6.94261727645937,3.49884941212157e-13
"Cvel_20593",6.10316841264045,5.58588352796531e-78,6.93923176456191,1.7524951466288e-93
"Cvel_15785",5.31364675630281,3.49712966729251e-15,6.93883215887945,8.56197944624627e-15
"Cvel_19465",6.79130520869765,2.88860484880371e-13,6.93800922953424,2.4026950854529e-05
"Cvel_23978",1.60521350649623,0.0454751540130223,6.93761806771667,1.59611907556004e-11
"Cvel_25368",2.38514269763548,1.57766112421743e-05,6.9370191739659,6.28173391312691e-20
"Cvel_9670",5.09990020221787,9.48646305537885e-09,6.93512199468135,2.04582954173589e-22
"Cvel_15920",1.88068094296522,0.0305904909845677,6.93186662337157,0.00211790910345429
"Cvel_3941",4.13770383863487,2.67615199615169e-11,6.9295593815406,3.68881785478219e-55
"Cvel_24482",6.92686352801118,3.79554012801943e-18,5.04895022144031,6.3012571058512e-09
"Cvel_6728",5.15639463895871,2.6770202823556e-29,6.91820635379971,2.22011042267581e-13
"Cvel_22135",5.83765022126199,5.24825552589443e-81,6.91624432643105,1.22810769574807e-51
"Cvel_5744",6.89244265203084,1.02966339817295e-65,6.91593935336068,2.88416738581854e-26
"Cvel_10853",4.26505841735626,5.50257666410876e-05,6.91460199883478,3.08142326972428e-16
"Cvel_34654",1.66076363519182,0.00542297814484642,6.91118287112345,1.06885813552229e-15
"Cvel_12755",4.25824945154915,4.91029320576051e-08,6.91086314179828,5.61231221662725e-33
"Cvel_13699",3.81264968914252,0.00371762796939386,6.91062637017568,2.4533363355808e-30
"Cvel_4667",3.04302031358402,1.31294002669912e-06,6.90757756356669,5.16336949061778e-23
"Cvel_21439",6.45729074149283,2.38845925842302e-48,6.90751691004046,6.83732483378004e-64
"Cvel_15632",4.9064943342943,3.86165936018184e-22,6.90636363485149,4.36024992377455e-29
"Cvel_26042",5.26784356845395,9.03108264959247e-30,6.90528527482567,4.08849187966004e-25
"Cvel_701",6.62052393566458,3.03148860024552e-06,6.90505019855731,3.80810140048289e-10
"Cvel_8670",5.47175470693098,2.84747461347389e-08,6.90491112682941,9.21248515102189e-20
"Cvel_26392",1.60951143226328,0.000136398975917193,6.90480379452599,1.0183863701306e-29
"Cvel_11718",5.59015850755186,1.42775431586868e-58,6.90350876121144,9.78227170733551e-26
"Cvel_16297",5.08834386910699,2.14112771408902e-33,6.90237735917207,1.75400582375788e-30
"Cvel_30767",6.90152606343221,7.14398939910047e-13,3.52654062358773,0.00255988018402453
"Cvel_3768",4.06053565322733,6.31448293410184e-18,6.90040298804238,1.30179706916622e-25
"Cvel_24943",4.27006400330295,1.01295164647773e-05,6.8994736559728,1.90990127619493e-08
"Cvel_443",3.58564377884138,1.73753726064962e-07,6.89765962122177,2.60762436240078e-09
"Cvel_31202",5.37142499157691,6.82988579525481e-07,6.89566957494268,1.41072149219415e-07
"Cvel_22413",3.82737212130712,1.5523032448898e-22,6.89534307177716,4.81707245747843e-46
"Cvel_25998",4.32925073380832,3.65160139593667e-21,6.89052818184657,2.2506385338967e-16
"Cvel_2079",5.52832103193905,3.93988849894046e-22,6.89023863768971,1.59611431178993e-24
"Cvel_24724",2.68151232762406,0.000112049470360711,6.88981201581102,2.66151935558636e-11
"Cvel_11670",5.5285573695069,1.64232713553639e-09,6.88802768780369,0.0013836843873644
"Cvel_22769",2.28251200859516,0.00015849556398459,6.88610742801324,1.21010238130776e-09
"Cvel_14485",6.58930577957,2.88377068372956e-75,6.88481755873187,2.65156508968417e-45
"Cvel_8444",4.9871327786199,8.64297806135585e-06,6.88419272767781,3.77059613637167e-05
"Cvel_8164",5.14489318130295,6.7311515603142e-34,6.88192852239166,4.66790697451155e-48
"Cvel_26556",6.8807387941898,2.7071395888381e-25,6.22485156349667,1.9850354660132e-22
"Cvel_9108",5.87522200580492,1.29706597418061e-34,6.8781667179607,5.05880726897402e-36
"Cvel_5613",4.02359704589796,7.41870959642952e-18,6.87707253274646,1.36684430296299e-49
"Cvel_4236",5.22384678284433,1.79519509171078e-25,6.87595033536693,5.30556893798439e-20
"Cvel_4895",4.63875615022148,1.83247459528521e-05,6.87586235758108,6.90485825465523e-05
"Cvel_10305",3.97003677177447,1.08858894450562e-12,6.87580742437266,1.8389151886748e-12
"Cvel_9986",5.85854942256274,1.12153259341639e-182,6.87545789613435,1.92705557530644e-45
"Cvel_25537",4.93958900451514,1.08758947894718e-20,6.87524710996043,9.97736389570206e-21
"Cvel_16015",3.84973910739775,0.000239305003974851,6.87433102526624,8.54970734114101e-10
"Cvel_4170",3.24035154530565,3.78876930298646e-08,6.87361541166771,6.64857559779103e-73
"Cvel_8910",4.9543820513102,0.0149571146163676,6.87140763811003,7.15152512226107e-05
"Cvel_3362",3.13834923312749,6.1864569000454e-05,6.87137219379725,1.36677214407049e-39
"Cvel_6381",4.16883108174602,3.55937367765271e-06,6.8709299315984,2.69137589983989e-14
"Cvel_16537",6.86718322970484,2.18669725750753e-08,6.47168452400272,2.00059584327321e-12
"Cvel_18999",3.64370042722974,2.06854265370116e-28,6.86465524000319,2.58564010969743e-60
"Cvel_22745",4.63725959240985,8.44564359927375e-27,6.86416601551611,1.28403138306098e-65
"Cvel_22102",3.26269803736856,0.0346526539208391,6.86357382875007,3.34694503824486e-06
"Cvel_10612",4.24276182073859,2.14536185909686e-06,6.86321955763444,8.76186681420705e-20
"Cvel_25008",1.60468010371738,0.00132375479218966,6.86239287792501,2.40864190424655e-71
"Cvel_25570",3.9931485815607,6.17463399104119e-12,6.86145831317009,1.15728038304964e-52
"Cvel_23641",3.40413754290543,5.77805198218758e-09,6.85562057348431,1.1190362683851e-18
"Cvel_5361",3.12166137941676,1.33027239543373e-08,6.85504223756432,1.56365604804235e-25
"Cvel_32440",3.25342180961241,1.14224533542632e-15,6.85381654729029,3.76572291983777e-34
"Cvel_14022",3.22298487549339,1.06835390993393e-12,6.85354024660016,4.6786648237923e-76
"Cvel_11706",5.50477125137828,1.8687379269896e-64,6.85191588530671,1.43521573549478e-131
"Cvel_20760",3.32751363177878,3.4624855495031e-11,6.85132756412694,1.37912794143627e-21
"Cvel_12261",3.62330217477767,3.35919784976706e-07,6.84928464248637,2.33882069739216e-07
"Cvel_5356",3.27940863182783,2.77937272464258e-10,6.84869699855833,1.53502790184717e-50
"Cvel_4938",5.43737116742553,9.45221693204656e-60,6.84176770239036,3.81216928527311e-17
"Cvel_31689",4.10646083430039,2.88958788604195e-16,6.8403086363483,1.10389541785976e-54
"Cvel_9148",6.43665343245839,1.16143208107994e-05,6.83815585438641,3.44493775737959e-07
"Cvel_23340",6.83787261936327,9.56754067909533e-63,6.71630054934147,3.27863793926143e-10
"Cvel_21321",4.00663226001941,1.85999150422091e-07,6.83786781933831,1.26641678060203e-79
"Cvel_12789",2.4971404958507,0.00299900310870947,6.83700661117286,1.74616848278261e-31
"Cvel_8551",3.62530352303867,0.00444379605568412,6.83412241821756,2.37706965359933e-07
"Cvel_1258",3.69610342674757,1.27247160906937e-09,6.8308562669884,2.61832546659476e-25
"Cvel_4564",6.83043750714729,0.0015754420137757,6.54624323602375,0.000460920971880458
"Cvel_21044",5.47862447485654,9.9573579203303e-27,6.82910123127296,4.93252145275393e-33
"Cvel_25439",5.30014216570703,3.0581807868885e-37,6.8283524804911,4.76905650425937e-49
"Cvel_20818",3.70524073148359,4.74719325730374e-05,6.82816280605267,6.73866060095035e-25
"Cvel_2473",4.2128905257899,5.03241698040855e-07,6.82627380602618,6.95783279827889e-23
"Cvel_16758",4.85723497903984,1.88306928184571e-06,6.82602063508321,9.58253648428628e-05
"Cvel_28943",2.70072803347765,0.0108839117518963,6.8230795580847,3.14205327959436e-17
"Cvel_11951",4.18028604944477,5.50365714691711e-79,6.82250908832581,1.44108867276128e-76
"Cvel_6719",5.77590981367007,2.51616883119325e-06,6.82195293532615,5.98962179186504e-20
"Cvel_20482",4.99132987267221,4.98117756730071e-06,6.82110435975749,3.4091352425451e-12
"Cvel_19291",5.37259657271892,4.71481567293576e-19,6.81893968903849,4.73258517307975e-19
"Cvel_13459",2.24294465532975,3.76769564239236e-06,6.81826271203689,1.10756093389584e-37
"Cvel_10061",3.77904886315653,2.186584649146e-08,6.81815555008302,3.19133903132763e-36
"Cvel_13907",5.34519471751207,6.37353899823546e-39,6.81810540401642,6.1831844767185e-25
"Cvel_490",4.76589111105926,2.15617747939568e-09,6.81702336095901,3.57143761145824e-34
"Cvel_33381",1.69285434934067,0.00529779591285784,6.81472678408136,2.44976627436971e-14
"Cvel_4372",3.2782922388752,2.56410447715995e-11,6.81379840672548,1.77056442175642e-17
"Cvel_15877",3.57786950120108,7.46820021381796e-08,6.81320765798684,6.83679716599376e-85
"Cvel_36322",3.16612622707766,2.37419745016208e-20,6.81249821258425,1.2353826529164e-40
"Cvel_7119",3.34667475548674,4.34111353008122e-17,6.8107150447881,1.63527678644414e-47
"Cvel_31702",4.68513114984915,2.92746359883511e-05,6.80876103411613,3.38200928292712e-20
"Cvel_25652",3.40926317905845,2.84905596324456e-09,6.80772404078516,2.1514382655277e-61
"Cvel_30808",4.71898087163058,7.70349413482511e-10,6.80240188155202,4.11113705826437e-50
"Cvel_2700",6.19168440721381,3.79798809603282e-25,6.80080656223527,1.71179350503069e-56
"Cvel_23459",2.41565875938832,0.00343757794066534,6.7999461933292,5.68484974168482e-26
"Cvel_13111",3.54139835321554,8.64656313184709e-06,6.79976523838397,6.96955756384191e-10
"Cvel_5603",2.01349732096897,0.00123404380044955,6.79976396280213,1.18117258305417e-19
"Cvel_1479",6.79806648359445,1.00619097642233e-43,4.20666864121394,6.63652810673666e-17
"Cvel_23731",5.75531980551744,1.60463742820289e-59,6.79793521052836,6.85093517963307e-25
"Cvel_1490",1.56960438355182,0.000607799285067461,6.7972699969585,3.94790444020293e-27
"Cvel_2148",6.16328410223589,2.03071299717925e-08,6.79549315180564,3.13241779801423e-21
"Cvel_7348",5.58906417888074,1.06622681943512e-14,6.79137155240678,2.87238352840129e-25
"Cvel_21922",4.86585850034349,3.40879086577364e-36,6.79058802499895,1.2447875055019e-51
"Cvel_20051",5.17715742283074,7.7764730373809e-29,6.78759383644374,5.3322960967928e-32
"Cvel_36274",6.43121539981071,1.20148495450422e-05,6.78322278113584,2.25115723083473e-05
"Cvel_26139",3.97964211126138,9.85401902408742e-17,6.78093837545899,8.11959157550789e-33
"Cvel_17250",4.27542310102798,4.41492443004947e-05,6.78085503759052,1.95856283788411e-20
"Cvel_17741",6.77944214951799,3.54513876382208e-227,6.09100086245798,3.90999491289923e-72
"Cvel_35139",6.34818725309877,2.87505423547929e-05,6.77635427138272,1.10837403978156e-06
"Cvel_13006",6.77465077467457,2.19858194300799e-66,6.24199645606066,7.57277969047117e-40
"Cvel_5268",1.42670698395444,0.00120358668970719,6.77016225976265,5.34149676534781e-42
"Cvel_7319",4.28749433053862,6.27195282604539e-11,6.76695958289985,9.13223318595578e-21
"Cvel_33714",4.38254216085737,5.14263095815978e-27,6.76681163834995,4.52968236886221e-72
"Cvel_28462",4.06273404591198,1.89309197767572e-09,6.76494389617587,3.17469059203492e-23
"Cvel_14733",5.92263394061848,2.02890942500427e-40,6.76373813209545,2.87820017905279e-49
"Cvel_14541",6.76198099425553,1.91562918889947e-61,5.96926194234049,2.84983279789257e-34
"Cvel_33756",2.50044580145591,8.96095321624859e-06,6.75994446948429,1.4608999074694e-19
"Cvel_23218",1.57840021329811,0.00180320995499318,6.75946799531687,6.54246944956919e-20
"Cvel_24430",6.75717156176938,2.40189973329793e-19,5.53002066402632,4.60342435985143e-27
"Cvel_1660",4.50229527008549,5.27812456350547e-11,6.75663120137683,3.20331666956131e-30
"Cvel_3727",6.7561875647011,1.43474939748182e-24,6.49652006676429,1.37451391024822e-06
"Cvel_9901",6.45744856717432,2.63531489183667e-09,6.75470109735797,4.70782322506695e-13
"Cvel_14858",3.33023116181466,1.29250468065117e-14,6.7540303846989,3.62588508898712e-33
"Cvel_12084",5.89974186067805,6.55165162272602e-101,6.75205347256651,1.83216669860094e-119
"Cvel_15346",3.28448563773024,0.00036699988753294,6.75179461804265,1.65212935286659e-15
"Cvel_9668",6.75132743909898,2.33620120559665e-55,6.72546270624991,2.69930862963713e-35
"Cvel_34826",2.15450202160647,0.000461582144521648,6.74971311958894,9.85187942667457e-11
"Cvel_7082",3.7723312388883,5.01478527368875e-10,6.74870906962084,2.7298572327975e-08
"Cvel_9307",4.35796052207268,8.07641466711105e-34,6.74745312239732,3.16765005801452e-25
"Cvel_17671",3.92620464158781,1.70982073921287e-09,6.74597124720885,3.11384644790769e-23
"Cvel_24363",5.44146579931593,1.46729254842423e-16,6.74582095958074,1.35748406008075e-26
"Cvel_2518",4.60050494989411,4.02166559771576e-18,6.74466272840977,2.24706574538485e-16
"Cvel_23784",5.92887768431341,1.74531102206339e-18,6.7446511494704,1.9327786885344e-20
"Cvel_4702",2.14980354145515,2.94729197272041e-05,6.74408284825031,1.37305870632455e-22
"Cvel_15134",1.4052890443907,2.95408190483336e-08,6.74339720872435,3.50521679753343e-51
"Cvel_1509",4.5261054070884,1.23219676737286e-40,6.74197105566869,1.39876415665658e-25
"Cvel_5455",3.47017636313612,4.49992252954578e-10,6.74104733086624,2.58481120395089e-19
"Cvel_3451",3.75204787001516,1.4511574263297e-07,6.74104608512739,5.96557088736235e-27
"Cvel_20811",6.7396519364018,7.82444401202522e-14,5.50355790746909,1.49349384668109e-08
"Cvel_18431",4.82309506685636,6.96113428995486e-07,6.7389682281021,7.71607613728343e-56
"Cvel_18547",6.03029220129565,2.33728664287342e-10,6.73771252337932,1.51766753655968e-25
"Cvel_4239",4.82329705899529,2.60336151948217e-17,6.73353610377204,7.37336017702218e-53
"Cvel_7819",4.76508147458941,2.96990176216047e-07,6.73238875886734,0.000164829643728569
"Cvel_9521",4.34248126242193,3.96896252201388e-09,6.72902134229234,6.85842893919564e-11
"Cvel_12641",3.83082632877442,8.61833347541528e-17,6.72650999862727,1.48372658247771e-38
"Cvel_13158",5.58575893778524,0.00185764498680121,6.72591478796323,0.000239543041002217
"Cvel_27701",4.09370322556789,1.53145213846837e-22,6.72470418872098,1.64729937651191e-33
"Cvel_9082",6.72313667030814,3.03928814202762e-71,5.63109926613013,1.81890983471726e-21
"Cvel_15697",6.72146723847876,0.00238197879915238,5.31352825728458,0.00236708335410794
"Cvel_25853",6.72089499449157,1.44712840536431e-12,4.41510359859382,1.20435150591250e-09
"Cvel_27774",4.65296744661149,4.05040661679351e-06,6.72024955331091,2.61728648847608e-11
"Cvel_1694",4.76056378566728,3.05764258760144e-07,6.71891425634298,4.97279739782082e-21
"Cvel_23479",2.78635664070545,1.44065753423641e-05,6.71768883806559,4.33227329188093e-27
"Cvel_6613",3.61378151044788,1.09147729348811e-06,6.7116397436131,3.08274925187099e-81
"Cvel_2950",4.79671675371227,2.57927684873098e-11,6.70707556926548,7.26587953883457e-11
"Cvel_28926",3.9049514810818,5.11905246203882e-35,6.70452067933367,3.80120136558321e-92
"Cvel_22280",6.00440867829159,1.20498621401485e-34,6.70375833289713,3.15949091646088e-55
"Cvel_30714",4.89233908617934,0.00205487828785674,6.70355697324738,3.83225686041764e-07
"Cvel_3744",3.24541199014109,1.4168006734944e-10,6.70105399448208,4.23652027953034e-24
"Cvel_27785",6.69978535301573,2.14369713580504e-19,5.73050505518376,4.44727736898763e-18
"Cvel_25748",1.61241717114186,0.0428165101811578,6.69651071022665,1.35244976895186e-10
"Cvel_3345",2.74865541268163,0.000525903091977927,6.69448371571745,1.49975177173761e-12
"Cvel_21112",6.69335019478683,7.23965877175297e-16,4.43729386337516,7.65101323779348e-06
"Cvel_21436",5.54022363785171,4.70673612099466e-24,6.68786871748473,1.83273773940153e-30
"Cvel_17060",6.34303297077397,6.82627406681556e-60,6.68679897045637,1.7795118851277e-21
"Cvel_26636",4.60222119472818,4.16090455796577e-20,6.68630285890979,4.52343301214392e-65
"Cvel_7841",5.84070536898806,2.49523314473827e-21,6.68455453957921,6.2510185830405e-29
"Cvel_7120",4.41166750490121,5.28894042750276e-14,6.68312645440993,5.07610982228362e-67
"Cvel_21217",2.39682664982949,0.000617679966947241,6.68237895942894,1.57374813585063e-18
"Cvel_20574",2.45441647113562,0.000564549665183039,6.68192379691728,5.23474905921854e-38
"Cvel_445",3.57864721217689,2.28789927075099e-13,6.6793523556286,4.38027290117797e-13
"Cvel_10567",5.6962873477613,3.92953900192682e-20,6.67931136710492,2.79171885608585e-13
"Cvel_2709",6.44810786713448,1.8945426108871e-30,6.67685931681776,2.76170879791286e-46
"Cvel_17512",4.98698024455002,1.01628806818381e-19,6.67630265994119,7.7283172438939e-44
"Cvel_13754",3.3905463495477,6.73142293498174e-05,6.6743169801118,2.9328724666685e-10
"Cvel_5524",4.95821210427788,5.78507880101612e-12,6.67328547044138,6.72718043087225e-39
"Cvel_31972",6.31047696299241,2.04849598614251e-19,6.67317875986047,6.13551698106136e-09
"Cvel_13975",6.10561736620668,2.30154890441986e-16,6.67130304689389,4.56518117353523e-07
"Cvel_11367",2.02931019507098,5.51311060634938e-07,6.66889069474956,2.22909619716138e-49
"Cvel_23823",1.93832785096328,0.013964525161031,6.66720700491536,1.51900409651091e-05
"Cvel_398",6.66647495237991,1.36440141061e-55,6.08336102291527,1.3083585608669e-43
"Cvel_12379",6.66316469812956,3.10846546388444e-92,6.52502987700549,9.66115332079857e-120
"Cvel_17519",2.60394197039925,1.96477837023282e-05,6.66144116717889,1.10529875283251e-16
"Cvel_13367",2.49585332203518,0.00208475092830901,6.66073097714223,3.52540110478701e-17
"Cvel_6521",1.23140572614689,0.0128404344669442,6.66068552771304,7.55940026347714e-41
"Cvel_33131",3.10736879134869,0.030119947229962,6.66037988330943,2.75065801703883e-05
"Cvel_14180",6.66011830210634,0.000121810051709614,4.90207777994775,0.000585234324207149
"Cvel_4614",5.75167778585241,2.80751054427428e-11,6.65899749950691,2.26758577388346e-23
"Cvel_20610",3.04584942974647,0.0098120627741712,6.65552649199578,1.08329472423422e-07
"Cvel_19127",3.9608432117728,6.82477411730276e-08,6.65424822471569,1.31916769391985e-16
"Cvel_28241",6.15555019890638,1.76655710094832e-59,6.65326414569204,8.53662683348312e-46
"Cvel_14107",2.86827951672676,7.54095064640622e-18,6.6498007717508,2.95992208112005e-29
"Cvel_8074",6.64745189902745,6.35355412726424e-64,5.9257522064642,1.15582748391498e-177
"Cvel_11528",2.40924047690651,0.00840752242758118,6.64716861396089,8.04845217933236e-08
"Cvel_26652",4.63314514389335,6.66336979915979e-12,6.64655070208082,1.48102656971972e-25
"Cvel_3236",5.14149617545279,0.000330889133638049,6.64490490486135,0.000347632325401026
"Cvel_24210",3.25162741554333,2.67674013293852e-05,6.64259775267947,5.82081433796159e-28
"Cvel_21164",4.23525804874051,3.69733293984396e-27,6.64061600735564,1.26140608473949e-60
"Cvel_17126",6.10463381333908,3.04844249259105e-23,6.63944396634839,2.44883636551572e-26
"Cvel_6610",4.8548667222116,3.32581452725564e-18,6.63819088146063,9.75013060304413e-15
"Cvel_15563",6.63621728812923,2.87088680619879e-20,4.66002828701166,6.93218288652087e-19
"Cvel_9757",6.63621581826898,4.67595921774734e-06,6.61375799236639,1.56362078559937e-07
"Cvel_14861",2.31819135693227,0.00465854454802489,6.63464079577543,2.2118671692602e-16
"Cvel_5601",4.98964489288189,8.52586437505879e-13,6.63403695543702,4.12829487155342e-29
"Cvel_1778",5.30943509649471,6.36363813805176e-250,6.63329048651672,6.74670649070081e-118
"Cvel_11616",5.74721484473971,5.79688744656724e-13,6.63127530140658,9.32927827696829e-34
"Cvel_16840",3.27551293803613,1.01158252036035e-09,6.63111056596535,3.21116445147314e-12
"Cvel_19507",6.15052212839503,6.55848056224739e-65,6.63069039091865,2.53682164108182e-157
"Cvel_7644",4.76388474426138,6.21732902029759e-13,6.63015060816513,1.30936303473881e-16
"Cvel_5022",4.21365679056512,8.89464988130323e-19,6.62753828573694,2.56426410604285e-24
"Cvel_5624",2.53305685279217,0.000227910663330148,6.62734913836266,1.32105574395969e-39
"Cvel_36109",5.76643116839428,1.2057144670771e-05,6.62430132739711,1.695884531432e-07
"Cvel_8746",6.37304833132658,1.01811272481408e-15,6.62394770680462,7.96233778697219e-34
"Cvel_5854",2.97195306643323,0.017355054597518,6.62302100712511,5.01111215869596e-07
"Cvel_17346",6.62085435715435,6.05141610762071e-12,5.03316626335466,2.13157802733357e-10
"Cvel_13610",2.05840700523651,0.000107132742737765,6.61915736820337,6.90979745909024e-17
"Cvel_8034",4.54866063552401,1.11521651076165e-05,6.6179472728344,6.19793384483315e-06
"Cvel_10262",2.31361708172299,3.94940865963858e-08,6.61755898643656,1.02719196941011e-34
"Cvel_8489",4.78772964082833,4.37168891587545e-23,6.61708502038316,5.09561876336549e-82
"Cvel_20735",2.8675415447385,1.88432776052863e-09,6.61554089608076,3.46553187789245e-27
"Cvel_4660",5.34252412334713,6.40055026972089e-37,6.61428261472422,7.61655574341053e-12
"Cvel_21772",4.2788728112932,8.28384178440616e-19,6.61280374668626,1.86304806818889e-18
"Cvel_3763",5.56589356134861,1.74673908368239e-34,6.61272947020126,2.73907360320923e-51
"Cvel_12968",4.56393326183573,3.14003920417359e-15,6.61240049387924,4.60735093380573e-24
"Cvel_19175",3.35942701151651,1.30318278776418e-09,6.61043231348248,2.42909844510078e-16
"Cvel_18955",2.12401639445033,6.78229006319103e-05,6.60756335664439,1.85107632985985e-11
"Cvel_11455",5.58624665188945,1.52071991775768e-15,6.6073306827108,8.08433214303292e-21
"Cvel_17960",2.60747540174627,3.44057974948125e-06,6.60592438881369,3.82915945384558e-35
"Cvel_15914",4.0096499181888,3.53322671078392e-05,6.60141653467869,9.31492968623344e-17
"Cvel_6997",3.52622126974718,0.00025972148950947,6.59947874170065,4.9530645765746e-09
"Cvel_15331",5.57633170734018,5.74646052861105e-27,6.5991902957872,1.35137720241734e-84
"Cvel_7218",2.10703853947867,3.99381510145921e-11,6.598699352454,3.12394920135837e-25
"Cvel_10524",3.31844176731665,4.00390100930721e-11,6.59856696864393,1.32991381546149e-14
"Cvel_22696",4.15508017525163,0.000115077146162462,6.59829403412718,4.53366807368843e-26
"Cvel_10975",4.5482507448183,4.06445194842307e-11,6.5966686830189,1.81725366710636e-19
"Cvel_28384",2.56770777137694,0.000853299732391576,6.59552963534782,1.54587741283854e-07
"Cvel_1358",5.06536981490276,2.60760376959287e-13,6.59487848276272,1.50597241316105e-34
"Cvel_19557",5.37231858217794,7.38527235673598e-11,6.59459392208717,3.89887757836543e-15
"Cvel_30990",2.7163323511131,0.000551483388202249,6.59242853705894,5.33149840078891e-23
"Cvel_6341",2.41736003962806,0.0155515275240186,6.58710506103068,6.47285616046394e-15
"Cvel_5093",3.1868495116522,2.05502173964935e-07,6.58635252568246,3.1405638392607e-14
"Cvel_4825",5.01505156952857,6.61640543877435e-12,6.58623530234101,2.86257611315405e-13
"Cvel_17222",5.89646413784071,9.92849079248079e-41,6.5859703751242,4.52332286078545e-52
"Cvel_6317",6.30099563508935,2.32194301424983e-24,6.58288964012961,9.30038675152505e-19
"Cvel_19734",5.38909400374753,2.09467559499692e-15,6.58258970814599,4.46060986686977e-25
"Cvel_11063",6.58121893648868,3.31089734479229e-66,5.48618205937988,2.11791485411777e-20
"Cvel_27099",3.21010661078371,6.13120164919181e-05,6.57939482800256,3.02713131820324e-21
"Cvel_34553",6.5793269370494,9.14238882582603e-32,6.40482769336966,2.85728247110512e-68
"Cvel_21267",4.53231561437175,0.000187179577549956,6.57668460639482,2.87238352840129e-25
"Cvel_6206",5.8059690221761,6.59696591136455e-79,6.57383390300888,2.19141946636064e-91
"Cvel_23243",5.20848836889898,1.38498703474476e-20,6.57203161933075,6.51590754028324e-50
"Cvel_4479",6.56884771856267,1.32786045191849e-42,6.28889174796217,4.81007466473356e-41
"Cvel_28386",6.02664578030672,7.28195361925231e-15,6.56806284482366,1.41298712215425e-24
"Cvel_11313",1.61198374396068,0.00308419658858205,6.56708512715655,1.63966650363152e-10
"Cvel_27098",1.75107191375652,0.000579194529667106,6.56565271699017,5.07010143094678e-62
"Cvel_4334",4.94578391336141,9.17157401346574e-12,6.56515360042295,1.70318206344052e-21
"Cvel_26004",5.61566731185709,2.15943030514808e-23,6.56488254340674,1.08722818118314e-43
"Cvel_3037",1.7071459813088,0.00140976543282835,6.56469848434654,4.33679333447105e-43
"Cvel_26478",5.84092385791966,0.037838427543571,6.56463081179793,0.0003445379614937
"Cvel_9997",4.12973852488408,2.57074043986595e-05,6.56187139943615,2.72724632788844e-09
"Cvel_17487",6.56184206398907,2.30006983450732e-11,5.08632773553794,6.30745129214687e-13
"Cvel_1199",2.90920908106492,1.15346396381878e-05,6.55952655955143,3.73337445025727e-12
"Cvel_5460",2.48038726460998,1.73659240199981e-11,6.55685526408832,1.70236436303467e-17
"Cvel_611",3.03079298023038,7.72993144918649e-07,6.55550016823081,1.34117807140922e-34
"Cvel_1302",6.09110195955212,6.22314263842729e-40,6.55504767261003,3.21418025706271e-52
"Cvel_13072",6.55488152948065,3.20595264978302e-14,6.55322479547745,4.16919965563525e-46
"Cvel_24632",6.02557970344639,1.19567755007773e-50,6.55374932552673,4.67321046675102e-30
"Cvel_481",2.93853983377115,1.09367165195436e-12,6.54708891703705,5.27412808792067e-19
"Cvel_28357",6.54697193622233,5.13577582407525e-17,6.15671092422653,8.22373791889939e-47
"Cvel_1642",4.64200607938112,7.73204957637673e-15,6.54554182688048,1.98997249438389e-15
"Cvel_9450",1.70739022792933,0.00118692612457643,6.54514519533968,2.68748043783059e-36
"Cvel_25319",3.37856997770362,1.46506336680662e-22,6.54495987148736,1.15442152106852e-44
"Cvel_10376",3.50278612799625,1.41380109475509e-20,6.544775650511,2.99609476381838e-92
"Cvel_18399",4.04032993523077,1.80708042084285e-21,6.53933746192121,2.89547677945612e-38
"Cvel_4138",2.85232025402912,2.05502173964935e-07,6.53619113405335,4.00635074957363e-44
"Cvel_28016",5.30120426868366,0.000120991702511526,6.53596928411903,3.09007817615933e-31
"Cvel_14957",2.61031768055666,0.00262477944384945,6.53306868376618,1.52026775603297e-15
"Cvel_17716",2.83196967429158,5.41824621435602e-06,6.53103495134489,7.54586474430252e-21
"Cvel_21045",4.72059035257476,8.17434007808073e-06,6.53096361303037,9.26266780739786e-23
"Cvel_13267",6.07851932653934,0.00186327625952589,6.52801595936054,4.56166188686894e-06
"Cvel_32661",4.82224919614025,0.0211364608242879,6.52779247396039,0.000242927995586088
"Cvel_19548",4.6478877213241,3.11460440644676e-10,6.52766776533593,8.16024577010103e-19
"Cvel_1265",2.48473451693815,0.000788468635796894,6.52747233563902,1.42362171764998e-17
"Cvel_17962",5.2995970577115,9.08447681289497e-25,6.52674345244458,3.20418674329359e-58
"Cvel_4620",6.38479059903996,1.58113155514485e-21,6.52569418948914,4.30634792058734e-23
"Cvel_20957",3.40918280932753,3.12539111680793e-07,6.5249280023197,3.66759083260902e-91
"Cvel_23836",3.49796636556588,2.9122810671126e-05,6.52462459849164,1.28120554139099e-18
"Cvel_15936",4.28298795190985,1.35290829793059e-16,6.52454665964317,6.30776672650438e-83
"Cvel_9734",4.72120333597222,5.15171598711883e-06,6.52427809848535,9.59409660727016e-54
"Cvel_21346",4.56161895077752,3.61895742336155e-56,6.52316962690581,1.49744813605483e-47
"Cvel_7194",4.50149956788989,8.68262730474406e-15,6.52046248313642,1.91866084522522e-21
"Cvel_6388",4.54212089970137,1.72106551032254e-25,6.51910288205426,1.03783630764714e-63
"Cvel_25254",6.51859061837618,2.06887118271102e-10,5.43847484187379,1.97700483853184e-08
"Cvel_28242",6.51724218152484,1.71556159331233e-14,6.48496789156308,2.50399908269604e-19
"Cvel_21434",3.85623928162759,0.00713477921327428,6.51690623471582,8.66515327264929e-08
"Cvel_12517",6.40483911359057,5.13316046846739e-17,6.51676130158518,1.01248560060881e-06
"Cvel_15836",5.34946022103409,6.92169775027298e-75,6.51489470217125,2.73627201461065e-99
"Cvel_1476",6.51479252030123,3.72139842481986e-36,5.30261379934676,1.56755576179273e-18
"Cvel_18863",2.42455354422843,0.000254252015554891,6.51370081136194,1.23079216368166e-19
"Cvel_13365",3.67434049665225,2.94929052059541e-08,6.51260345080514,1.18363753803712e-11
"Cvel_2687",3.92730098656805,1.38719327504747e-08,6.50811549438135,1.84730207025849e-09
"Cvel_15642",2.10799978905913,0.00348548956664132,6.50683942036078,1.2488793684909e-20
"Cvel_5020",4.04012381060842,0.000695246222046802,6.50650772601247,8.14630173462279e-10
"Cvel_11622",6.14183870342268,2.285964094955e-28,6.50593823508549,2.91926966466533e-42
"Cvel_12791",6.50148707096367,1.55989890957958e-26,5.16028816435893,4.26607992786534e-12
"Cvel_1257",4.48285393997563,5.75274787319848e-16,6.50102142986759,6.4665418859592e-92
"Cvel_3422",3.7092784879288,0.000163838922092356,6.50074328979813,3.63473440603767e-17
"Cvel_12951",5.43083983287163,0.00031517389730603,6.49934992859042,7.54973386577968e-07
"Cvel_10171",3.31298117884989,6.42332652667893e-10,6.49903657995411,6.41243451065943e-11
"Cvel_6025",6.4911448512237,3.72595286352919e-24,5.5080493284362,3.16601934410603e-13
"Cvel_29850",5.34633751357447,2.9648613654382e-11,6.4906084725998,7.06919190403365e-13
"Cvel_12823",1.72281436306546,0.0150101422521672,6.48987714852084,3.04795886766229e-15
"Cvel_30112",1.97657241975464,0.0175181930846446,6.486833337403,1.62082822612056e-33
"Cvel_19860",1.80595180954962,0.0325311844029267,6.48655548363708,1.13862979811724e-08
"Cvel_837",3.25250923456062,9.25629165508586e-06,6.48608231591329,1.69567138166493e-56
"Cvel_27432",6.47762496362837,1.12036476262593e-66,6.48567342901869,4.44564843138761e-37
"Cvel_14419",2.13250201587059,0.00602517466120248,6.48086697321163,1.57705417313919e-11
"Cvel_12233",2.6490173110299,2.24808715129957e-11,6.47911292944071,2.66742105375832e-50
"Cvel_25932",3.40674362304705,0.00359243440887035,6.47864538970336,1.46923826030646e-08
"Cvel_6858",4.14644177957792,1.06201129758138e-20,6.47813813497204,6.24365607402616e-21
"Cvel_23970",6.47558547809274,4.25135346185214e-118,6.07406053905284,8.89877596161019e-28
"Cvel_15128",3.99303423371795,3.39380246084963e-09,6.47488304728374,5.96574739766048e-12
"Cvel_30968",6.47140937954378,8.78602593928913e-10,5.25379494947934,6.97591982758684e-33
"Cvel_6255",5.20028172604197,1.8129911756647e-09,6.47122273431263,1.09349066545036e-19
"Cvel_7463",5.5210388070619,9.798740360994e-36,6.47084540365933,2.45250542657863e-58
"Cvel_22482",4.51199199255681,1.25329476643182e-19,6.46997049165223,2.65196483407643e-25
"Cvel_25781",4.7517180572614,1.41259437354866e-23,6.46431083498803,4.23155873496054e-13
"Cvel_10630",1.93214277181228,0.00057867478862775,6.46357755098783,1.76781002344713e-12
"Cvel_10222",5.29508662642063,2.1755540178335e-16,6.45709043262492,8.37154129891192e-24
"Cvel_15996",4.14745914212087,7.47014400025622e-13,6.45667162025323,1.95320639311075e-115
"Cvel_4265",5.76730554378822,8.80620856324521e-20,6.4565728520882,7.07111500504655e-19
"Cvel_21515",1.29852247771599,0.00638285344064625,6.45649039431881,5.32014099416699e-59
"Cvel_35592",3.13730072918565,0.000358636886771877,6.4550822206991,1.56866912407594e-06
"Cvel_13242",1.90068361633852,0.000102010980933481,6.45409803285661,1.17424209477044e-43
"Cvel_9897",1.88798828316859,1.82521107733134e-16,6.45347018866229,3.33421778982596e-68
"Cvel_23414",3.54148948864299,3.59134265661246e-05,6.45230072369771,5.18537876228305e-36
"Cvel_9316",5.4873843839771,5.87926135176647e-17,6.45180085198164,9.33646557783759e-09
"Cvel_9813",6.41109292979881,0.00899018939717268,6.44631530364689,0.000343705955334813
"Cvel_15312",3.39470977119296,3.49222264400865e-11,6.44565237289417,2.61427482350975e-54
"Cvel_16387",6.44424279319546,2.95030320864914e-14,5.83148105681121,4.25361950246798e-37
"Cvel_34817",6.06537035895056,1.87021607522253e-11,6.44333369048369,7.55734428909509e-12
"Cvel_11025",5.11410155165428,6.2369312226517e-07,6.44259628799065,2.95426854408057e-14
"Cvel_15285",2.03724171521897,1.41178732689648e-24,6.44190278364224,1.50233260512598e-109
"Cvel_26553",5.37511535185532,2.34799277547189e-07,6.44189780779676,1.18031464998503e-41
"Cvel_18737",6.44069525435411,1.19461326741189e-20,6.00952094807134,7.21364369807461e-14
"Cvel_10856",1.35786749769339,0.0127598891063409,6.43923421543641,1.57098850529633e-15
"Cvel_18754",6.43902394394846,0.000324658068125779,3.95253306764332,1.80184485774382e-08
"Cvel_13359",4.41084598156795,5.88313032198516e-34,6.43506271909466,2.96492804438394e-17
"Cvel_21739",4.0387115016783,1.95486565776892e-05,6.4344444418542,1.76605693141616e-46
"Cvel_17513",5.26677887025667,4.36160766482761e-30,6.43070374560003,5.04858889408463e-10
"Cvel_27633",2.25670313826662,1.28434165476884e-06,6.42943185225705,1.06143008604623e-15
"Cvel_11146",5.99301065742642,2.31964944532198e-27,6.42909528946248,1.28199396938234e-50
"Cvel_4911",6.13536853144494,1.37988889843663e-34,6.42807707239565,2.58712071623824e-17
"Cvel_21624",3.66772497263575,0.000117295328616763,6.42446980539747,1.49057240018186e-12
"Cvel_742",5.25922076297817,4.03404557127248e-11,6.42253595324923,7.02480895180979e-18
"Cvel_26621",3.81029617770965,6.86723908751189e-13,6.41813988062296,1.17019349067771e-23
"Cvel_24424",5.41481913953571,1.95122603758845e-68,6.41803621106463,2.86321637050368e-15
"Cvel_16472",3.19989857757326,1.28059365204661e-10,6.41699585362685,1.91383674453608e-22
"Cvel_29704",1.66124000449978,1.82222545268573e-05,6.41579116286064,1.15056214432484e-07
"Cvel_17251",4.11678435120212,0.000101765612927316,6.41557573170771,7.50745770704791e-21
"Cvel_17323",1.42627351717479,0.00351224891801902,6.41475491729949,1.3866239926345e-80
"Cvel_28863",3.66622006218965,4.60335282946396e-08,6.41416139578419,5.6613102669324e-11
"Cvel_15403",2.92965903942578,0.000335536678314825,6.41045585579468,1.73626558747762e-19
"Cvel_13157",2.37689658686277,0.000127650309676541,6.40742796454308,5.03288971624625e-08
"Cvel_8939",4.94352811304572,1.04174994753844e-07,6.40529881745476,3.84402217801473e-07
"Cvel_26465",5.59197539819979,5.5710034027534e-17,6.40440888184169,4.54637262438213e-23
"Cvel_19719",4.87687540290062,3.57803651751367e-48,6.40438183963447,8.28579693984361e-17
"Cvel_18343",4.37694479446821,3.34932043892887e-11,6.40131937645438,2.37023001270178e-29
"Cvel_21143",2.07458264581119,3.11324376334819e-06,6.39983345132535,7.53440754981201e-45
"Cvel_21000",2.4419168632902,1.08551745327314e-06,6.39926704403226,3.27321476635095e-26
"Cvel_22049",5.01324382230152,3.1386695455642e-18,6.39853256155458,6.10567585195933e-54
"Cvel_9580",4.31134751675021,2.32437941800833e-13,6.39538907999065,7.97612378988005e-28
"Cvel_15133",1.43865465820078,4.92180215740201e-06,6.39344620886137,4.06673522929778e-43
"Cvel_14043",3.71800227502917,1.18259337129918e-07,6.39261557207791,1.05461542981681e-18
"Cvel_16773",5.16552745129347,1.29695469701642e-09,6.39199312433107,1.09741409766601e-09
"Cvel_23496",3.05405902157501,1.64348047538697e-06,6.39133138917101,4.32663359460422e-13
"Cvel_4128",2.72008055019422,0.0355576055859765,6.39004551326178,1.54421191411629e-06
"Cvel_8453",3.46399636750591,8.88745256631043e-06,6.38993634618021,3.79973945848419e-08
"Cvel_3054",6.38786571699503,1.86771361727733e-17,5.76296589796634,1.07222116430406e-52
"Cvel_1521",6.38772212939851,1.39839795856049e-34,6.23354754170617,1.19675692511378e-24
"Cvel_21636",3.86849913203004,9.07645596708046e-10,6.38747675305794,1.65090303921315e-31
"Cvel_19442",1.69856189998405,0.042618323670675,6.38729060193118,9.53484998897898e-33
"Cvel_15923",4.53769154785343,8.32296452366575e-07,6.38678791950272,9.42911240383759e-17
"Cvel_8274",5.20027448141013,5.41857738026399e-47,6.38659440357539,5.96464744447922e-38
"Cvel_25331",1.98389706105087,5.1468312538194e-05,6.38553015020236,1.22532694168401e-17
"Cvel_11056",4.15719424754703,1.38761032812096e-35,6.37810676683028,1.73492147603649e-92
"Cvel_20079",3.57951055157567,6.09767718431904e-06,6.37635377469219,3.62750803274916e-10
"Cvel_3413",4.3899771505181,2.89833433492809e-14,6.37273817320352,6.79918889828014e-14
"Cvel_26391",1.82771948038604,7.99253208449172e-05,6.36953565354393,2.48710168974477e-15
"Cvel_6385",2.36172447917912,0.0167666384863474,6.3688859409694,3.53487533404235e-08
"Cvel_7692",4.91630436788131,1.55979306382744e-36,6.36839062912021,1.0915290033462e-22
"Cvel_23253",3.82658267509087,4.55920070401108e-11,6.36831781740314,1.39748792416234e-16
"Cvel_3258",4.75110680770202,1.08758947894718e-20,6.36771890862333,4.61432505278221e-38
"Cvel_29509",6.18585133153254,1.40879804735109e-12,6.36605413331789,1.33690010344228e-34
"Cvel_21677",5.43668388675668,1.31283152044447e-57,6.36360063970985,1.14691386625861e-64
"Cvel_23657",1.28618892379977,0.0137584148196842,6.36348224122484,1.87899176376762e-18
"Cvel_25867",2.61225885133479,7.05029586884844e-05,6.3614938296651,4.51575692339914e-20
"Cvel_19893",5.78626159084577,2.32667296070795e-14,6.36037613762765,1.04506091097458e-10
"Cvel_21565",4.20821410672857,8.00169141778813e-06,6.35976014641359,6.53961135964391e-25
"Cvel_31870",5.68297095634336,2.20419250259736e-12,6.35783506002402,4.79777925623018e-12
"Cvel_12085",4.32821838234411,4.43964488312694e-35,6.35485348118024,1.60074913379385e-45
"Cvel_32614",5.28613426968386,3.72225787766642e-08,6.35282607055295,1.0681599862638e-19
"Cvel_23082",2.2997726259558,3.23975224569314e-05,6.34878099887629,2.16921132449157e-17
"Cvel_16194",6.13689534229551,1.17383399587398e-08,6.34861194404777,4.32557023458093e-13
"Cvel_20249",4.1361454501455,7.25019968780357e-21,6.34652497268162,2.11202778951357e-31
"Cvel_10736",5.28271218199207,1.01303642379795e-50,6.3443790898869,3.72418011660059e-60
"Cvel_5680",4.91396761976619,2.92471614570594e-11,6.34435227570317,3.95320487244836e-17
"Cvel_14343",2.81502604076115,0.00012046581043232,6.34365910636091,6.47944674346827e-11
"Cvel_34851",5.17081934070099,7.54116344682396e-24,6.34360611445837,1.73564203139946e-24
"Cvel_30765",6.34217652879993,1.48564344998831e-41,4.85813914880029,1.46791167682379e-16
"Cvel_27440",5.60278605965638,2.55970604498522e-50,6.34191777605794,4.27342455375778e-27
"Cvel_10257",4.87376397224503,2.64861469118659e-10,6.33932275709756,4.09473389755177e-12
"Cvel_16190",4.42027350204485,1.30349976033127e-10,6.33880149979764,9.4488121024525e-32
"Cvel_6230",5.39709766105207,1.62073819803361e-26,6.33744697405734,1.37330471240103e-33
"Cvel_22331",5.836726394798,0.000180016782349586,6.33711346691643,0.000135128671923125
"Cvel_11482",6.33682717310262,1.8425595261326e-153,5.9328507113369,1.03718976633272e-53
"Cvel_12583",1.05297094863242,0.000137200554100601,6.33657824914514,4.70635111438358e-63
"Cvel_12697",2.51673576212307,0.000543358745901797,6.3357806027154,3.48237919112259e-29
"Cvel_18041",3.72766329374223,3.69913600029252e-13,6.33368465726992,5.07153809027502e-18
"Cvel_7489",4.60889403222403,6.62095256596298e-05,6.33028605678197,5.97255384463494e-07
"Cvel_27874",6.32895063041938,2.97123065032268e-15,4.86159896325694,1.98796083068967e-07
"Cvel_28888",6.27388972777128,8.06628507029813e-11,6.32735778949174,1.59443659566802e-11
"Cvel_9317",4.24374034714679,9.38610606504447e-09,6.32616759430606,2.19791117607356e-07
"Cvel_27947",3.18507511285204,1.73283339488437e-08,6.32151612611657,1.846035043406e-06
"Cvel_5002",4.17224173505166,1.49590927742824e-11,6.32075684141617,7.27140671266146e-19
"Cvel_10913",2.4709710973169,2.24099795511037e-27,6.32008871984746,7.26598762773711e-88
"Cvel_22377",1.47889108904823,0.000451931417339616,6.31960168283315,1.24534482720889e-30
"Cvel_1995",4.04335060009275,6.6367894890394e-15,6.31783884719601,1.78640903350444e-23
"Cvel_25377",3.28024464548105,2.26644215635413e-13,6.31747072710311,4.24423271810794e-90
"Cvel_13277",3.7354472903446,5.29438340387606e-18,6.31733067058886,4.03421738957708e-17
"Cvel_20908",5.70609330182024,2.79958161687937e-19,6.31398458622195,4.86873152304406e-06
"Cvel_6756",2.72633795429841,0.0014864133070909,6.31311752109813,2.22983852563061e-11
"Cvel_11962",3.45703110901475,6.91998378910013e-17,6.31250949080485,1.41204996602686e-26
"Cvel_8329",1.36306309260146,0.00015849556398459,6.31200914416614,1.34095279165656e-42
"Cvel_12025",5.23825431716258,8.05446644274747e-15,6.31132614293967,5.47914760345774e-14
"Cvel_24816",3.69521797489888,0.000733493966891847,6.31128858950721,2.09643250006323e-16
"Cvel_17543",3.34140761939258,1.44302700576284e-20,6.3108950059428,4.73301590894639e-50
"Cvel_28802",3.57933638231152,3.86438819584897e-05,6.31073296694513,4.52596460952861e-28
"Cvel_428",3.02791322686553,0.0163031418915559,6.30887753061565,3.78084629422448e-12
"Cvel_26626",3.65909376229312,1.92214494987382e-08,6.30734158724256,2.38752309459027e-35
"Cvel_22752",6.30690110105945,7.62163409326167e-30,5.13506509828863,1.30977309521593e-08
"Cvel_7751",3.20935805165825,1.23279168282272e-06,6.30381696825332,2.16463761129825e-10
"Cvel_10914",2.54876430504188,2.57243481493812e-35,6.30290429522948,3.52006649131054e-101
"Cvel_18855",2.62835059533984,2.72192760706868e-11,6.30016432287824,9.32340954367114e-31
"Cvel_15278",1.66663944943987,0.000434729040811903,6.29864066572092,8.59266196950823e-71
"Cvel_12305",6.29662873149979,9.87202942893828e-69,6.27403416829095,1.9662412146351e-73
"Cvel_25779",4.36285002373494,4.13299181502492e-12,6.29366901850856,3.20082182391177e-28
"Cvel_11804",6.29330057756514,1.86779506283744e-77,6.15200357364549,5.07216144847139e-74
"Cvel_18680",6.29084297908017,0.0110255953690427,2.95557772696272,0.0230236879856709
"Cvel_27524",4.9367573628149,6.11231283766167e-54,6.28868738357127,1.05094086626772e-94
"Cvel_22238",6.28456730804705,6.69609174959931e-19,4.86919141030179,5.71486978118902e-19
"Cvel_23807",5.70181503141489,2.69888269432039e-13,6.28444205831953,3.18360743501611e-18
"Cvel_8696",5.30973777272561,8.97938337684274e-09,6.28295978237783,1.89759575385214e-11
"Cvel_21130",4.48545932024133,2.16745480211062e-11,6.28216062287301,1.19120305977223e-11
"Cvel_5025",3.70512748138613,1.73818838395132e-15,6.28037933547206,9.93034719759736e-19
"Cvel_25363",2.1198750192341,0.00257890294582968,6.27798981731316,6.43582509052315e-70
"Cvel_24229",1.08778461624679,0.00928016653394816,6.27620409335717,2.02013921295196e-33
"Cvel_21483",1.90134019605117,3.61828113391169e-09,6.27485547438343,1.3054921796364e-12
"Cvel_11265",4.67760448843798,2.01945442879436e-18,6.27297943256687,5.31456336813771e-36
"Cvel_1820",2.75195800777265,3.81250387237778e-07,6.27209504398494,5.11673561967886e-18
"Cvel_26213",2.94776609653358,6.76403500867171e-14,6.27202643241528,3.48492778409413e-14
"Cvel_7073",6.27201613070423,7.9598161102791e-25,5.0741372180119,2.45369805916233e-14
"Cvel_15522",6.27044499480499,5.01446940204309e-46,4.14860123091818,1.31329337390919e-12
"Cvel_10044",5.11458658025001,1.63831113229356e-43,6.26707971953518,4.7673457521949e-103
"Cvel_27083",6.24610241206036,8.34045761345416e-20,6.2664021522715,5.30671689207962e-10
"Cvel_14477",4.8977126185135,3.93373074927845e-07,6.26628351773183,4.45016742859626e-11
"Cvel_4698",3.72847681606704,2.11713461163699e-05,6.26535169599446,1.03979714117065e-21
"Cvel_12488",5.91836479916989,1.33119592896932e-28,6.2628643072082,5.96436057115469e-17
"Cvel_6098",4.96906783841968,1.59039354950008e-32,6.26169874646376,1.79939144800126e-31
"Cvel_21526",2.99690522199841,0.00925713736348523,6.26052570135891,1.04141965574408e-14
"Cvel_17947",2.5702873142503,0.00012321297034564,6.25869313673591,1.4323337925575e-22
"Cvel_26464",3.03252185839211,0.00959353623240398,6.25863592417768,4.28428531122877e-19
"Cvel_13186",6.25536793687479,8.31787447238571e-41,6.10639968100792,7.78770716067183e-61
"Cvel_19683",1.52952295644249,0.000413732347627127,6.25215115502538,1.92952826020088e-42
"Cvel_9504",1.22924676836118,0.000102219829510367,6.25089481733553,3.33154176686656e-69
"Cvel_19595",5.76397194040766,1.69737720924894e-46,6.2508213018302,4.36465473726325e-55
"Cvel_24755",6.25021702026224,1.13585429351924e-07,3.2803757885096,7.79158886386264e-08
"Cvel_26417",5.10863824469933,4.22743177526446e-49,6.24906769226627,1.53636031140436e-20
"Cvel_20520",3.27322644383683,9.80561541833428e-13,6.24737920715039,3.37184231025328e-48
"Cvel_2771",4.69548469367213,8.02755611701912e-33,6.24674828190206,3.83969892885406e-65
"Cvel_33291",4.1251753619389,3.82173315029317e-07,6.24586322242007,7.03156674942442e-21
"Cvel_29758",3.41892481293027,3.09957997571006e-05,6.24353109556501,5.7581480201221e-12
"Cvel_2620",4.51495180654111,5.5778457051886e-08,6.24174423051579,5.35791640026998e-23
"Cvel_24710",2.0250376368714,0.000302130291093924,6.24147528687072,1.57671345247057e-14
"Cvel_25934",1.39762090843866,0.000538726456133652,6.24113249042623,1.09735844043356e-36
"Cvel_17299",5.32662614944429,1.14628459633882e-09,6.2409023322667,5.26093810122241e-06
"Cvel_24507",4.94304184422706,4.35165417639903e-09,6.23897784675131,7.88163100043233e-10
"Cvel_23412",4.47494244571433,1.43609580216131e-09,6.23799215499737,9.9998995975627e-16
"Cvel_6053",4.42189928896196,3.27258390620079e-13,6.23611696404064,7.77763574446232e-13
"Cvel_7090",4.16419663407832,5.45061530562181e-09,6.23534810496182,2.74078929509488e-95
"Cvel_22387",3.90043380164952,8.02303920567188e-19,6.23091046090998,2.84472958329891e-36
"Cvel_17434",5.1409191576523,5.67290578872668e-30,6.2277272211146,1.02186423204709e-18
"Cvel_29834",6.22739318529886,1.27276420460165e-23,6.04260988281117,3.94144246789493e-25
"Cvel_4326",3.58171427173865,0.000126244435107655,6.22222943982033,1.89044988727392e-14
"Cvel_8656",3.73203379571623,0.0200943335919964,6.219355615964,2.68875989922107e-05
"Cvel_25739",6.21751677393822,8.25384788187379e-08,3.49814152935213,0.000421844117017145
"Cvel_24641",3.64270238718299,4.0013904938438e-15,6.21461699013453,2.0059176937225e-28
"Cvel_23154",4.24840730210817,3.49172769062743e-10,6.2143916138156,1.01396410323109e-28
"Cvel_10658",5.36326781303245,0.00046428483169868,6.21436483356041,8.66571076181692e-09
"Cvel_25306",3.47130123135935,0.000247422912124382,6.21304968047291,1.12527839076642e-12
"Cvel_3646",4.57179058729308,3.55337552388809e-18,6.21182834734428,4.26809179336401e-13
"Cvel_20515",5.37347575599935,1.12698571259699e-14,6.20842952718968,2.83522277687813e-10
"Cvel_11625",5.38202750163032,3.97623353274344e-13,6.2078328079843,1.48637639474201e-15
"Cvel_25423",4.86321054233501,2.51576770457279e-10,6.20533164669923,3.36480552606367e-23
"Cvel_16182",3.94169282284392,4.45283617620113e-06,6.20272346386153,7.57944512376231e-14
"Cvel_5307",3.73739507578909,0.00012046581043232,6.20038172389332,3.41305441755592e-16
"Cvel_4017",5.9660442677258,3.57579890766048e-65,6.19985102014595,3.49960551025964e-154
"Cvel_7846",5.34604748230343,1.89078515855746e-17,6.19921526141346,8.65745750082998e-08
"Cvel_13427",3.83901511871274,2.08120396509225e-08,6.19856718511202,2.0137438830141e-10
"Cvel_1475",6.1943129449186,3.08077600524416e-14,4.30839713154134,9.96627591906943e-09
"Cvel_29529",5.9543406204194,0.0286812307115818,6.19361608133898,0.00110313299908298
"Cvel_11255",2.99629069557916,2.61717123948043e-28,6.18845152552249,3.48872785929021e-65
"Cvel_27715",2.73541382283459,6.7498282786122e-06,6.18635686352279,1.15416359860583e-10
"Cvel_11698",6.18566925473223,1.39675274590848e-71,5.93289061989685,5.34759745000716e-75
"Cvel_24694",2.69277159924513,6.34676701307845e-08,6.18521074562698,1.81453818884199e-51
"Cvel_19882",4.30206933706924,2.13728686970754e-33,6.18406798786357,1.74490374040449e-65
"Cvel_18656",1.38807510440159,0.0224472780831672,6.17986128570374,8.99245853866297e-10
"Cvel_23520",6.1666487363769,2.02206630443989e-96,6.17880602405747,2.15152394159485e-58
"Cvel_6914",3.27714700851645,0.00573256751053183,6.17655006051203,0.00166559939536141
"Cvel_3389",2.21322277368309,0.00460248065710875,6.17598865395644,8.14113169121532e-08
"Cvel_116",4.79445651874475,1.50914195140055e-14,6.17415841398963,7.88638349592678e-36
"Cvel_26905",5.51299858884985,3.52792938076462e-22,6.17222236510256,1.96714858415423e-21
"Cvel_30320",5.56225314197896,9.14756183076204e-11,6.17065220003935,2.02480862204342e-15
"Cvel_9505",6.17041094193063,2.52939142423087e-39,2.83031808991223,1.41312291599638e-27
"Cvel_14398",5.02701315183517,2.9322445418995e-09,6.16952315921357,1.75733600200826e-36
"Cvel_11672",6.15234149473282,0.0174600837674124,6.16950710320149,0.00125484261213291
"Cvel_773",1.94288454901666,0.00132333831882599,6.16711299994946,1.0092385446794e-13
"Cvel_9375",1.00011085016598,0.00421276922915404,6.16635645917482,1.38272274977071e-10
"Cvel_23279",6.16566840228927,1.24272192355724e-11,5.72144752789661,3.16287171679827e-08
"Cvel_15129",3.88560793925153,1.93247279442714e-08,6.16454406437301,1.03384890197004e-10
"Cvel_1749",2.00473992633789,0.0161035046828012,6.16356007102343,1.46641186870126e-35
"Cvel_7049",1.86128625157032,0.0292642143041144,6.16305151023414,2.32802032229936e-43
"Cvel_23394",6.1600190384432,7.03147301972832e-44,6.04923484896332,2.12955422717883e-37
"Cvel_26537",4.64050512157744,0.000197224146620519,6.15820046217509,6.68687009607697e-46
"Cvel_4602",2.15353678623157,2.66593584174743e-05,6.15776910767373,1.12500869308411e-07
"Cvel_9460",2.27997833027119,3.45060468346924e-07,6.15607325294483,4.83219862365934e-42
"Cvel_1161",3.95783420498943,0.00233932404255306,6.1554184708364,1.92049730907233e-10
"Cvel_23195",4.31216802486302,2.42475726424854e-05,6.15184341643741,1.88201883812632e-14
"Cvel_27784",6.15145329442342,7.2245486883503e-26,5.99056031323998,2.9708497620855e-11
"Cvel_26485",3.15060081478974,0.000200495825661167,6.15128396079968,1.56040008588511e-30
"Cvel_9812",4.65454189359581,5.99699369932174e-16,6.15058844316702,2.46386233918491e-15
"Cvel_22824",4.2786451631025,0.000931234546979321,6.14688865086413,1.22918475385274e-11
"Cvel_28709",5.65361028969979,3.68503203785533e-65,6.14649649493222,3.15992635090672e-52
"Cvel_24819",3.57905049873512,3.41298314809815e-10,6.14488197973483,1.40985792578797e-15
"Cvel_3364",2.2897394893238,2.95572249413887e-06,6.14334431518264,2.92214581614868e-12
"Cvel_19898",3.15654129440654,1.46028867542636e-12,6.14315598919648,1.77523546064223e-20
"Cvel_14456",5.22048800362081,1.51071499801553e-07,6.14274004059134,9.35524928288178e-10
"Cvel_15081",4.5090160711797,1.57754271768382e-24,6.14216734379786,1.43653108598927e-25
"Cvel_11531",1.87950056984804,1.64703059361034e-12,6.14029900441966,1.54931075271146e-24
"Cvel_11621",4.2921762633935,4.31140420691962e-12,6.13985545773302,1.1091478938782e-59
"Cvel_16883",1.28228862641858,2.87410117449865e-08,6.13944051507162,2.59191888613085e-64
"Cvel_19207",5.11085944005145,0.00832350955195429,6.13035887627094,3.17432152544942e-06
"Cvel_4861",5.0908681345712,5.08502471681699e-21,6.12951566702868,6.53137009405357e-16
"Cvel_8963",3.71887165788399,1.35302127648211e-08,6.12809231343075,7.69063529448638e-17
"Cvel_10657",3.87636905170687,7.83446177272662e-15,6.12648977917633,1.27205136614621e-27
"Cvel_17534",3.23568699509031,2.50042369717572e-05,6.1242639846844,8.78168540445292e-10
"Cvel_19434",4.87371732499481,9.83860815921894e-13,6.12341077671978,3.76035775391669e-48
"Cvel_23718",3.7086000214191,4.54714329379223e-09,6.1220125121484,8.9360050493273e-21
"Cvel_28538",3.07260914032828,2.37374858535256e-14,6.12085206066917,1.05512134305495e-100
"Cvel_23465",4.23621841242927,6.44456170283764e-12,6.1199399835831,1.29456816592042e-23
"Cvel_24061",3.41364528536741,1.79249128682166e-06,6.11983741840825,6.47115584908677e-38
"Cvel_18828",3.52498846467502,7.81303673931813e-06,6.11943051631516,5.74462625090360e-11
"Cvel_29840",3.72451297735423,2.84972709899819e-12,6.11813853475315,4.6972058851931e-13
"Cvel_22120",3.21855506666874,1.92726815511586e-16,6.11772471479281,6.23077715731171e-35
"Cvel_934",5.13034767749473,1.6318745855602e-37,6.11396039178128,5.54167165599614e-99
"Cvel_16783",6.11319333361116,1.65398108303965e-64,5.0475402432345,1.57388452252176e-31
"Cvel_10893",1.60655169330626,0.0040238107987585,6.11129811965125,3.92363968962211e-14
"Cvel_15383",6.1085038355761,1.21661900828588e-49,5.98252354987827,9.61118045616734e-31
"Cvel_33731",4.49256879480036,0.000494195952642993,6.10416801945705,1.52261606846744e-09
"Cvel_19862",2.14410949328568,0.0326651774688076,6.1041519797634,2.47433607689694e-06
"Cvel_2125",6.10406156371624,1.71179013260911e-18,4.92099585652268,1.25425033452293e-06
"Cvel_3259",6.10394403617561,3.4583147318844e-96,6.09368851192332,2.61413449261215e-30
"Cvel_14709",2.52594807643101,3.6784555366186e-06,6.10167490721623,9.24636578700268e-116
"Cvel_7991",5.58554968908615,4.09795747535538e-31,6.10136041329651,1.03987171287249e-32
"Cvel_26548",2.20352218894037,6.06779219197566e-05,6.10087885873563,1.56587624886513e-62
"Cvel_16985",5.26621534843951,1.50899566080648e-10,6.10047128666999,3.14593218244984e-18
"Cvel_16864",3.13764003354688,6.14708196282411e-06,6.09951454273898,7.58932027764696e-08
"Cvel_13879",3.21933399734804,0.000339305300513403,6.09932222090274,1.27429451696803e-15
"Cvel_12012",3.28820587810757,8.59802523059462e-06,6.09832112954579,1.26317836682311e-13
"Cvel_916",6.09830560227241,1.10943302808987e-14,5.66663210684716,1.86189725737076e-10
"Cvel_17836",6.09771049736504,2.15927868388451e-23,5.66935719592889,1.98124824005633e-29
"Cvel_9550",2.18256721205392,7.19340396969075e-07,6.0972036327095,1.74878912876231e-17
"Cvel_4182",4.34449995010496,2.19114285275554e-25,6.09648168791579,1.24838730787641e-28
"Cvel_22584",2.00543094800364,7.72616974286083e-05,6.09604190418982,7.71108983249016e-14
"Cvel_21635",5.60296712681321,1.7821242701277e-09,6.09545921521735,1.42628532514106e-08
"Cvel_22124",5.60126580986526,1.39602655478771e-10,6.09518067168543,3.78573225139755e-07
"Cvel_6640",5.31201001737872,7.96370139636095e-25,6.09337162099562,3.21980258513627e-27
"Cvel_28116",1.07490634380199,0.00278479253164726,6.09249184672334,2.83766932511009e-18
"Cvel_3349",2.14697063209332,0.00144288136246019,6.09088787425784,4.12191346275423e-55
"Cvel_10258",4.7124906998876,1.24928922760244e-88,6.09041299010594,5.11323739243992e-19
"Cvel_1933",3.47280595606913,7.65342941680402e-08,6.08768825381454,2.76755665046721e-09
"Cvel_11565",4.91725608910066,3.85975037315997e-30,6.08577954368862,4.05764068503033e-31
"Cvel_22939",3.80096091602879,1.29737147742461e-42,6.08083951141191,7.34524851584894e-29
"Cvel_23665",4.24763841146936,8.66793174481978e-07,6.07963497935423,2.15085492204493e-08
"Cvel_12863",4.12413469628201,0.000180304054055196,6.07801092350867,4.40769337906264e-12
"Cvel_17993",2.6066013931211,6.97671868451081e-15,6.07709440936939,6.21509030660261e-40
"Cvel_3036",3.97325455194746,3.03115882358869e-15,6.07040850191426,3.05014349450511e-17
"Cvel_27544",5.27670494618967,2.22870399025283e-78,6.06917413945537,3.38632990033188e-26
"Cvel_3560",2.81299143580807,3.09155876560293e-05,6.06858791650919,4.35003039840349e-16
"Cvel_8056",1.28073842425788,0.000113424299256374,6.06829467819011,1.69404439020916e-94
"Cvel_13445",4.92112796727254,1.1874181300535e-17,6.06815365480644,2.54451779237077e-15
"Cvel_15650",4.5408051283402,0.000217786147191295,6.06769681844093,4.20486692169805e-20
"Cvel_35469",4.17389836167448,2.39027724903352e-05,6.06594393053002,1.90237819316714e-09
"Cvel_3954",2.4039770475421,7.74187821354461e-18,6.06387399369195,7.08031359645207e-44
"Cvel_24934",6.06344966025492,0.000105826906361296,4.41946510499378,2.12440300011571e-06
"Cvel_31847",1.78460898112004,0.0341923090813483,6.06333372615388,1.96962471546383e-08
"Cvel_7196",3.64480383346477,0.00110672219998895,6.06296389120239,2.97595158834498e-07
"Cvel_28079",6.06194575717153,1.0600980266195e-31,5.90967252071276,4.71308630562255e-55
"Cvel_30363",5.05440641729176,1.44765267727422e-21,6.06051575587998,1.25685286417793e-50
"Cvel_11400",3.31976753728662,1.00094180995364e-05,6.05875292319226,3.20637654656561e-19
"Cvel_1101",4.12980764457516,2.13905709423492e-41,6.05787558225277,3.0346615717607e-23
"Cvel_21433",4.49105703336781,0.000338808472101456,6.05721579310944,4.44736755559483e-08
"Cvel_925",6.05413186861811,3.72563039919849e-81,5.25234026919746,3.8050055955227e-107
"Cvel_26644",3.09240888995216,0.000591253254437911,6.04929864785159,3.04764719387847e-09
"Cvel_18482",2.50305693866629,3.29541758084761e-19,6.04572007886533,5.86000497656526e-42
"Cvel_5676",4.74186124633606,3.43983908732984e-17,6.04475000332971,3.86246401223960e-11
"Cvel_3992",3.51721268261537,1.66038615113059e-28,6.04469554686237,2.98301586936919e-35
"Cvel_25299",2.16841277273669,0.00427020892930153,6.04454231083716,1.90313426969052e-16
"Cvel_26530",5.37895880657458,9.84442827674176e-42,6.04275705631334,1.58835802142593e-163
"Cvel_9946",4.31704346747585,3.12167861880343e-30,6.04107737622203,9.63486972384204e-58
"Cvel_12941",2.86726018815013,0.000182175016347738,6.03807525176365,1.04963101906349e-11
"Cvel_22787",4.84960355002766,2.01578771053546e-31,6.03728923772191,1.24237323545864e-24
"Cvel_4350",5.74759728668826,6.36363813805176e-250,6.03284411266934,3.83399829425021e-93
"Cvel_3691",1.42818688648235,0.0233756579359535,6.0322604464094,1.8390690898385e-22
"Cvel_24379",4.62205911265824,2.60552040133346e-73,6.03110473962671,1.10156095652894e-70
"Cvel_6827",3.42203234104733,2.77795480656474e-09,6.02716989633667,3.7709522955701e-56
"Cvel_26752",5.10721816011234,5.0098225835082e-20,6.02573683940146,1.62809718565212e-19
"Cvel_18421",5.45106853511088,1.1108514839709e-39,6.02432135360868,1.72046349518512e-18
"Cvel_10823",6.02357982769166,4.95024062524099e-34,3.8826417546556,1.63769762915046e-68
"Cvel_23380",4.4671561856337,2.81850589815572e-32,6.02154786869502,1.61393581842647e-15
"Cvel_10915",2.28208910579612,1.81010988320504e-09,6.02143157921164,6.48626222761973e-53
"Cvel_13513",2.21009918243759,4.49595836670282e-09,6.0208533879202,2.1988419583123e-42
"Cvel_16158",3.71666958561757,4.73671352289814e-10,6.01916502591281,2.28583975127656e-14
"Cvel_6870",3.5162117806745,4.35030010060077e-10,6.01593214765269,1.95373629076233e-24
"Cvel_17069",4.79208006750143,1.69514049146589e-24,6.01319917450437,1.13897688022711e-16
"Cvel_14544",2.65435834860222,3.6742701636312e-06,6.01224665114658,7.34904126297941e-24
"Cvel_5238",1.07882831322228,0.0232987845331235,6.01217606468453,4.13157542046748e-56
"Cvel_1756",4.04558952451178,4.74769872258884e-12,6.01010708069062,2.7914662986254e-32
"Cvel_23302",3.70723693858953,7.23801230514659e-06,6.00922731069524,8.11426497932545e-16
"Cvel_25966",2.02065330391995,0.00131062021383485,6.00707605346507,6.13652991727448e-28
"Cvel_8273",4.46852232723589,2.55123410467744e-25,6.00678314996784,1.66408518763307e-25
"Cvel_33326",4.90432342449996,4.72880959460667e-08,6.00636823576475,2.99508759656583e-08
"Cvel_10829",1.26802124440332,0.000853905773085308,6.00583743934364,1.71278439903643e-23
"Cvel_13408",5.7623690407711,4.53745293524595e-10,6.00474652963181,2.50433966349538e-12
"Cvel_15747",4.45012658810249,8.59631766569702e-11,6.00357152752803,2.2044442297785e-40
"Cvel_17358",5.99963213397606,0.000194377329578441,5.95536250950723,0.00280987441729348
"Cvel_32216",5.3949187344177,1.49619684706617e-13,5.99962009853402,2.07872428019079e-23
"Cvel_15113",4.3461260937966,6.7727666357566e-27,5.99782994303809,3.31115386193142e-47
"Cvel_7959",3.41078218706601,5.46013310161829e-09,5.99711766279776,2.530391083158e-18
"Cvel_27525",3.89066058705144,1.33162979496773e-29,5.99552361943857,9.91491651109324e-80
"Cvel_11617",5.85934753587919,2.16359809103245e-12,5.99521778691232,3.49919218030041e-14
"Cvel_3517",5.99453093961648,1.65635034205518e-09,5.69473754431551,3.19342661794888e-13
"Cvel_6825",3.80807117229391,4.54235124206691e-10,5.99317693949926,1.14608902093825e-09
"Cvel_32093",5.46832142559774,4.78383768367688e-08,5.99130770510201,6.04292100921091e-08
"Cvel_15034",3.25851998061815,4.36146425662064e-28,5.99035388966361,2.35362683184711e-82
"Cvel_12171",2.09156754282617,2.8010431967401e-07,5.98907943656951,3.95097123452239e-13
"Cvel_1941",5.98796780974507,3.37295619185816e-129,5.82993864972746,3.92474736751617e-104
"Cvel_28738",4.18668940794495,8.88760928305475e-06,5.98772745055852,6.28921876463682e-11
"Cvel_1904",4.82827476956288,2.11933265683595e-19,5.98754779513653,2.86102559854304e-74
"Cvel_1930",1.73898361862507,0.0385484479216167,5.9842055630551,4.07746934371113e-24
"Cvel_18636",3.01441701646433,0.000527262047076343,5.98411322475163,2.48473463652447e-18
"Cvel_1659",4.19951915176362,1.05169288615231e-05,5.98363109147942,1.14984050132617e-12
"Cvel_4650",4.93267433190402,6.86917640605526e-08,5.98273011306187,6.40878847575415e-26
"Cvel_20359",1.45866881470722,0.00499025603367961,5.98070970994947,2.99111689041045e-44
"Cvel_1760",2.12932759415299,2.11077850612406e-10,5.9802850229271,1.66547577888755e-13
"Cvel_4995",5.09579222966376,1.51358096391503e-114,5.97937709714692,2.22812865186768e-48
"Cvel_15851",3.69025384636932,1.00100575228285e-09,5.97908708053304,2.38859349585186e-25
"Cvel_33679",2.38800423098572,0.031730178687057,5.97637234516108,0.00404774920822863
"Cvel_12961",1.77452049461866,0.00143261561241143,5.97518194506848,1.17530486015535e-37
"Cvel_9223",5.97427865304791,1.79741032203851e-110,4.77544630971077,1.76281635554866e-24
"Cvel_177",4.80569606314839,1.92234737053048e-27,5.97006378430897,6.68432486133388e-16
"Cvel_12112",5.96765262154604,1.83362994216867e-97,5.64821340457711,5.32014099416699e-59
"Cvel_11379",1.31435831182421,0.0152437522658358,5.96663203066917,1.53096921330087e-74
"Cvel_16081",2.98589013336384,6.03533693947469e-05,5.96568072645065,1.28637904233736e-12
"Cvel_27371",5.96514652727785,1.01119653948112e-46,4.63385536494243,1.148732058571e-13
"Cvel_29674",5.96458229323952,2.48443347384267e-16,4.40899651990025,4.64780558853396e-19
"Cvel_22742",5.65063292755913,1.30214254763058e-19,5.96410409362261,1.00437476984089e-21
"Cvel_4815",4.97820522395657,4.39463481709818e-70,5.96285588226884,6.09194545809912e-86
"Cvel_32202",5.69165600130293,7.55935582693695e-13,5.96193747995386,2.02608750058076e-22
"Cvel_9551",2.13037771658151,2.30155412955122e-05,5.95974678518686,1.81983315660691e-17
"Cvel_16216",3.74111567696367,1.16133173611391e-09,5.95965863078352,1.06162051426854e-33
"Cvel_11150",3.79032564966989,3.43456903477971e-05,5.95770205561191,7.30903890645345e-27
"Cvel_6136",3.90609586789343,9.77268506527784e-07,5.95596807261375,1.99659847869469e-17
"Cvel_30001",4.99201558118213,3.3264819614864e-08,5.95529125380293,1.36731391580757e-39
"Cvel_34179",5.12891484213634,2.34872639472149e-26,5.95146633988507,6.54233904219783e-23
"Cvel_28323",4.51254098124217,9.02226266536714e-52,5.95020311259969,1.91118467786537e-61
"Cvel_3013",4.42587775031111,4.65767134070657e-11,5.94978184241545,9.34437519806432e-18
"Cvel_27539",4.12456982648093,5.19925981360958e-29,5.94937554818267,2.16597610003781e-54
"Cvel_10004",1.90593121362867,0.0266108444945699,5.94807228073513,7.15618168205674e-08
"Cvel_4761",2.13947347207902,0.0116176483488542,5.94529284731024,1.80943198194056e-14
"Cvel_5619",4.08150661852041,6.44452717100261e-20,5.9450402824811,5.00678743202878e-23
"Cvel_7912",5.94350216145987,5.69345229503092e-15,4.02055269409992,0.000769758241448651
"Cvel_19322",5.29418141179217,2.56561372010526e-52,5.94251990879423,1.59061659337296e-44
"Cvel_19107",3.63805593694905,1.4435808705137e-09,5.94136886067426,6.29832986656339e-49
"Cvel_26654",4.63770961496871,7.324283593453e-29,5.93795078709741,2.72596883845545e-14
"Cvel_16024",4.34381653748269,2.33646384748806e-45,5.93766526365913,6.17424515269559e-132
"Cvel_16312",5.32929843592793,0.000121837794288158,5.93574836108797,4.63378043624536e-08
"Cvel_19894",5.10407684557787,5.54567584986365e-24,5.93445801798416,3.04280153051379e-18
"Cvel_12980",3.56986505014879,2.587065486972e-13,5.93313125105017,5.15501823337894e-106
"Cvel_31483",5.0816108849658,3.93034120745733e-28,5.93289217483831,4.9600247441774e-33
"Cvel_10106",4.39053958259298,3.20130331891817e-30,5.93176190044828,2.75333289642277e-75
"Cvel_5438",5.93144029758987,3.06819254222857e-69,5.52449718970652,2.97365169269089e-119
"Cvel_18005",3.07395502296928,4.043513477683e-07,5.93113438060234,1.16456144653495e-20
"Cvel_20755",5.15068666575948,1.74583564172849e-52,5.92984317926625,5.59592546884857e-23
"Cvel_14857",3.68584660952873,3.20973713646568e-13,5.92969273240605,7.60471245599207e-36
"Cvel_36615",3.44045829796658,3.61626834751545e-08,5.92602840691257,4.49768572034287e-05
"Cvel_13435",4.04683836383408,1.16683869242486e-07,5.92547651087676,9.98813247335129e-13
"Cvel_15645",4.07036355182583,1.5154016712839e-08,5.92321134962967,1.11911024009505e-09
"Cvel_169",3.75651132352949,4.71069969773658e-12,5.9205119093217,6.31069206181044e-13
"Cvel_13088",3.56614607081021,2.80640346368195e-08,5.91733459799912,1.32934762464412e-27
"Cvel_2077",5.917150890745,1.33042131257161e-17,5.51529033087766,9.49574926151641e-21
"Cvel_7441",5.91585758731738,1.42825420866951e-09,5.88861941335298,2.27748400798753e-13
"Cvel_13763",3.12177635214602,8.50334807233533e-26,5.9093386474778,6.48975377931564e-89
"Cvel_34264",4.10104515714731,0.0286005061005366,5.9091436582571,1.06637145859762e-06
"Cvel_15766",5.90762590642605,3.80376771161175e-48,4.62343441345927,2.74678786608988e-23
"Cvel_6522",3.96547859324243,5.90313095414252e-40,5.90753707747899,1.8988506225068e-40
"Cvel_21440",5.90532270002231,2.5439238217838e-49,4.62442236125595,8.80842549837733e-50
"Cvel_6373",3.74805708979239,1.77050793731407e-05,5.90449619314308,1.47390672015846e-16
"Cvel_13113",4.55356746363163,5.9845943998681e-11,5.9030634393622,9.50307392106651e-12
"Cvel_11527",4.56938153825108,1.84389841604157e-62,5.90237453467302,5.54627584351173e-80
"Cvel_4576",1.2123104371728,0.0140847359289597,5.90090386566823,2.00667188734311e-19
"Cvel_9486",5.90079033450683,1.57808630244064e-102,3.44904132659836,2.45996132419649e-13
"Cvel_26557",5.87453666615479,7.2474526112336e-17,5.89553614823083,1.02258778036405e-18
"Cvel_32097",4.85969395521244,0.00366101731535522,5.89078177024699,8.22992213485658e-06
"Cvel_597",5.89026078549161,3.21128115947002e-168,5.74726512593467,2.08510200268597e-46
"Cvel_8377",5.89005968552173,1.4304589499608e-17,3.57490889057113,0.000353447544972188
"Cvel_16396",3.47382270619192,1.24651113445378e-06,5.88520252808398,4.35977432620405e-15
"Cvel_10060",4.94145738440976,7.58250752840383e-34,5.88470556988059,1.04990102416639e-83
"Cvel_8558",4.42649901354025,4.70244980734332e-08,5.88449883430873,3.14182958976581e-28
"Cvel_9815",4.56983618753108,5.31871645890774e-09,5.88380188577712,8.09723531042084e-10
"Cvel_11178",3.45263609225947,0.000199008355663733,5.88279560599638,3.10951536148424e-06
"Cvel_29720",5.75814631595249,6.65565459487995e-22,5.88271771619852,3.58556773596076e-12
"Cvel_21658",4.65056787025783,1.10539495827196e-06,5.88215075784827,4.09893852252353e-26
"Cvel_15552",5.55849757063094,2.26649257071862e-14,5.88076780631888,5.89738716018356e-15
"Cvel_29916",4.81077271057189,9.4466900829846e-17,5.87973713991631,1.28713690183794e-20
"Cvel_23097",2.84667144069459,0.00028930604608643,5.87770389572055,9.25357205095644e-14
"Cvel_27861",4.3658231876857,1.12311197107249e-26,5.87760700910871,5.96047147491728e-34
"Cvel_14714",1.87757794600086,0.00040484581864452,5.87675700654185,1.61795470787755e-23
"Cvel_21944",4.21185218384678,0.000738994875145108,5.87618709999179,9.49236002124018e-12
"Cvel_34651",2.81600398181634,2.90041783324563e-11,5.87364358097991,2.44141233419626e-26
"Cvel_1105",2.39652790853903,0.000264937519996806,5.87314454953129,5.1094388702945e-16
"Cvel_27394",2.50855857269161,9.8077367944929e-05,5.87273030799769,8.96105035190965e-14
"Cvel_25543",3.86875187454464,9.55287925115766e-25,5.86957338094157,9.54352459171432e-45
"Cvel_4368",5.8688693063034,2.88361050622409e-07,5.04224491604747,9.64296950278522e-06
"Cvel_2701",3.36473388703042,0.000587598793904453,5.86846924621748,2.33765091453887e-10
"Cvel_5841",1.40405934924756,0.0284584720434438,5.86364306353209,1.12764936582282e-07
"Cvel_35638",5.86318679421587,2.78187184403412e-14,4.34076024665485,5.69736622297e-07
"Cvel_25602",5.29204542781321,4.22225358082337e-06,5.86307462212953,4.39808769585189e-07
"Cvel_31376",4.1648193539242,2.58190326471286e-53,5.86152368491951,4.76176937573165e-74
"Cvel_11874",2.04695661395225,0.0131485059692502,5.86068513885041,0.00039865253168594
"Cvel_26696",4.37870547022403,5.7299835666151e-08,5.85981763524234,2.30871768176836e-10
"Cvel_11252",4.06047679363067,3.16434497995271e-32,5.85862197154257,1.01242546878258e-19
"Cvel_28225",5.85211511500304,8.00041308473881e-19,4.80808066713795,3.99248103239479e-09
"Cvel_16005",5.8459944692758,0.00449040633779842,4.6834807144187,0.00604599323225967
"Cvel_25200",5.84440969860973,1.35535262758216e-113,4.24464735287841,9.77501540883814e-21
"Cvel_1530",4.32882627162867,1.93430152111365e-24,5.84430009675621,1.49545308444428e-26
"Cvel_23326",3.73921375895828,1.33159574374342e-17,5.84250053288205,1.38521296626734e-66
"Cvel_17197",3.49263381484456,0.00709534455802884,5.84000991127808,1.45688070862272e-10
"Cvel_1728",2.78129063240133,4.83247809373112e-06,5.83997138676075,5.51745684321564e-25
"Cvel_27663",4.3927325652408,1.66553673030596e-11,5.83856131297013,3.96563880302723e-26
"Cvel_21332",2.87929453603688,3.02819146470162e-21,5.83663269390311,7.64961464263002e-124
"Cvel_25642",5.82769213939375,7.2561945904011e-13,4.69536050865534,1.31760433799458e-10
"Cvel_12678",4.75566487245766,2.76703981633826e-14,5.82749504606086,2.11631020675944e-25
"Cvel_17188",2.93877525024821,9.63615531361848e-38,5.82740284532543,4.17016168346799e-117
"Cvel_8545",3.87525971042755,7.02759863586401e-07,5.82695232944559,1.87239122368367e-30
"Cvel_6229",4.42631816867982,1.78930177368938e-18,5.82610074205168,1.61524738022767e-07
"Cvel_9715",1.6888464831237,1.84664508275264e-06,5.81731533904435,8.72795554573805e-80
"Cvel_26959",2.29567295233256,0.00260347769689856,5.81582673821732,3.1543054388887e-21
"Cvel_14291",4.43585272024232,1.43196850087449e-10,5.81582062749265,3.99903063817216e-15
"Cvel_13268",3.4594991229129,5.29424804725468e-06,5.81571366850146,1.71076413645067e-20
"Cvel_17433",5.81329512574392,4.0649329175292e-31,5.74918953146639,4.43660731497965e-18
"Cvel_82",5.81300662300666,4.40403635896458e-13,4.82505387923755,3.04970254542926e-19
"Cvel_29955",5.81238091793212,3.28800590710941e-07,5.454578861067,1.91171438256421e-09
"Cvel_20841",4.53112825325549,3.07017416556806e-28,5.81157772739588,2.42553677434262e-11
"Cvel_7790",2.52561569933588,3.15467090216705e-06,5.81085875826388,4.3917243003707e-11
"Cvel_34732",1.94253805625274,4.00779802833105e-06,5.80861681760318,5.80314811083622e-09
"Cvel_17908",3.26302642498049,2.23579847155821e-11,5.80803289801712,1.7484589754637e-147
"Cvel_3934",4.15951347820745,2.72343981381105e-21,5.80403275091404,3.06252373132583e-96
"Cvel_23257",3.86145370993687,6.60837551408307e-20,5.80345373083404,3.76079370582989e-68
"Cvel_6929",5.7309918145213,2.57975641879616e-13,5.80254112889118,3.26339989777042e-08
"Cvel_22671",3.28904970628212,0.00031517389730603,5.80212593767225,3.00959057227884e-22
"Cvel_15854",3.98353811788439,2.55728243715403e-35,5.80198057007736,3.46698536375873e-92
"Cvel_28358",3.39725987062492,2.41087712363219e-22,5.80186663436838,2.69280375394561e-46
"Cvel_5894",3.40531546124231,1.81631774482586e-06,5.80134813014257,1.97380736495595e-27
"Cvel_24449",4.09640870573255,3.49720706581829e-31,5.79719793129724,1.8763361655598e-55
"Cvel_3353",4.79336054820424,8.2282684941003e-13,5.79674939746149,4.62088479978848e-25
"Cvel_6989",2.6535464189582,1.13511964559543e-06,5.79546265006495,4.14929898956582e-22
"Cvel_21435",3.75758726913442,0.00157698860266099,5.7930355142293,1.22510726133652e-09
"Cvel_17558",3.64584911179431,1.24344008937355e-11,5.78685583055147,3.43575029433758e-08
"Cvel_3665",3.19516979222793,1.02644237508166e-09,5.78636678464583,4.0345653009447e-10
"Cvel_12688",4.190816942038,0.0169323062546386,5.78576411736192,9.79804213739447e-08
"Cvel_5974",2.11225571077983,4.46325281124868e-11,5.78458211363021,1.32314300344549e-63
"Cvel_21816",4.63366485047028,6.97236710860669e-32,5.78128788419825,7.28572276265912e-19
"Cvel_6691",4.98268167956783,1.15045230088126e-08,5.77952892240221,1.5875655560377e-09
"Cvel_25103",5.77809010994878,4.63732013800245e-07,3.40499565274451,0.00284659252138761
"Cvel_22241",3.62608328180084,9.92134906920558e-11,5.77599614053884,4.02450066150739e-13
"Cvel_32101",5.77569038015566,3.29135549381434e-09,5.11328579068062,1.21523676883476e-33
"Cvel_10369",2.06333313712722,0.00254677856860837,5.77445490768442,8.23920555883226e-13
"Cvel_21703",4.4133106012016,6.34390523222625e-09,5.7739014258495,1.4785601246053e-30
"Cvel_26825",3.51713573523402,3.55877310099452e-18,5.77361376056239,2.44376471028784e-14
"Cvel_819",2.9214500347887,5.92106352352416e-11,5.77286338732877,2.73430961284085e-21
"Cvel_8063",1.71627542301948,1.00136078156863e-08,5.76877662164575,7.583482843467e-25
"Cvel_23576",2.4430276689236,3.1774572563318e-15,5.76831526299858,8.22809525090046e-57
"Cvel_10792",3.28191453538054,1.39487917413125e-06,5.76582333393685,5.54319756215583e-07
"Cvel_24233",3.12616591123023,1.14055444598891e-07,5.76307059838107,5.20755276095443e-10
"Cvel_23806",4.75608074024148,7.93370008331116e-09,5.75664545446883,2.87521543347008e-08
"Cvel_1478",5.75633542818618,3.44132466926708e-20,3.60394239204946,1.48513308020611e-10
"Cvel_7358",5.05604857103437,4.19516792235609e-34,5.75385736721305,8.79395305209808e-19
"Cvel_22391",1.68857967538527,0.0240368194241415,5.75380161553416,7.22553071195098e-05
"Cvel_5978",4.01347718377677,8.77838590397829e-07,5.75311910956035,8.7436705458282e-31
"Cvel_26766",4.28633371356559,7.24786477389985e-12,5.75180634342873,7.14799869440171e-15
"Cvel_23897",4.67259502281894,6.08312596604966e-69,5.75134728720132,5.1513029786216e-27
"Cvel_6036",5.75064670608406,2.09697324166832e-36,4.39302490002295,3.22364223483697e-24
"Cvel_26387",4.85731552057735,3.86401583341562e-18,5.74715349330359,4.51518102687533e-14
"Cvel_20976",2.61035613363473,3.33356330532165e-05,5.74460634916964,8.79255869893609e-17
"Cvel_9203",3.49648175733001,7.11736390589796e-27,5.74251862527664,2.49878133497241e-31
"Cvel_4192",2.26467094786596,3.2593293538035e-05,5.74131233294265,7.81923845758932e-15
"Cvel_25822",4.81371459496903,4.7959152274401e-29,5.7412439499264,2.68141656540116e-35
"Cvel_24766",3.51052232644252,2.27270035887071e-11,5.74124087027595,3.91154601678819e-17
"Cvel_4258",2.502224614995,4.99321197036475e-16,5.74055835946741,2.6881037431773e-35
"Cvel_25625",2.81973623919265,0.000274772351009648,5.73877338924063,3.33274726156344e-14
"Cvel_12144",5.73727537498521,1.51625136877821e-11,4.41744762954729,1.87879189484038e-07
"Cvel_33749",5.57499660833078,2.37854375036676e-23,5.73717659103427,1.31884079880702e-27
"Cvel_7913",5.73709052128076,2.13088717264896e-20,4.15090862227783,3.61682600123604e-16
"Cvel_12811",5.73536614320496,7.93028289283929e-10,5.68879967606991,1.55618423883785e-38
"Cvel_18286",5.73508508067224,0.00127990397591995,4.41028549709932,2.0560695901499e-05
"Cvel_915",4.39638553248485,1.24721126543671e-25,5.73473594070947,2.9968861539003e-16
"Cvel_11282",5.70993567199868,0.000682491248241159,5.73341309237291,4.0207357245688e-11
"Cvel_21864",5.73217105214966,1.67726752128559e-34,5.67220949077373,3.19701991728288e-09
"Cvel_15289",3.09204658222009,7.81045203186114e-07,5.73142634053035,4.03056336094009e-12
"Cvel_29491",3.99319740465115,1.55450639426737e-11,5.7309041092545,6.56520443207178e-15
"Cvel_23881",5.72708769570341,1.29976318140077e-60,4.81420317064283,2.35926379570359e-33
"Cvel_5151",1.97521163928999,4.8125949401905e-05,5.72651786705174,1.3182930639705e-31
"Cvel_7387",1.95882092822949,1.59867521312209e-07,5.72556055058682,4.53619521509055e-16
"Cvel_21159",3.10678949643337,1.92526003982172e-05,5.72472288253217,6.79895974635945e-07
"Cvel_16496",3.03921695781708,0.00608942093110899,5.71904161974282,3.98144808230931e-07
"Cvel_13354",4.00577067797553,1.35853460430753e-08,5.71854075037841,8.55095961478363e-07
"Cvel_9023",3.1872389457024,4.90405632281703e-07,5.71668668228522,2.61960975929086e-33
"Cvel_19128",4.09965692868957,4.20403043645651e-10,5.71659782670585,2.43323717762967e-10
"Cvel_9633",4.67785959325743,3.02946251023651e-44,5.71641998965794,2.18599791792077e-48
"Cvel_14781",4.1082445042093,2.60821735610061e-23,5.71582975027359,3.56870113756688e-52
"Cvel_18267",2.86699248328702,1.61321213983602e-07,5.7143231084575,7.81871661668215e-13
"Cvel_15244",1.99086569434605,0.010333238583867,5.71383935104271,5.30554541037426e-08
"Cvel_10597",3.33492074385597,1.35928414787043e-25,5.71328034498223,3.14173815850045e-30
"Cvel_7318",3.51217790712177,0.00164175940388358,5.71249332351839,6.65147717495869e-09
"Cvel_1441",5.05411939924684,2.53957490948284e-09,5.71230537572894,1.88138472510273e-13
"Cvel_19970",4.07405716448654,4.27607403464684e-36,5.70813889840043,4.70641242382286e-15
"Cvel_5995",5.10418695047671,1.61145142497025e-33,5.70633072200477,2.00302652948376e-09
"Cvel_28634",3.06465692523963,8.33856357778661e-05,5.7056508385891,1.58638177041027e-12
"Cvel_1900",2.64844908525766,1.53496977897271e-09,5.70380128869135,6.72466623065525e-21
"Cvel_15972",5.07596883143357,1.36016981254117e-29,5.70185642268185,1.41024877941043e-41
"Cvel_11333",3.30031425457289,1.97088619404553e-17,5.69958553416144,4.46897788773495e-28
"Cvel_7012",4.7886145714925,1.38421521110673e-05,5.69755376011893,1.17869058017177e-08
"Cvel_12309",5.69471593212053,2.36474112281239e-12,4.38258362745515,8.68284123163876e-06
"Cvel_3336",1.53161236289996,0.0160352878627131,5.6940281680274,1.76477005571466e-10
"Cvel_21937",2.65384626632367,1.25908582969844e-06,5.693880796823,1.62110162567364e-10
"Cvel_26862",2.69774296008186,8.9273222167759e-05,5.69234108612841,4.08995255478931e-44
"Cvel_6143",3.37156154329445,5.76497169502649e-09,5.68807012369472,2.09426349762474e-20
"Cvel_7011",4.22481044842086,9.57791687596134e-35,5.68752013903099,1.33328328031065e-36
"Cvel_34210",4.75587712836589,4.33655425858164e-06,5.68746499365739,5.7782152765655e-08
"Cvel_7750",4.05894221517617,5.92787643763605e-09,5.68582114506698,3.46889785401882e-38
"Cvel_24989",3.85215937178578,8.50996714866247e-15,5.68394341021248,3.82755532682739e-35
"Cvel_4451",1.29007342985933,0.0100277120914755,5.6836248771803,3.06719666605266e-10
"Cvel_32040",2.61241508458108,8.4122728502177e-05,5.683467976099,3.0163314571425e-21
"Cvel_35048",3.30427502580142,0.0223458304113469,5.68277049083667,3.44286219387763e-06
"Cvel_19681",1.98624064287872,2.42102609295964e-16,5.6816102107857,1.355169666834e-62
"Cvel_11194",4.12927407251884,6.06855543101368e-34,5.6806445963299,1.78897310582639e-62
"Cvel_850",2.57595256042737,0.00012651434132567,5.6805037319869,3.05936243815867e-21
"Cvel_15623",3.46572348426446,0.0115181971495093,5.6795930206724,4.57109750856828e-08
"Cvel_5345",1.66583042228542,0.00172618351130834,5.67930538611666,2.23791506444601e-07
"Cvel_20767",5.67889733680846,1.01913486246693e-14,4.3397464236727,9.56491132188534e-10
"Cvel_24384",4.09266641545471,7.37832864279162e-11,5.67877982613919,1.83798592234031e-43
"Cvel_22480",5.36397982382194,8.5974562253744e-45,5.67835574302088,1.25762296552562e-93
"Cvel_14852",4.62153267590435,8.11628731510148e-30,5.67677946684774,6.64772796565463e-26
"Cvel_3561",1.71413751008957,9.05835265221371e-06,5.67509696034582,1.79059803874389e-39
"Cvel_12691",4.77791152996753,5.93519075186306e-05,5.67509064155677,1.02872824138972e-06
"Cvel_4135",5.67378420169616,1.86567923168058e-09,4.23373825761258,0.000134025885522991
"Cvel_9194",1.43423787898499,1.57905553436886e-07,5.67368434075822,2.13965599802988e-20
"Cvel_24709",2.27387618060014,4.36953109737995e-05,5.66664775372853,1.65176044475869e-30
"Cvel_27528",3.76001121967978,0.00136339243073504,5.66634231832044,8.04566425850498e-05
"Cvel_33620",5.01698131619043,1.05395333032189e-14,5.66435132641936,1.10554093635476e-08
"Cvel_24239",4.10723478500242,5.13270303682707e-29,5.66370251252923,4.5366872048285e-98
"Cvel_13779",4.40228167068698,1.72301864946771e-07,5.66365894886363,1.48116068358195e-14
"Cvel_19466",5.6633025852137,2.51054014514395e-56,4.73973309778617,1.5434735431321e-12
"Cvel_17657",3.38147800659733,0.000190579021637417,5.66094073128627,2.71788345789888e-21
"Cvel_2531",4.85563273306519,6.24120300550453e-67,5.65994097716774,2.04295158060406e-26
"Cvel_24354",4.65662301858241,7.07849046276031e-83,5.65511285362237,1.59905613954481e-67
"Cvel_18490",4.87781441847389,9.54806689654249e-24,5.6501596829196,2.80826627325844e-17
"Cvel_4400",4.30941309646283,1.19936408282177e-68,5.64992573906084,1.18896284281553e-86
"Cvel_8431",3.06999037804117,6.56213583462831e-10,5.64584280186324,8.28719100674462e-88
"Cvel_1287",3.04294565165171,5.57574262049374e-09,5.64487669738028,1.97774720051804e-19
"Cvel_7417",4.04211641775554,7.23314061625216e-45,5.64245640844754,6.26158349860825e-112
"Cvel_23738",5.64035302523652,3.26517880718429e-06,4.21277841465983,0.00454862582083167
"Cvel_23946",3.84778429333938,2.41138443253211e-24,5.63784636991808,9.71518778638705e-30
"Cvel_15485",2.87042129487386,0.0248291956405448,5.63640147365048,1.2528618875238e-13
"Cvel_26701",3.15577165617688,4.05808172492373e-05,5.63491162297269,1.06802553463013e-10
"Cvel_21873",5.63125536887069,8.39455382684607e-25,4.36695187250029,3.27943945557114e-22
"Cvel_7693",5.6292818921327,4.99138726391735e-38,4.93004437388992,1.01685705858499e-28
"Cvel_25430",5.62793892734376,1.53679635376061e-31,5.1250636135403,2.44675329399848e-35
"Cvel_1066",1.67970488651929,0.0193657152111534,5.62709232298895,5.11169933079124e-12
"Cvel_1486",3.22023350098832,0.000653083994852918,5.62465766302586,6.28423783153452e-10
"Cvel_13444",1.46212384294958,0.00248693311763511,5.62440288911808,2.40247069258879e-92
"Cvel_24543",2.51113888672497,1.95204011595876e-05,5.62089504465721,1.67142223672734e-10
"Cvel_12132",4.55293115041244,4.62746257562888e-11,5.61854485876184,6.17115273000093e-21
"Cvel_35120",3.86986622878456,2.38611073713273e-15,5.61579424849476,1.21942217740974e-11
"Cvel_16405",2.50325263360621,0.00359563657589182,5.61482469184715,3.98343712104369e-15
"Cvel_3556",4.17991129692904,6.77372319772472e-09,5.61427879743492,5.96436057115469e-17
"Cvel_20496",4.66545146374753,0.000679801695291111,5.60783308188596,6.86313679283886e-05
"Cvel_15530",3.88580427299335,1.05656869131805e-24,5.60597291890611,3.35425532111922e-28
"Cvel_21986",2.29913042318649,0.00933804186556091,5.60378568888537,0.000805323527551679
"Cvel_25985",4.47576124086783,1.25388067923487e-07,5.60336827513316,4.68633326900636e-36
"Cvel_13919",2.70144248040653,7.79058449090301e-11,5.59623761413101,1.55511407822903e-19
"Cvel_22901",1.90638079281053,0.000183023932189682,5.59318296942748,2.99596905767862e-05
"Cvel_23158",4.95457006013813,4.73816313560322e-11,5.59205912400231,1.11373060522072e-08
"Cvel_921",1.97601633697949,0.000250815434983877,5.59135122454007,8.27891312974845e-11
"Cvel_8678",4.63390854830768,3.49266733243031e-16,5.58912944326437,1.99443438424766e-36
"Cvel_11332",3.27723761933017,8.79313240155387e-13,5.58822573490631,3.43385528078642e-20
"Cvel_16104",3.17605791116434,6.05548164409822e-16,5.58775613452612,1.92748786651022e-48
"Cvel_12415",1.41442760280082,0.000823845592003276,5.58697197519904,1.35671219120822e-27
"Cvel_5213",3.56063568006933,4.59652690804445e-11,5.58610372987474,2.2725028331719e-66
"Cvel_13746",4.21256070826876,9.80530295328144e-22,5.58472574199462,5.84774981590066e-42
"Cvel_25975",3.91443541222604,2.82385512222877e-18,5.58463488229203,1.44259049514321e-41
"Cvel_31877",4.18011464847281,0.015352086209191,5.58295215228838,0.000294182020067972
"Cvel_30290",4.61018379936038,5.31449013485997e-21,5.58165881008294,4.86795439661823e-40
"Cvel_17488",5.57666871613436,8.31790548629031e-05,5.5340844539125,5.72100429404307e-08
"Cvel_6175",4.69981940539054,2.80173119267532e-05,5.57575828012611,2.50759655724815e-07
"Cvel_22127",5.57280021629092,1.18316427249494e-22,5.31987771167458,2.16305463612755e-25
"Cvel_4572",3.86059452870649,1.5206316378949e-11,5.57230510441364,2.41515517494086e-10
"Cvel_13387",2.32630107306326,0.0247591265728056,5.57194722924823,2.58308353409532e-08
"Cvel_9112",4.32511826384975,1.79841286654664e-13,5.57187933987406,2.99692000310087e-13
"Cvel_9773",5.56928746645996,7.99997793034273e-22,4.34544408384165,6.22351545541343e-09
"Cvel_20231",5.56842633959771,3.76425309136926e-35,3.44745286260983,5.76971126826332e-55
"Cvel_18455",3.76546341808894,5.32633520424187e-30,5.56831166385719,8.14416784183157e-43
"Cvel_32105",1.58703151809518,0.00283472827954529,5.56596231892155,3.20138190577686e-17
"Cvel_7501",3.38811896857013,0.00109537427837947,5.56555863774136,8.18626818165977e-12
"Cvel_3761",5.56453983789415,1.64253221054658e-90,4.48803986526759,1.97729834009781e-163
"Cvel_22255",5.25351205520736,1.04772807609254e-98,5.56421217779605,2.44622488847405e-53
"Cvel_6582",3.34704551298147,2.785851831516e-11,5.56412573310675,2.59379001042909e-46
"Cvel_2460",5.56392647872234,4.53334795576355e-09,4.59234830737296,2.21166982453761e-05
"Cvel_2644",5.12360689503829,2.5096463891774e-92,5.56272245068539,8.86314204047678e-15
"Cvel_11067",5.24917492520942,6.76187179112105e-28,5.56248847161892,9.86509294515068e-102
"Cvel_1697",5.3434561897045,1.62068962407822e-27,5.55835062896933,1.92468208431389e-10
"Cvel_1926",2.07564282479544,5.01502236201361e-13,5.55715449538684,2.15821509055e-90
"Cvel_20466",3.54457510553407,2.94022495393698e-06,5.55709217853719,2.35014874974437e-16
"Cvel_14243",5.55574716533781,0.0103070948185878,2.58575245568724,0.0142241581404182
"Cvel_6082",2.63968521166365,0.00556241208545394,5.55445922785667,1.72416671907031e-10
"Cvel_69",5.37269182373646,3.99245875990484e-44,5.55410217745372,3.84710937875381e-15
"Cvel_21017",4.30564834640828,2.31488728883379e-16,5.55368182955823,6.75429183739908e-43
"Cvel_21511",4.52725006774259,1.9747623974204e-16,5.55342202892204,9.49743888031466e-32
"Cvel_32102",5.55296870159655,1.21155441392419e-20,4.95718096773641,4.65860928281331e-28
"Cvel_20732",4.0287329746219,1.32076351647527e-14,5.55182975541167,1.95100732187165e-27
"Cvel_23436",4.60955880331738,2.18377161701405e-24,5.54744557242897,5.31644122368236e-51
"Cvel_7415",1.20957412023438,0.0184327747012885,5.54569990163993,5.50098543243209e-17
"Cvel_21078",5.1556517715105,6.14711033521241e-13,5.54339119605364,8.00794201077234e-25
"Cvel_29576",4.72157278021117,0.00296025797064024,5.54136100857597,2.85684125592402e-07
"Cvel_33489",5.4178423363457,2.17546495539776e-11,5.54019626099811,1.47131671544147e-08
"Cvel_14257",4.7852136916948,4.35267813655581e-05,5.53935617211644,1.17685898603955e-05
"Cvel_22681",5.53691748079948,1.42980025177012e-23,3.55062274421701,1.06792839942791e-10
"Cvel_4327",3.19136675875308,1.67876183039927e-07,5.53647868217355,6.11284157574147e-18
"Cvel_1538",4.5898022484389,2.42208648194367e-08,5.53455910163497,5.41758950102894e-16
"Cvel_23838",3.25978924144914,3.61432491100969e-07,5.53345253067116,2.12221627731615e-21
"Cvel_5355",4.37816479994292,6.59174947582491e-31,5.53293281510958,9.15256085743371e-12
"Cvel_31183",5.49724040818914,1.32974062011466e-11,5.53269999303086,2.93514875361999e-18
"Cvel_26389",3.70480706424599,0.0118764287769697,5.53047531631696,3.74254488936976e-09
"Cvel_11086",4.01090286498281,0.000439141394499062,5.53045404480907,3.66573071971014e-09
"Cvel_21800",5.32873901827391,1.86809201557327e-119,5.5303854498086,1.85940204501417e-36
"Cvel_20001",5.52922459531845,2.50961210831394e-48,4.9309660591689,1.57625616971781e-52
"Cvel_22618",4.05210601764933,2.03032947820192e-36,5.52915405764456,4.51597221917431e-62
"Cvel_12165",5.07806901679692,8.76151979211716e-12,5.52603599884271,4.20656090025144e-25
"Cvel_10514",4.68001090424021,4.10326511061221e-34,5.52534924871158,4.15062846268479e-56
"Cvel_19584",3.31401335476035,2.99348377857647e-09,5.52507424519588,1.02168443879682e-35
"Cvel_12746",5.45281587873033,2.22407873255375e-32,5.52363150500817,5.23271838986484e-34
"Cvel_20472",4.21278822594158,4.40816321230454e-08,5.52297758173098,2.90970653118762e-13
"Cvel_14911",3.79782089377593,3.60045824724642e-18,5.52243857404109,5.74233831679981e-43
"Cvel_1979",5.52169857406328,7.62163409326167e-30,5.28503584142782,1.91051767023342e-26
"Cvel_25945",4.29227103285405,7.79150238483076e-07,5.52082224042784,2.77207866128933e-12
"Cvel_33209",5.1370896882464,3.01660507876572e-23,5.52079543053905,9.10436130687006e-10
"Cvel_31533",5.52024287795209,1.58437402474867e-33,5.09139255756844,3.8736307586814e-27
"Cvel_25887",3.78485775224835,6.22912138345585e-23,5.51862673570506,6.19149240838028e-31
"Cvel_8296",3.94930067695324,7.01044647266649e-30,5.51739658305286,8.81368783840393e-11
"Cvel_8456",4.26053671108804,9.39714342620291e-25,5.51385307514246,1.19128655471209e-18
"Cvel_29287",3.12770032588115,2.05667975464215e-11,5.51375822923816,3.9040042404283e-14
"Cvel_33091",5.5109937959755,1.2370364410434e-06,4.83631982048458,5.49898237219756e-08
"Cvel_17938",3.780149561025,3.67155231143973e-06,5.50568476302745,1.31820725705681e-11
"Cvel_23153",4.26943641258051,7.19314088212318e-31,5.50547257813091,3.2983331541848e-50
"Cvel_14378",2.34539518794248,0.000129088667975358,5.50165184772492,1.94283842460072e-09
"Cvel_9215",1.3704502784471,0.000316924028084268,5.50097038178216,2.33134480048669e-28
"Cvel_15829",1.34834951880634,0.000838129726160544,5.49999444139892,2.16589049665576e-10
"Cvel_5328",5.49887511669676,6.26566476853292e-71,5.35248004223316,1.93134993187988e-117
"Cvel_3340",4.34732991013444,3.44537370155424e-31,5.4972891759182,3.72068389360771e-24
"Cvel_15478",5.49167307767652,2.76537244739891e-37,4.96477040593951,6.11633643379524e-28
"Cvel_16326",3.08482547504898,3.61182393765722e-17,5.48926280147791,6.09436559691926e-41
"Cvel_23992",2.62696355375784,6.00879104980391e-09,5.48345377469358,1.05980705639482e-17
"Cvel_15130",4.17985321409212,4.20732197078948e-11,5.47909485500611,3.1028549543253e-10
"Cvel_6333",5.10308114200925,7.15586583770083e-07,5.47831527069194,7.95974730124386e-21
"Cvel_27772",4.92655090556922,0.000243930629831663,5.4700253306897,9.25970701899665e-09
"Cvel_22231",2.86243122464004,1.02708261203615e-05,5.46457905798576,8.08565874905819e-12
"Cvel_36241",2.40786064719516,0.00044243006032923,5.46445097269638,1.82712480475516e-07
"Cvel_2406",5.46046802354416,9.39855287325234e-15,4.32153138194669,6.21076460268089e-14
"Cvel_26202",4.87107471016476,1.96312838615483e-09,5.45831454056857,6.7351088864253e-14
"Cvel_6052",4.00908892074062,3.8258824474967e-09,5.45831288549687,1.20210988613188e-06
"Cvel_924",4.78041970575716,2.53129179759048e-06,5.45641224770683,1.99078348103021e-08
"Cvel_15930",5.45485389901976,1.06554326695921e-34,4.06435131338209,1.01155781374837e-61
"Cvel_15924",3.05284322056497,5.44837410892404e-19,5.45450755848948,3.53933162316168e-52
"Cvel_29300",5.45449684414274,0.00297593108560704,4.83644693055144,3.03026138160517e-05
"Cvel_26622",3.06982639707834,1.46182054333233e-07,5.45100011894555,1.42255651125456e-06
"Cvel_14889",4.41285038436033,6.48897304593593e-16,5.44990326441142,1.43788031615711e-29
"Cvel_28422",5.44861359239511,9.17364840930036e-08,5.03407263319096,0.000270993493999181
"Cvel_8288",5.06769962572064,1.80000131929107e-22,5.44601798925007,5.5487445824718e-13
"Cvel_2980",4.21516660495969,0.00684220558454876,5.44581071320039,3.16565323228537e-08
"Cvel_4940",1.85697231451836,0.00393534725780837,5.44382641792423,1.27461554006558e-12
"Cvel_31377",4.84302531918827,2.62373438859597e-13,5.44169726698999,2.29090464742737e-69
"Cvel_19846",1.66165138347614,1.13228994157333e-07,5.44141114232762,1.46449540709936e-50
"Cvel_10871",5.43795449540722,5.51541903030215e-08,4.52553138756645,0.00898562454521344
"Cvel_1305",1.07506690807262,0.00540941366894875,5.43784331755503,1.86767249748817e-24
"Cvel_15345",2.53492739592379,0.00463822856066634,5.43622985562674,7.10909216548275e-11
"Cvel_1566",5.43556886293688,1.13021673765494e-11,5.20054756383234,1.76584301209544e-15
"Cvel_2172",3.14500927555286,3.3276889245728e-06,5.43463729214995,2.02190419505626e-19
"Cvel_17416",2.35917934876012,0.000418471794256284,5.43042024663943,1.6973382881992e-06
"Cvel_13543",2.68378274134301,0.00131779836869382,5.428196082209,2.94165645916974e-08
"Cvel_13266",4.6129556157286,3.99551831060283e-21,5.42556551839303,1.56809075913917e-35
"Cvel_1705",3.01264738428439,1.7452046832455e-32,5.42451766464021,2.33121789183828e-73
"Cvel_16180",3.23685783173182,4.00414259268469e-07,5.42365263619128,4.28267705317017e-22
"Cvel_5887",2.33303916688845,0.000116274477733918,5.42329101436756,8.08860157737161e-36
"Cvel_6349",2.13326652356706,2.86537520760815e-14,5.42276832400843,6.63197691471788e-56
"Cvel_21141",3.69269031545155,1.72983008260866e-06,5.42117530716657,1.09094148916208e-09
"Cvel_34303",1.79659135744951,0.00195033420507863,5.42093912683983,1.20760480023399e-13
"Cvel_12960",1.59830977701228,0.0178973616620742,5.42005719209168,5.17285887261986e-13
"Cvel_19697",5.03679725035334,1.09518587526642e-51,5.41804261863058,1.44010877039757e-30
"Cvel_5437",5.24569532010692,6.26025678680087e-69,5.41749268475935,1.13389891968174e-156
"Cvel_3196",3.6856123718493,1.72106551032254e-25,5.41629432618736,3.47192687188244e-45
"Cvel_19267",3.03274337339671,1.86745570459639e-18,5.41530892605423,1.68965728333089e-35
"Cvel_21953",4.33428693997666,2.8364671791758e-25,5.41351783815329,2.31007123387301e-63
"Cvel_15698",4.82835325632353,1.88328506850393e-05,5.41009852374738,4.51425231609708e-12
"Cvel_24121",4.00959605978864,5.09948458398584e-13,5.40685072706292,1.38096631643682e-26
"Cvel_15233",4.22142273068862,7.50035055053004e-12,5.40603459877101,3.98462246873966e-09
"Cvel_12107",5.40390043246722,9.26721865985838e-11,5.04299120838879,1.63434018719336e-12
"Cvel_11288",3.19731205215817,2.82080333335646e-05,5.40302730642564,5.49475223524414e-08
"Cvel_24137",5.40176001030392,2.89373328264803e-38,5.10064813044212,1.95100732187165e-27
"Cvel_33059",4.60014993728714,3.6254347085381e-07,5.39988691994453,0.00252839626697319
"Cvel_12994",2.26141874302043,6.70543683495583e-09,5.39900478055423,1.86787855743271e-22
"Cvel_11673",2.62350570765908,1.08610297742226e-05,5.39804724262067,2.27912818994782e-12
"Cvel_13586",4.54925625406756,1.2143570749878e-12,5.3976940576002,1.61034321663236e-33
"Cvel_16550",5.39614539880246,1.77502685895018e-58,4.92002555020149,1.11848058887106e-20
"Cvel_22610",2.31686469648705,4.97728927096853e-15,5.39432661271013,3.43302645951637e-39
"Cvel_13542",3.0291306927102,5.45303810955863e-07,5.39416336025616,5.20533843464799e-16
"Cvel_11763",3.31264575098264,5.38730068101804e-15,5.39281869090875,5.84966414385951e-36
"Cvel_11364",5.39230157377051,1.45816691033925e-07,3.12009035599988,2.83426623358056e-05
"Cvel_3581",4.91741400795377,1.77208372517153e-13,5.39190301777681,5.72507928555251e-34
"Cvel_11231",1.49567401772654,0.00181484733033418,5.39066379347608,1.22208894978088e-10
"Cvel_28376",3.27207986343566,2.06116720067517e-06,5.39034217231355,2.40501395039806e-13
"Cvel_18040",3.71354180391473,1.89575011266836e-57,5.38974845584723,1.42906179294542e-96
"Cvel_36164",2.67836717725101,7.85754005744596e-06,5.38889679790936,6.17361176178485e-13
"Cvel_18021",4.19100222237951,9.20928053664486e-25,5.38659724451118,6.14038498261385e-10
"Cvel_23121",3.69784361246209,8.54081064415975e-13,5.38608411843828,1.24030650500923e-27
"Cvel_33434",5.38486892938136,5.18504716907144e-26,4.35420166906101,6.1397553289033e-17
"Cvel_5895",5.38369579406356,3.09854040978737e-08,5.11307158698786,1.28641868066225e-08
"Cvel_3325",4.91928849236086,1.19788538439478e-62,5.37773628177917,1.4350491181801e-89
"Cvel_17445",2.07681555794252,0.0201228235745879,5.37759884606187,9.56325147183014e-13
"Cvel_27501",1.78908262407308,8.44962928954078e-05,5.37574863626845,1.15744604297556e-07
"Cvel_3580",2.79253147577457,5.65051396507721e-06,5.36846224852227,9.80499738865977e-26
"Cvel_22292",1.60469665802705,0.0256264605481643,5.36630660728205,3.05015801651049e-06
"Cvel_31551",5.36207394859517,9.62421265549386e-30,4.00086946109955,0.00023186476982814
"Cvel_28102",4.20341084979197,5.95197342230798e-08,5.36056224189902,5.09027209460531e-10
"Cvel_19969",3.78194267855746,3.72762536608318e-33,5.36043561550896,8.15049368967201e-19
"Cvel_6813",5.12302913679191,7.78571928956366e-05,5.36019224480395,5.70046203903678e-11
"Cvel_13791",3.41558135339351,4.38202672046379e-15,5.35641128921805,8.89635587630852e-26
"Cvel_18938",5.35340675774893,8.03110663754149e-29,1.7926866579912,4.1167715138735e-11
"Cvel_14777",3.0776850753546,9.43476068521319e-12,5.35151643847101,1.21005301904096e-10
"Cvel_17644",4.4557717012323,1.40106098954443e-26,5.35095239257179,6.01238675069011e-42
"Cvel_33647",4.39346220144319,3.01337771324745e-05,5.35034782076744,3.26373805466888e-10
"Cvel_23923",5.32553028300639,8.61499928862769e-38,5.34593996729624,6.62456136846201e-91
"Cvel_3014",4.04985365615259,5.22407453756069e-07,5.34390850331631,4.57725239416147e-16
"Cvel_29348",3.62987080592219,4.92444899017455e-13,5.34033472409243,1.61080814053149e-10
"Cvel_19852",5.33825377071536,6.31838224588122e-05,4.51602873927943,1.2905855839792e-09
"Cvel_11601",2.01340752654934,0.00373613320697173,5.33769643711491,1.61765224571644e-08
"Cvel_8384",2.47335785580464,4.28132081100136e-08,5.33617927874539,3.20596015727947e-11
"Cvel_12875",3.61264159719291,1.61930222505938e-18,5.33570739284297,3.13781529185984e-30
"Cvel_21055",5.33203694917459,6.07164645141969e-85,4.30711374083674,1.65404633164133e-44
"Cvel_24661",2.14923777991237,1.65755239122542e-13,5.33098467776657,7.14347689692746e-74
"Cvel_24065",4.74489136907811,5.06342747584963e-47,5.3300784424654,1.91564668623342e-12
"Cvel_12278",3.9183645947926,4.01247111019269e-51,5.32710549962223,1.33386114184701e-29
"Cvel_12620",5.18594105884012,1.530145337277e-18,5.3243873892279,2.51214203377142e-55
"Cvel_17900",3.8453040283563,5.59703838160499e-29,5.32374400090773,3.4057449107185e-69
"Cvel_20500",4.75888361582733,1.20420752537484e-06,5.31730982587099,6.19634688208076e-12
"Cvel_21385",2.92505163491625,3.87870449639758e-06,5.31726731234698,6.37682507565438e-12
"Cvel_30175",5.31682820129833,5.19215039744526e-14,5.03782694419151,3.49381051929578e-17
"Cvel_2446",3.75929112916907,7.89288322010757e-05,5.31659565831737,6.62023842868854e-06
"Cvel_800",5.31267627998684,2.47185325011783e-28,5.07466414793551,1.80287178051206e-32
"Cvel_4666",2.95944772582854,9.91805865391174e-05,5.31238713473237,1.33468102325661e-11
"Cvel_22902",1.85705883230937,0.000154411797923466,5.30940170239254,3.45390501504459e-16
"Cvel_1567",4.08302841304889,1.25767793094945e-50,5.30841113654351,2.46258873971438e-44
"Cvel_30807",2.13864814081077,9.02790679793614e-07,5.30587580648161,5.13307716422281e-12
"Cvel_18",3.05160601457792,2.00920550478062e-05,5.30438680543303,7.65474814169328e-12
"Cvel_8920",3.06974804275181,0.000210943263522514,5.30275860824069,6.31039869857648e-05
"Cvel_7251",3.8554504053519,1.40927264869443e-13,5.30198647368245,6.78488856796502e-33
"Cvel_12081",4.37978492720787,9.12196287989712e-26,5.30176750779079,2.9522007076235e-53
"Cvel_6933",3.22843437975438,4.90186870518323e-25,5.29943841972161,5.74144817088429e-21
"Cvel_6100",3.06333861136157,1.23327446933825e-05,5.29914845989523,1.328636510581e-05
"Cvel_8848",2.18236845104001,1.19022760066019e-07,5.29874673925302,5.10582660786071e-32
"Cvel_16993",2.9201080388004,8.80729053017807e-42,5.29720376924614,8.72698237577334e-84
"Cvel_6384",1.69688693369155,4.51303134408196e-05,5.2964027857908,4.91993028082589e-15
"Cvel_23522",3.93129769703529,7.34037002260168e-24,5.29093738312889,3.18360743501611e-18
"Cvel_9754",3.82194524259735,4.31926547970121e-05,5.29070622458162,2.78316373717338e-12
"Cvel_20895",4.50625268471063,4.78564187342485e-20,5.28725912341887,3.98005392324274e-24
"Cvel_30347",4.22981135280499,5.11443870217966e-39,5.28702714183526,1.8092573188781e-38
"Cvel_20465",3.39410201048752,3.31731803327075e-07,5.28597144084312,4.43864461227892e-17
"Cvel_22830",5.28595735878433,7.34421410788792e-29,4.05248342034032,1.4602926487723e-14
"Cvel_20642",5.13303327689439,2.60821735610061e-23,5.28431058227244,2.88061439236459e-16
"Cvel_31979",4.14040757204618,7.72197530541032e-43,5.28421422282889,3.39565647011168e-92
"Cvel_5519",5.227077090981,7.00281324268728e-12,5.28263743768268,2.11074880577823e-32
"Cvel_26147",2.5510590826035,1.39304804538194e-09,5.2824767689165,2.98761247640872e-22
"Cvel_3425",4.11776288502996,5.21647962920795e-33,5.28187801825787,4.81268395444211e-31
"Cvel_15330",3.57528325192452,1.01461101737831e-30,5.27885707462623,7.58113144010904e-60
"Cvel_1809",2.74288273505392,2.22019590154055e-19,5.27780317613555,1.45522978563294e-134
"Cvel_11726",3.44747587906241,7.15051907754481e-06,5.27730243193762,2.57959738239929e-19
"Cvel_19161",4.86481671530994,1.14868706466065e-21,5.2766620244879,2.2691786201265e-46
"Cvel_19033",5.00812026247176,4.16423621135846e-25,5.27478716179716,1.00261979654276e-34
"Cvel_12696",5.06009905323608,8.80729053017807e-42,5.27406642149941,4.5849295130137e-10
"Cvel_25125",2.90129993438809,0.00100014248705968,5.27325875168318,5.21412991088414e-27
"Cvel_10858",5.27251647271137,2.63565615053256e-06,5.2138889274657,2.86272972662497e-11
"Cvel_32726",5.27106064997122,1.12900594139186e-06,4.24442223156001,0.00775957451318579
"Cvel_12331",4.54662063178954,4.64337667933447e-46,5.26910909433501,1.10788020963283e-14
"Cvel_14359",3.02982892896722,2.83203649694293e-23,5.2677182037775,6.76637271424606e-17
"Cvel_22666",5.26611501061112,3.50416570960964e-24,5.15821161510795,6.30074816077081e-20
"Cvel_29011",2.50956863898798,5.37161808241239e-18,5.26520590834261,3.934366727232e-31
"Cvel_27486",5.26446942509062,4.01238938451892e-29,4.13252086755049,1.06325387214292e-29
"Cvel_24862",5.26345516403188,7.56498121250123e-25,4.73533692372665,4.69612244524904e-27
"Cvel_10459",2.19475367057381,0.000427392448616667,5.26256690958466,1.57109897745025e-16
"Cvel_7804",2.94361957470619,2.76864166557457e-08,5.26161249328653,3.70336768649282e-24
"Cvel_26472",1.33699064587791,2.20538191941072e-05,5.25756193410534,6.84045070316115e-43
"Cvel_9792",4.06487567764507,0.000662273075574146,5.25734412089808,1.33767857786706e-11
"Cvel_11655",3.90752991421055,1.68969210257909e-23,5.25582218578188,2.26410332668178e-37
"Cvel_8928",3.25726284115362,9.23631242566342e-18,5.25541452875722,8.44857002332119e-60
"Cvel_1477",5.24958000477635,1.01158252036035e-09,4.81959887533173,1.92795178845323e-17
"Cvel_29448",5.24501128757994,4.41294878414317e-53,5.1325259803105,2.41950604852858e-24
"Cvel_24713",4.4504875823069,1.44266802997113e-09,5.24428329934607,5.87369280294586e-05
"Cvel_14026",1.73374326910238,1.54204183726297e-10,5.24240666386629,3.73038486668004e-39
"Cvel_7703",5.13340195830595,2.03171802653089e-189,5.23725461681752,1.41426761212904e-102
"Cvel_20784",3.8055485705414,0.000855962843559071,5.23176986281335,2.73890419057523e-15
"Cvel_21748",2.73530546405191,7.05320273125782e-05,5.22920494982137,2.85935375469801e-13
"Cvel_11344",4.75143805265618,9.89291809679635e-10,5.22820411844947,2.0403061295707e-07
"Cvel_2470",3.34560919225181,3.76345470108144e-14,5.22442849007383,6.0160676894014e-27
"Cvel_703",3.71874205728968,2.2102162295897e-08,5.22051673835506,2.98393703656869e-05
"Cvel_33379",2.32390999014014,2.69953236735792e-06,5.2203952594577,2.94782506273525e-21
"Cvel_26705",3.72098529611355,0.00192057066142931,5.21952679416739,9.34217750369055e-09
"Cvel_19480",4.81547149600506,4.18102994472312e-07,5.21647645676298,6.33652410508802e-06
"Cvel_1593",4.88562333136181,2.48133983329671e-12,5.21525443444146,1.03063488155972e-23
"Cvel_4563",3.85523854468613,1.30107778471906e-30,5.21457443051889,9.120626035695e-40
"Cvel_22235",4.1056466646982,2.28141180032178e-06,5.21149804950748,1.39064108641032e-17
"Cvel_23678",1.19032892165516,0.0259856273283638,5.21141790628444,2.01876483759458e-24
"Cvel_4325",3.12732782301952,4.38361117316851e-07,5.20936504290489,1.52832287545244e-27
"Cvel_10017",1.86478772113515,5.6092047718859e-09,5.20889969212379,1.16721309181253e-49
"Cvel_24214",4.46838049902639,1.43191547797867e-86,5.20715070048176,1.2169533038106e-36
"Cvel_18284",2.66951742702992,0.00167009541816086,5.20582780681249,1.58776774519282e-09
"Cvel_8457",2.89373447234782,0.0105817596865832,5.20035055627484,4.80269792321375e-08
"Cvel_26145",3.84228126480691,6.23979384135061e-18,5.19951225872955,1.98066331061458e-27
"Cvel_14428",3.6413444294002,4.77933651325105e-13,5.19880961483814,1.28285459478555e-14
"Cvel_2886",4.19317387929245,2.9478683750315e-27,5.19497034704686,1.88355429370849e-16
"Cvel_12472",3.28590041325314,8.64617061812181e-12,5.19414233358515,1.62419410954994e-20
"Cvel_20944",5.19258401646121,1.39055583884548e-07,2.73185729720529,3.44063821265892e-07
"Cvel_21131",3.49386547585157,2.59476976035676e-41,5.19143055304598,1.61983756701653e-45
"Cvel_7491",3.06472394222709,1.24791813011225e-05,5.19032208410779,9.0864782615468e-09
"Cvel_11867",4.45484473292507,1.3901212421952e-30,5.18824157061172,1.12881724081315e-31
"Cvel_18651",4.31178706691798,7.15492724438314e-14,5.18688070348062,1.05607281221891e-37
"Cvel_24972",4.80923590472858,9.24448662434964e-08,5.18371276912303,5.0159698620945e-08
"Cvel_28635",2.81812921962958,3.28066877474488e-09,5.18280457603112,1.07087674257731e-70
"Cvel_35854",4.00041610299827,0.0244751441125257,5.18242027842367,2.21148277881574e-05
"Cvel_24034",3.98797389915286,1.04794705737721e-55,5.1823121319246,4.66395257670449e-181
"Cvel_31787",4.60691634093193,0.00569138895525325,5.18206838624041,1.36216885049503e-06
"Cvel_2105",4.94075652306867,5.06424188170679e-92,5.18095263321008,8.40997145162494e-19
"Cvel_6240",3.94171589007773,1.30551947944675e-12,5.17764933136461,1.0875436363257e-15
"Cvel_5623",1.35433012736131,0.00193925530606635,5.17666111243566,1.49527696097117e-43
"Cvel_28961",3.47932168488542,2.65196363798756e-15,5.17588192386903,2.48207265134576e-16
"Cvel_9704",3.84636874252542,7.61843481493719e-27,5.17414586732621,9.3352898899351e-57
"Cvel_9744",5.16330121740404,2.68208445884828e-09,4.99878407017455,3.98687383220288e-09
"Cvel_3925",2.74241239722338,1.42206707127254e-11,5.16241456467877,1.03087652379446e-59
"Cvel_2438",3.16198215449006,4.68938276052471e-08,5.16188448838016,3.88296394428101e-27
"Cvel_4984",1.73897480954185,0.000970265040115861,5.16124066278676,6.41618938532952e-11
"Cvel_9995",1.5348433054463,5.31823206350539e-06,5.16036357181953,6.57269809355211e-24
"Cvel_32103",4.60901449928847,1.29867130139696e-10,5.15879026968552,9.3424473959174e-40
"Cvel_3516",5.02570062909051,9.15835343066073e-07,5.15666141489965,4.50409251386527e-11
"Cvel_15812",3.40678054665677,3.68839345530982e-08,5.15551124611761,5.28977892457923e-40
"Cvel_16772",5.15506110802723,1.10802695420386e-61,4.75145962700215,6.93691196264558e-44
"Cvel_3256",2.20040520736941,3.55846040980834e-06,5.15435437876197,3.93829475002507e-87
"Cvel_12801",2.91826543502323,0.000662815056631812,5.15256341284825,3.28561436442611e-17
"Cvel_11560",4.2030787888899,0.000627559836033123,5.15255575646323,3.01040007814046e-07
"Cvel_6672",3.94967931248594,3.36503458182962e-27,5.14857895898346,1.78645803560586e-30
"Cvel_26628",4.31262850136318,2.16745480211062e-11,5.14484727808775,5.63221983255371e-21
"Cvel_13848",1.82067817839507,0.0251937674714949,5.14471433786012,7.33526938551303e-10
"Cvel_22254",4.15591947543724,7.70349413482511e-10,5.14161633112996,3.43153172959245e-12
"Cvel_21550",3.72438568143036,7.54083693968953e-09,5.13791482832897,6.11587965074673e-14
"Cvel_12926",3.88527183465272,1.49324236926994e-86,5.1375246514752,1.65854646786405e-122
"Cvel_22680",5.13744687010234,4.78369910383566e-22,5.10604352735743,4.31952689214264e-19
"Cvel_24037",5.13690995194299,2.85687649249102e-19,4.70771131698537,8.60081830499404e-18
"Cvel_16736",2.45347580084005,0.0109640645555149,5.13430192458262,4.94012482698499e-10
"Cvel_5760",4.0657969948969,1.49794264691031e-08,5.13352181775332,2.3990361048872e-19
"Cvel_23303",5.04144989937822,3.41451738310148e-07,5.13235725948534,5.11185380907398e-07
"Cvel_3647",2.27555265371773,6.29476140564286e-06,5.12918491811698,5.29315657016801e-40
"Cvel_4427",2.94566793246209,2.66022121723389e-12,5.12872181809227,3.97678380410798e-39
"Cvel_7704",3.92530733247998,6.41294753264126e-05,5.12740973581468,8.48538011311103e-23
"Cvel_20413",2.80007448285062,8.92749538128668e-14,5.12619872026925,1.57600814659635e-14
"Cvel_12169",2.41719740877332,0.000290038137573009,5.12429141565661,3.43469076477721e-09
"Cvel_9348",2.10162440567262,4.62422905743092e-08,5.12361041309398,4.13140826147405e-62
"Cvel_20082",3.95285568844221,1.01311482586069e-47,5.12221347909923,2.42763520195595e-111
"Cvel_18214",5.06832113710033,1.67616268824222e-17,5.12078642606715,8.92044378272395e-14
"Cvel_12363",3.98809731290753,1.07474294844993e-32,5.11881075641796,1.40567656433365e-15
"Cvel_22332",5.11727979894633,1.26074937877582e-28,5.05225636012853,8.04113876736722e-45
"Cvel_22797",3.47784902770144,2.33990974506823e-09,5.11627625712653,1.57045146704285e-63
"Cvel_28244",5.11583359677919,2.04892718603162e-87,4.92823299671772,9.55647242917354e-38
"Cvel_22828",3.35030336818245,3.06417295530156e-06,5.11571308842239,1.68734702639894e-19
"Cvel_2280",4.00838081844026,1.09176078706518e-08,5.11255508089151,2.21187785791949e-10
"Cvel_29074",4.05245989686072,3.26317158583615e-11,5.11064138970507,6.10831262379506e-15
"Cvel_1554",4.85619305468803,3.1366070144714e-07,5.11047405597013,2.43923289738245e-07
"Cvel_26030",4.70762722995953,4.67041323023898e-29,5.10799702439978,1.30647865287683e-17
"Cvel_3216",5.10772613978981,9.13340971560884e-30,4.57993214669649,1.32358617814498e-13
"Cvel_23098",2.13810284976826,0.0358951237015653,5.10323877935454,1.92724420989389e-08
"Cvel_30216",2.78604629738022,4.55181406360032e-06,5.10262423782675,7.68454214497737e-07
"Cvel_18622",3.73827981061962,2.38392040439507e-28,5.10069203198242,1.92263259814729e-32
"Cvel_15794",3.981244463268,2.38836283380637e-13,5.09856046476517,2.79587631603883e-106
"Cvel_1520",5.09784937140535,3.42597494694186e-27,3.51488317897635,4.52541508437952e-16
"Cvel_13348",5.09673416594532,1.37696514564922e-29,4.24757969050839,4.08170850486811e-49
"Cvel_28722",2.6155320217466,0.0154812010939955,5.09491719563821,3.05421294293439e-07
"Cvel_27978",2.67703095833407,3.25484524979523e-11,5.09318685229236,5.67853314336171e-08
"Cvel_9889",4.80277294345017,3.76963723900347e-25,5.0922072850632,4.70325617389729e-33
"Cvel_21096",2.05136713654979,0.020493985113841,5.09058578089777,8.20433630099112e-05
"Cvel_22983",4.08688323746215,9.99439643963311e-10,5.08912571663388,3.35357681182355e-09
"Cvel_33085",5.08474967392473,5.10654190081265e-55,4.76804115112872,3.67701954618401e-35
"Cvel_19546",3.41331061854718,6.33679048626037e-09,5.08438324463809,1.73137137817362e-20
"Cvel_6587",1.38709189499182,0.0101028100436572,5.08107786752354,1.50163155725212e-08
"Cvel_18101",1.69129269372562,7.33831488146592e-07,5.07972146725663,3.87914385536978e-17
"Cvel_13062",5.07402803615017,7.22489471490488e-10,3.07405446598705,7.79084939323036e-05
"Cvel_28878",3.43224187271417,1.75688516638096e-07,5.07336559832014,1.23463713506792e-34
"Cvel_19527",5.07247582084812,7.78981888682996e-08,4.25535095835704,0.00449264456459819
"Cvel_16310",5.07245696613561,0.000464859574439583,4.18298046507272,1.72524402855049e-05
"Cvel_34337",5.06649795647604,5.41939820882361e-07,4.80961110057354,4.06979008958926e-09
"Cvel_1929",1.40322584504112,0.0421929922452881,5.06567650912397,5.33796681143491e-13
"Cvel_15555",2.22660699720739,0.000136273216985921,5.06566268569567,8.22980187999179e-06
"Cvel_4011",2.38059820182224,0.00931772678620107,5.05957875949203,2.28888149722513e-09
"Cvel_27967",4.0297895288323,5.88421492934219e-11,5.05935485698405,1.2840076584535e-11
"Cvel_11986",4.8074240147409,2.11206338818225e-24,5.05893021079862,3.73726979606517e-51
"Cvel_4987",4.46711661902932,1.76705142021546e-60,5.0577760196115,2.07637173887631e-46
"Cvel_5145",4.49655035584476,3.72999243636424e-24,5.05610553133228,6.86958168008369e-53
"Cvel_32526",2.23764496260198,0.000285335164041792,5.05340898566729,3.69025950679432e-05
"Cvel_13174",1.96033562702612,0.000500459149964764,5.04394768758044,7.3783781868945e-05
"Cvel_4807",4.59210673299157,4.62060096896193e-17,5.04321763861978,1.47065612357701e-19
"Cvel_11735",2.42959288839466,3.55892033338779e-07,5.03827614030461,7.86187137703953e-16
"Cvel_32521",1.05468171122606,0.034816450867251,5.03821458084361,8.30114419174348e-11
"Cvel_14379",2.44358678170053,4.57330308815893e-09,5.03789376120694,4.55495781854839e-16
"Cvel_6393",3.66932404945811,3.14359594100817e-28,5.03344376376406,1.21700427692415e-53
"Cvel_14079",2.60140803191713,2.39223576678814e-05,5.03054757154387,4.64461810018129e-11
"Cvel_27650",4.00294404374869,5.8039687191082e-21,5.02928960430568,5.54457267664875e-14
"Cvel_8756",3.44171888089886,3.88907194086518e-07,5.02603719449389,1.68369884571728e-39
"Cvel_21171",4.13443078106177,8.47760553689743e-06,5.02497542351351,4.79803727918802e-07
"Cvel_26955",2.44299384402253,1.73870438168222e-05,5.02093473084732,4.25118656114688e-17
"Cvel_12479",2.00034414094642,0.0017532569819522,5.02055290113173,4.1174532788539e-05
"Cvel_10460",2.00516338821373,0.000614134277883033,5.01865818179987,3.82190404798954e-09
"Cvel_18888",4.60816954591524,9.34325811376142e-05,5.01853015097588,6.74348581441303e-08
"Cvel_16152",4.01903449019646,6.59938428031335e-15,5.01381452038378,5.68005094911876e-15
"Cvel_10563",4.50732460256634,3.69091834532628e-50,5.01327545298733,2.97390783651784e-33
"Cvel_9164",5.01206168733306,6.13645383423709e-09,3.15887147120197,0.00492227367018535
"Cvel_12082",3.84447270559222,0.0384370220567386,5.01021962378718,0.00381597197394309
"Cvel_446",2.7593164767459,0.0456531670545426,5.00702899835864,3.02981724594744e-13
"Cvel_20467",3.73014096010339,0.00773856750458798,5.00637902928241,1.11907025102338e-06
"Cvel_111",4.18000005935875,5.66368846677011e-26,5.00595189650814,2.39188573711608e-14
"Cvel_4716",2.67749963956869,0.00010765672956314,4.99916685997061,1.06702812076984e-07
"Cvel_27561",4.72458555156073,1.87162610013593e-22,4.99873211819425,1.40912386121559e-06
"Cvel_12324",4.99321300514461,1.82569611999992e-26,3.15323852312859,4.03805728247858e-09
"Cvel_22152",1.85780705945673,0.0339270838278434,4.99303868562401,2.74914027233435e-08
"Cvel_2069",2.20910660166462,1.93385439552259e-08,4.98440734540685,1.56649876749552e-46
"Cvel_14340",4.98381129123832,4.08489525698978e-10,4.24542934553339,1.28256697124412e-06
"Cvel_2900",4.51074635242292,0.000651648662075201,4.98103336192211,4.07114660504179e-10
"Cvel_16274",4.9794300133171,7.71901084521673e-20,4.12060383911263,5.84151308246162e-08
"Cvel_33619",4.56179581901476,3.81297941751774e-11,4.97881300544512,1.7756470070319e-10
"Cvel_4167",4.6945378442336,2.14630976443735e-32,4.9781801621208,8.27622123084005e-23
"Cvel_6125",4.17423828814834,4.0649329175292e-31,4.97743120515483,2.21632187605893e-31
"Cvel_6493",1.66110614652457,3.08414331532468e-05,4.97741804369023,1.34168946919378e-22
"Cvel_16531",4.44252973111809,5.75906834169538e-17,4.97463900778726,1.17083804153951e-10
"Cvel_15704",2.06719306006589,0.0027144501998529,4.97442818095824,2.94633502311556e-10
"Cvel_34911",4.97363070706389,9.90373570034969e-05,2.91956801699819,0.000527292958408347
"Cvel_31565",4.61198137322433,1.18307734678497e-09,4.97157467096848,1.17537245356437e-22
"Cvel_36214",2.47508641464509,0.0414808866188263,4.96886897257787,0.00175292143450121
"Cvel_22232",2.90735492752461,0.000926458692783367,4.96863177309484,2.5799003914454e-05
"Cvel_29302",3.36922437597457,0.0241157119452039,4.96364024621538,0.00388100593052422
"Cvel_24950",2.96564672792163,0.000378359983582185,4.96051722641869,5.21006636323729e-09
"Cvel_16291",4.95803754609417,1.61421841626647e-37,4.48617996648693,2.75321892987301e-13
"Cvel_51",2.05840102102537,1.1836029700415e-05,4.95496971258374,5.17790855093104e-08
"Cvel_2575",2.51486513123927,2.81227866084133e-05,4.953984028727,3.90189002039211e-17
"Cvel_19630",2.81580455880532,2.15487813151935e-46,4.95294855415938,3.90767123678951e-73
"Cvel_8690",3.92663863067347,1.58113155514485e-21,4.95072463049636,1.06209548612601e-33
"Cvel_5103",3.90509594072001,1.98720147783767e-21,4.94880015236324,6.91793286947318e-25
"Cvel_7395",1.41124151935753,0.0126770891418455,4.94736457159427,2.04343232546055e-44
"Cvel_19885",4.66583210987788,6.06128204482428e-90,4.94685111459833,6.35868268947041e-114
"Cvel_28243",4.94323913605612,6.59519972180625e-43,4.71332627150242,8.13984797425659e-40
"Cvel_11057",3.83038649168536,3.55407240220366e-16,4.94236920333543,6.32616489600639e-14
"Cvel_31682",4.51986196312147,4.32676372304832e-15,4.94126842893595,5.97614854137888e-23
"Cvel_24619",3.35007117235321,1.03975325684345e-37,4.94109144110738,2.68157398629527e-63
"Cvel_1113",4.47554396288293,1.91706223558986e-24,4.93788257668793,3.77654554348353e-52
"Cvel_16",2.67493951376909,0.000727337797070512,4.93766952101841,1.26425915437308e-18
"Cvel_4988",4.93640379222584,3.74652941106538e-35,4.79625845624639,2.89708996414854e-38
"Cvel_8229",3.30212235816346,2.00297067583955e-17,4.93279446888083,1.4694671132633e-25
"Cvel_36528",3.14541550540603,0.00331519964918064,4.9325781620761,6.40892691507531e-07
"Cvel_36574",3.25486935963559,0.0129624536551426,4.93177440284483,2.35203578697235e-10
"Cvel_18779",3.97475036752484,0.00350059566600716,4.92648942570236,1.54535568151024e-07
"Cvel_2958",2.49738823683829,9.48238906154417e-26,4.92462818760553,3.99461178247582e-126
"Cvel_8994",2.76213383262143,0.000187439570138271,4.92330827288961,4.98661399667824e-08
"Cvel_35114",3.67563671831372,3.23333258674356e-05,4.92068313129379,3.39497975638254e-10
"Cvel_8109",4.12860376053245,5.42118575101094e-17,4.9192967755233,2.42590509649701e-14
"Cvel_29423",3.01082493946001,2.17616917290282e-06,4.91870710163526,3.10312063370602e-12
"Cvel_24711",4.91430926452283,5.12617660722644e-21,4.53869969138229,4.37234339292993e-08
"Cvel_17646",3.43174570286942,1.16498392632712e-09,4.91416319944319,7.53913440422331e-22
"Cvel_23609",4.91278903800402,4.51552283044022e-09,4.20729202399476,4.91085937465523e-06
"Cvel_9077",2.34875667232239,0.00466644065588991,4.91183488648952,3.85641832170316e-07
"Cvel_1",4.91147109577312,0.00221140813124201,3.21520195935275,0.00097459495453003
"Cvel_855",4.72197802502309,2.11289040134062e-71,4.90890685000916,3.11324131299084e-45
"Cvel_33089",3.3545537541948,0.00206638994661536,4.90822375081698,8.81080218314709e-07
"Cvel_14322",1.96138598761313,9.51593611819185e-11,4.90667093258563,8.18299976188289e-36
"Cvel_28374",4.90507293040343,8.04318078657715e-12,2.74685197795755,0.0155979026590466
"Cvel_5677",4.90414378948736,7.67167815897959e-17,3.8613917325468,7.11197367254176e-09
"Cvel_23200",2.43821513528356,0.000394909268133564,4.90360370157204,2.27483253296822e-18
"Cvel_28084",4.90252400288098,3.05294776335238e-09,3.52037867259061,0.000147286881575183
"Cvel_18476",4.90084180732455,6.72181204447611e-08,4.64839091442868,1.05337540582564e-08
"Cvel_2180",4.35161627024107,8.0819114036212e-99,4.90039484663187,6.09891813321777e-51
"Cvel_34910",4.89966264041764,7.32364370467429e-07,4.22663254104325,4.27008907559812e-11
"Cvel_20564",3.18517265524234,1.55129498733767e-06,4.89949812364281,9.48457287416752e-26
"Cvel_8328",4.89190107036569,3.94571220245608e-65,3.23833099240885,1.74221743577826e-56
"Cvel_8895",2.68134142156788,2.31361993041851e-24,4.89153234344558,2.2795967751263e-37
"Cvel_20896",2.95196969943078,0.00167030322963257,4.88855037032085,6.78078706712046e-15
"Cvel_13001",4.4502578257,3.97851735587894e-23,4.88595816603324,2.28234739754434e-49
"Cvel_5938",4.25462258437305,6.21510090549252e-06,4.88398042745261,5.73423879662772e-06
"Cvel_20324",3.7098222525256,3.0485934702728e-09,4.88285772843924,1.51811239915894e-11
"Cvel_32349",4.2327219029801,0.00126146302638094,4.88228275912534,1.76288267745192e-07
"Cvel_6345",3.79071699832371,9.09951168053403e-16,4.88154868809159,1.74438830074504e-09
"Cvel_2279",3.88637294830867,7.57489919922227e-18,4.88138795694162,3.8170350335221e-15
"Cvel_2095",4.87888500079595,2.14599632017713e-17,2.33263652975428,0.000133403206801988
"Cvel_9819",1.91386267019426,1.52985946313791e-13,4.87880808162198,7.03075335837472e-55
"Cvel_17623",1.37878429306143,4.10786818719537e-05,4.87529683461801,3.59283418990939e-09
"Cvel_20339",4.87518459579541,2.98378829479995e-27,4.82630036498987,2.47522748316373e-09
"Cvel_10546",1.50638505238413,3.96146689568048e-08,4.87472041505702,3.59110136128476e-47
"Cvel_12550",2.49859771851439,3.26660610342833e-11,4.8740941048749,2.0684909838895e-73
"Cvel_8367",4.87268829943525,2.15080263465411e-24,4.30561257815738,1.29373089056516e-27
"Cvel_29804",3.97199098637999,3.56860337351654e-36,4.87221087211035,2.20251945829401e-50
"Cvel_8689",3.63139204809559,1.12314863585312e-38,4.87140146755071,7.24228221363309e-58
"Cvel_21463",3.76551887613253,0.0140749755233522,4.87111358140988,4.88329496221515e-07
"Cvel_8108",3.7955011721758,2.00938831257655e-13,4.87105540507477,2.10532585567615e-14
"Cvel_4150",3.49927514463723,1.52068248842527e-14,4.86931673610842,1.28561722863684e-46
"Cvel_14210",2.39386856215728,1.88559158121453e-10,4.86888071467681,1.39396849070325e-19
"Cvel_14196",4.8678923288105,0.00114949148541695,3.78240670076935,0.0247213369017899
"Cvel_7195",4.84471699860586,1.51920912793071e-34,4.86663934037734,1.03926077457261e-13
"Cvel_16128",2.91755014936401,1.1256371782178e-06,4.8640908049586,1.54229601906061e-21
"Cvel_14288",3.49171054750165,1.6494681687606e-12,4.86330458432543,5.64433804220888e-48
"Cvel_1467",4.10612250938983,8.59114359208509e-12,4.86263879847846,9.15922512174895e-06
"Cvel_12940",2.7234249955743,5.26064423488172e-05,4.86195396795949,3.83257861694609e-09
"Cvel_36134",3.99457603429617,9.75010728604117e-06,4.86166686904273,3.66844424355488e-08
"Cvel_14493",4.61115493848194,1.00213409882654e-30,4.85910549553378,1.00595914822274e-53
"Cvel_25886",3.45939189375733,1.77806011731314e-14,4.85844708213649,1.3695586229046e-31
"Cvel_17788",4.14420223783793,1.65970173579684e-07,4.85667362457866,0.000728221426167697
"Cvel_13828",4.85557128711246,5.79839927553978e-22,4.03361950548247,3.92053774232535e-23
"Cvel_3207",4.85343447801671,4.0649329175292e-31,4.60775771831263,4.27351548384582e-55
"Cvel_6055",4.73649979092942,6.73977124055611e-14,4.8519864036976,4.54042650033356e-06
"Cvel_18884",3.86320406263136,3.52273509533099e-22,4.85030683287879,8.6918459034728e-10
"Cvel_20011",3.44611845183999,1.85520519353814e-05,4.84896309942161,6.33048143771924e-08
"Cvel_29567",4.33763028600777,1.49803912746613e-14,4.8479378679488,3.33244228371135e-17
"Cvel_16638",3.77586779702526,1.01576842077259e-15,4.84408913203918,4.20354936112946e-31
"Cvel_19298",2.6848347929454,3.18530450309196e-05,4.84387213519843,5.19403593976512e-13
"Cvel_5889",4.84077677266842,2.86196100185659e-19,3.96989541265961,2.71105243639048e-44
"Cvel_17298",4.67238091143854,9.22134575732919e-22,4.83856788531711,1.85960186321707e-25
"Cvel_813",3.63180038621657,4.42565076762744e-20,4.83569541143805,5.94682154085741e-46
"Cvel_3661",2.94438372289557,1.06786094922113e-16,4.83541277943704,4.64138258818431e-28
"Cvel_21836",3.70581788118893,3.32068768255074e-10,4.83228777652132,4.35134534400223e-25
"Cvel_28870",3.65474417410106,0.0178792208483359,4.83146878237397,2.06256115826277e-10
"Cvel_27221",2.86257317878019,6.21510090549252e-06,4.83115116483608,1.20368531624663e-07
"Cvel_7125",3.3590121753923,1.5622178668965e-13,4.83087720351114,3.12245690839552e-14
"Cvel_19090",4.63842463992169,5.97636431789626e-23,4.83048009445597,2.68599937115065e-12
"Cvel_3337",1.28298874492036,0.0303466685466775,4.82995035748725,1.85962417835295e-12
"Cvel_7437",2.99134803592511,3.01629072599717e-37,4.82929147602383,1.63156247167917e-41
"Cvel_25512",4.35791303284315,0.00544054984943963,4.8285253639138,0.000195651281017426
"Cvel_16359",2.78475495588033,0.000392574403704681,4.82822829268645,9.66661056671269e-31
"Cvel_18621",3.26673219499204,8.2056506523654e-14,4.82778414755089,2.83078036396247e-25
"Cvel_7366",3.80504582313727,3.74917193351981e-12,4.82678158099479,5.70822699664421e-10
"Cvel_31128",4.33764873676947,4.04791198394704e-43,4.82472372822298,1.51620737509027e-64
"Cvel_11219",4.46156929481131,1.23383264090466e-26,4.82252293523097,5.60082273130449e-28
"Cvel_6413",3.76405269784898,4.56772515490486e-33,4.81796205542781,2.09141513486273e-26
"Cvel_13632",4.81335181638771,0.00217386458973792,4.64592593285594,5.3938329702091e-06
"Cvel_10003",2.19008393937469,2.55639373576851e-08,4.81155325250541,1.3754320950412e-07
"Cvel_13101",2.77708130284028,4.4194672974705e-07,4.81123464378241,1.87440582198252e-38
"Cvel_8510",4.535407463978,2.69310279582595e-47,4.81105381509969,1.43632253146203e-29
"Cvel_28512",3.06863829637321,2.39249104590637e-20,4.81018721990873,7.36116565172527e-23
"Cvel_21582",3.41747541013557,0.0323702016528447,4.80819182209211,0.0034467223691593
"Cvel_31833",3.18410160506104,0.00954770636903736,4.80688834078057,2.86712609344558e-12
"Cvel_7594",3.56198763496164,2.807165951782e-15,4.80610243780224,3.48638980937621e-12
"Cvel_15395",3.39147740194024,3.04528773995591e-11,4.80440395414803,2.85274504084611e-41
"Cvel_26504",1.9555522076832,0.00332012532033008,4.80140101279857,3.12447954918218e-22
"Cvel_16659",2.88628767984727,0.0031823905159581,4.80101907166391,4.08950296555504e-13
"Cvel_26121",2.47598213648307,2.805078051742e-09,4.79895618411019,4.04928374021381e-12
"Cvel_12677",4.11609470151089,4.9294955892874e-33,4.79391088247401,1.57751992149358e-26
"Cvel_26706",2.36378703400345,4.11243510840241e-07,4.79291893640644,3.75416793097136e-34
"Cvel_19590",3.09547726352024,4.2082584334482e-05,4.79163112392144,9.90204188875945e-10
"Cvel_12790",4.24615464566195,7.47634728762632e-31,4.79148683648326,3.48513385383984e-24
"Cvel_15832",4.13570154060572,4.07422196711888e-46,4.79013753313965,8.95273893738692e-23
"Cvel_27673",3.92359222228399,5.98634239999004e-54,4.78965000414179,6.35112344910804e-49
"Cvel_6411",3.38095248384932,2.06804184571881e-15,4.78928405216856,8.931614599804e-11
"Cvel_22479",2.36948314156702,1.00806077511494e-19,4.78905895671179,1.2482821647693e-38
"Cvel_25730",3.52349010775085,4.24619640878341e-08,4.78698504102288,1.74854864054073e-12
"Cvel_4999",2.06900136310271,0.0293707452112104,4.78669323594723,1.8798015639684e-18
"Cvel_26476",2.44878099827453,8.13449230067066e-13,4.78000463902887,2.09330327147652e-20
"Cvel_28329",3.53555067219655,6.21225489744985e-15,4.77676910906066,9.98236313433165e-12
"Cvel_21510",4.51689396120133,2.61054681885687e-14,4.77280125986115,2.22993043818152e-19
"Cvel_36020",3.72705897860004,3.77241792992278e-10,4.77235132856542,2.52742874064659e-17
"Cvel_3254",4.77161383239478,5.33982351051227e-16,3.6784866371229,8.061002332183e-18
"Cvel_21849",4.77113836545231,1.58062416976049e-11,4.52287506190679,1.18505575892598e-56
"Cvel_24325",1.8960361984041,0.000588672650634282,4.76906686870925,1.4433225826663e-29
"Cvel_9890",4.33260461889718,9.19452486130836e-29,4.76740016433697,8.99519883881967e-12
"Cvel_11419",3.19392554263501,1.42301281993871e-07,4.76604901013107,3.07271339882986e-05
"Cvel_3818",1.85152591997959,2.95451227459432e-07,4.76597939595119,4.26992723032285e-16
"Cvel_6461",4.76370160902866,9.11240563011401e-62,4.0937674286053,1.56389075319685e-80
"Cvel_21619",4.37606686948805,1.18537603482438e-100,4.76337743628201,1.26823070022917e-47
"Cvel_30308",3.74603859321063,1.38666779521369e-10,4.7630633599054,1.56530810102432e-15
"Cvel_10863",1.47885844199711,0.00371422118740201,4.76240261577315,9.85164214208334e-22
"Cvel_30676",2.92279548701719,0.0221575478337311,4.7616946439781,0.000476576261557744
"Cvel_8655",2.57067522174748,4.04689600331624e-09,4.76119726207718,1.93023902702056e-22
"Cvel_1896",4.75846319008928,1.67623385361472e-51,4.66614846540679,5.00142910593415e-18
"Cvel_25412",4.75703265527576,4.53128146268875e-13,3.0278458164484,7.5565175600473e-07
"Cvel_4918",2.07330983508125,0.0032948091231104,4.75505881166688,7.08911131909755e-06
"Cvel_15437",3.88312368512681,8.15618257944304e-36,4.75294118003055,2.29860875371851e-18
"Cvel_28908",4.74905216902531,0.00502237069844354,3.4425409252718,0.00743101941545692
"Cvel_24428",3.85422770429906,6.98826132466031e-28,4.74838829305862,1.22727534269543e-46
"Cvel_9304",4.34545693937117,1.16930848070225e-29,4.74534379365622,2.48644046667205e-12
"Cvel_17852",3.59982438902047,0.00677391612490079,4.74447887059444,8.64339765581192e-12
"Cvel_28085",4.74266520832527,1.66985969879134e-68,4.58157182878549,1.05726746096032e-126
"Cvel_21612",4.59542275823648,0.00368034934854765,4.74039584839209,4.93761041468911e-05
"Cvel_14647",4.73932026506641,6.28116722386452e-102,4.66031788938493,2.70289952401214e-83
"Cvel_31062",1.02342483587659,0.0126971491092219,4.73906558875164,3.54047183248177e-31
"Cvel_7914",4.40232987542867,8.75913140943299e-07,4.73721037543302,2.50091604455303e-10
"Cvel_32859",4.73545325444533,3.52127932035724e-05,4.06770576678884,5.60532321971533e-05
"Cvel_13928",3.79516408613482,9.29378415012855e-06,4.73333826012743,1.67053653976762e-14
"Cvel_8629",2.73587899220947,3.95124497384618e-31,4.73147808160028,4.18898811063946e-63
"Cvel_12850",4.73057535220716,5.11545267087173e-12,3.41272822616523,1.93331904065233e-07
"Cvel_13808",4.73057021822212,2.71153829823498e-30,4.5730413974449,1.04636328877556e-36
"Cvel_24035",4.72883965894836,3.87666357537942e-37,4.72965679956478,3.4057449107185e-69
"Cvel_5733",3.60896763440616,2.26873585337027e-19,4.72691484571606,1.80259384559572e-09
"Cvel_24279",2.44657308221452,0.00950852885002615,4.72352673445216,2.04177457776334e-09
"Cvel_19915",2.30135505918751,1.89537007193247e-07,4.72347828752326,1.22464288845755e-46
"Cvel_17940",4.72107892943409,3.92166742680265e-43,3.77538840818055,2.23173265621234e-16
"Cvel_32160",4.72064709950079,8.69040322532403e-05,4.37302513939422,1.98915531058657e-11
"Cvel_6802",2.16933540769978,0.00611533427029727,4.72008807366456,7.6668881738591e-08
"Cvel_14078",2.47386950561248,0.00258363666143059,4.71985456800551,5.18711921733863e-08
"Cvel_5239",2.453899047659,3.12714553107851e-15,4.71985228575118,3.16066464739185e-28
"Cvel_31297",2.16814389205415,0.0131637975913115,4.71689222185026,5.06762356648162e-08
"Cvel_20387",4.7165203748194,3.88038261072587e-08,4.59760681950652,0.00226821503860149
"Cvel_16624",4.71313498960627,2.04499444830847e-09,4.70508183560588,0.00065479315294099
"Cvel_11665",4.70431382505767,5.01200478681967e-06,2.25522505388618,1.17866865303026e-05
"Cvel_704",3.04464060131892,2.19848657821144e-10,4.70309458560687,2.66488789959581e-08
"Cvel_32104",1.49448218765932,3.68556463244494e-07,4.70269508087079,5.97537474607725e-42
"Cvel_4573",2.67224051614962,2.9945902830576e-21,4.69983406341655,1.38306098442929e-141
"Cvel_36302",4.69677309230705,0.025752221679542,4.13034505463257,0.0141960558697662
"Cvel_21341",3.71661755520906,7.09795087329348e-16,4.69608132104024,5.25649860097219e-11
"Cvel_917",3.05041198120952,1.41130824088684e-24,4.69581329927075,1.3098570481747e-80
"Cvel_19467",2.80345982598123,0.00557203781022807,4.6928529948211,1.30445077731957e-09
"Cvel_19560",3.29113842024985,3.64165313407333e-06,4.69195486638446,2.49126129995661e-17
"Cvel_2779",2.61371993951328,1.22658037106403e-11,4.68662701505197,1.14897036560988e-08
"Cvel_9680",4.68557555482971,1.58413708134527e-09,4.29651182563725,1.19177836685966e-12
"Cvel_23605",3.49294785671113,0.00121599517060724,4.68484601371432,1.27305916538732e-05
"Cvel_24975",4.03842468670036,0.00016249184906163,4.68371779339122,0.000178499458260722
"Cvel_103",2.18771226587012,6.56040047371838e-16,4.67850180058681,1.59984522124442e-31
"Cvel_31173",2.22259040481886,3.53579458129462e-06,4.67775436004437,2.91480572913226e-15
"Cvel_22623",3.38238862639974,5.78761299604764e-07,4.67693092153839,1.57621557019002e-09
"Cvel_30396",2.2927529967144,0.00055634584319676,4.6769115611538,9.90282854608469e-12
"Cvel_26191",3.05853629600384,4.62084608663501e-15,4.67262782019363,1.19039586354348e-16
"Cvel_10082",2.36258547040516,3.0234230628112e-05,4.67247556176945,7.32723416423198e-10
"Cvel_30816",2.90065432991346,0.01271025675309,4.65916323500461,3.11989571115497e-05
"Cvel_15407",1.20580505069648,0.0058355030607976,4.65772825408711,2.53521453008329e-29
"Cvel_1375",3.77889941946794,8.98289324265917e-56,4.65768232075571,9.1711206435857e-29
"Cvel_1378",4.44738974454951,5.84045614132509e-19,4.65621721356735,8.42077729875586e-23
"Cvel_19746",4.65580039350711,6.6242133739628e-50,3.71311493664566,5.01175322086062e-31
"Cvel_35890",2.4284889523544,5.61049978432614e-08,4.65362449847776,4.89962218873646e-15
"Cvel_21501",4.65025955073131,4.35737003193279e-05,4.04142926812011,1.08528168168866e-05
"Cvel_8150",4.25846470521788,1.11524310876353e-29,4.64910688522575,1.12562757757004e-29
"Cvel_17665",2.17999130409796,4.44551692364517e-27,4.64735781877311,6.34442088139276e-37
"Cvel_20928",3.20343219317213,0.048089026691956,4.64417223984566,0.000219798803595039
"Cvel_16285",4.64364790428396,8.5850552580699e-07,3.46509643878621,0.00496906535363804
"Cvel_7471",2.73721268771828,3.07313555068389e-17,4.64155917034375,2.27641761552633e-12
"Cvel_10813",4.63943169621973,6.23521266358986e-65,4.61890162566512,2.80043436560074e-32
"Cvel_27122",1.39174578058403,0.030567226324149,4.63941869118004,3.46964503766073e-09
"Cvel_870",4.01837477895968,4.41829974826927e-60,4.63314714473495,3.62993389885037e-117
"Cvel_13507",4.29348171264189,4.57090925542175e-13,4.62982553093279,1.01519575691646e-10
"Cvel_29350",2.04548782303938,0.00464296017686873,4.62898509897697,9.64618121744633e-09
"Cvel_17372",3.68153447949616,3.26215029852308e-13,4.62852885082911,1.8370922068883e-31
"Cvel_8560",3.67429583581646,0.000567551875331566,4.62481113868546,6.86788514082705e-08
"Cvel_16129",2.68021392764421,0.00394741504605775,4.62406218470531,1.79636807479111e-15
"Cvel_2975",3.59413957974672,0.00214753827259179,4.62222541568462,5.09555305381054e-07
"Cvel_825",2.36101889803137,1.05909399277304e-11,4.62018337516229,9.5709440754818e-31
"Cvel_13413",2.69240691894601,1.59172657158042e-08,4.61672028750146,5.475784642911e-39
"Cvel_11663",3.09661816099675,1.59914818634709e-06,4.61664964098353,1.39950543359844e-28
"Cvel_10562",4.61563754708705,0.00549876825741356,4.42246773035862,0.00270834266480929
"Cvel_1283",2.29102414865764,2.65046794239837e-13,4.61007676369816,8.17076626622831e-12
"Cvel_6588",1.49707535409482,0.0119047479798014,4.60907380126753,3.86805888565279e-23
"Cvel_18499",4.60616521463431,2.60115196220696e-36,4.59348623923514,4.44357547149576e-36
"Cvel_2278",3.2088000805024,2.41145137398450e-09,4.60569112154277,1.8539819226492e-15
"Cvel_25955",4.60539702499653,1.52001373308837e-32,2.26262026966396,7.10306648981495e-10
"Cvel_33748",4.59401084775547,5.50185068354558e-06,4.21457032183256,1.58813742118472e-08
"Cvel_12848",4.58936786748096,3.19694369149166e-69,4.27966298671433,2.37181455396982e-66
"Cvel_967",2.33303265350421,0.000166567658865932,4.58664943225976,4.3512386954533e-08
"Cvel_10561",1.49663437049911,0.000606463821760795,4.58460598771424,8.42679993419302e-34
"Cvel_9303",4.03058839514062,5.84919172843045e-15,4.58070709698731,9.08987720450753e-09
"Cvel_12847",3.0261331486144,0.000750574231907793,4.57938121454862,5.56965201819244e-08
"Cvel_28891",4.57623955239564,1.09458262933493e-14,2.87603828608517,0.00139510104923202
"Cvel_12007",2.11400672780611,1.6043241435521e-12,4.5747942272318,8.31930046609985e-16
"Cvel_11037",3.5733416299757,8.03109308019065e-33,4.5715797353499,1.45982268599521e-14
"Cvel_19971",1.89883234683834,0.000805605889234739,4.57073819435011,1.04882426414471e-05
"Cvel_6506",3.67286292775149,4.09466716196405e-77,4.56172705267065,4.50292866971536e-95
"Cvel_7910",4.41344255464571,7.81106448564595e-10,4.55767237070485,1.11351533460477e-24
"Cvel_10789",2.11367535353225,0.024140753290414,4.55746161380757,2.87411511006941e-19
"Cvel_16392",3.57955443911502,1.00645890492944e-20,4.55708845217539,3.10024857835821e-27
"Cvel_2135",1.58155290894148,0.00905103298071126,4.55194195147315,3.53988711962748e-07
"Cvel_1376",3.75078164898293,1.21700211476695e-49,4.55136522140338,5.72328490188264e-51
"Cvel_4124",1.76865034651258,5.98919588353983e-05,4.55104683135238,2.6659991566355e-10
"Cvel_21072",4.28943638169848,1.53203292403232e-39,4.54885931807539,4.23537776197883e-34
"Cvel_21255",2.87797632080328,0.0252896621156451,4.54849775236135,2.02754648537898e-05
"Cvel_20989",1.49494393315572,1.6303524064689e-05,4.54620201006283,2.3772025152626e-34
"Cvel_27149",3.97227008789278,3.48178655235519e-18,4.54450409851523,1.63665650284661e-12
"Cvel_28815",4.54257097731472,1.49236059991181e-14,4.34995156947166,9.00013386346925e-10
"Cvel_9098",3.03244360553877,3.15617561064261e-06,4.54237904169256,1.09902466307676e-13
"Cvel_20900",4.54071479277572,2.09497327232958e-30,3.91152203353367,5.00853171049945e-15
"Cvel_31267",1.6389079767934,0.00111895112426211,4.54042641824663,1.046931198147e-08
"Cvel_28890",4.54002980325227,1.76547141037227e-12,4.38646649205786,7.55237738303066e-12
"Cvel_3583",2.45408642693786,0.00123343133853476,4.53918111854624,4.56175845862931e-08
"Cvel_13194",2.6793756148245,7.43730459907018e-12,4.53612773472847,3.35141406482607e-53
"Cvel_6374",4.53227307789055,7.45888070297245e-10,2.73281079588244,2.30703192148102e-08
"Cvel_27429",2.04870004615126,0.02285492363744,4.52569653508436,5.05328038099529e-06
"Cvel_20327",2.24444588837194,8.97125841056342e-09,4.52405130695394,3.13693327279872e-07
"Cvel_36530",3.523464973052,3.826963373347e-08,4.5227994226584,1.69048621067141e-08
"Cvel_16967",2.30992352350391,2.31148490008718e-07,4.52096781805472,1.33507961802156e-30
"Cvel_14273",3.03356003576722,7.37481714335166e-08,4.52088280892306,2.52037666982478e-46
"Cvel_9113",2.82182926444005,1.47604207966894e-05,4.51889697744543,9.35252587735342e-21
"Cvel_26953",4.51661051093853,1.93916916992324e-25,3.96944706960263,4.53903573856905e-21
"Cvel_11458",2.71014119070932,0.00300125199610973,4.51645450209096,1.21602287808662e-05
"Cvel_20329",3.48318385586293,2.02022531162368e-17,4.51591231295096,2.99789737122869e-60
"Cvel_17048",4.10786288619852,2.06493779092386e-07,4.51487230088086,3.91488786877173e-10
"Cvel_31378",2.76928722451392,6.28048581259657e-33,4.51320170147668,2.30684401037481e-26
"Cvel_9494",2.755802432885,1.40720355330338e-09,4.51116787171043,1.85840688494149e-17
"Cvel_13011",4.50318043166898,1.09102737333964e-15,4.4132997656348,2.39955333078185e-13
"Cvel_3068",3.85045772826228,3.46844938333986e-23,4.50301192754492,5.14393943409324e-58
"Cvel_13649",2.85240454955641,5.7324981314802e-06,4.50039470196327,1.01230060689596e-18
"Cvel_8599",2.6353568050308,0.000377873701281362,4.50037507860621,0.0019472658712458
"Cvel_10035",4.49960600653783,1.91661964079386e-11,3.70226462300305,2.04978977149883e-08
"Cvel_19547",2.43753438012222,1.58743103413577e-05,4.49762586251724,8.67819286921123e-28
"Cvel_16892",4.19453216534426,1.22654280304835e-11,4.4938045803316,8.2242610824437e-19
"Cvel_28019",3.12156863418924,3.11498919962211e-06,4.49359150180227,2.84495876148405e-06
"Cvel_6262",3.18602260810757,8.187806838688e-08,4.49318781583422,1.43433111866744e-24
"Cvel_12535",1.14606567395934,4.83452646998196e-05,4.48545594171772,1.83641243659411e-36
"Cvel_12214",3.03478236785614,2.55104781428238e-07,4.48291658939933,2.81448251455688e-07
"Cvel_17288",2.45718684339523,5.80550928816623e-06,4.48285632951649,9.00092807974395e-07
"Cvel_17876",3.00292488455327,1.95490066650746e-10,4.48072822633128,7.90920809875354e-28
"Cvel_5958",3.1476599790408,3.65651558153359e-08,4.47904478940171,1.62100564929004e-08
"Cvel_19279",4.00106968538774,4.9265553972832e-05,4.47557501432198,7.02341632644929e-07
"Cvel_1380",4.38789673631245,4.76263782570047e-49,4.47555518105444,4.60279901750586e-27
"Cvel_32133",2.33637497242904,1.28568580173228e-06,4.46882553703861,8.70855543497897e-16
"Cvel_28886",3.72584293369589,7.66989631566871e-06,4.46721965561224,5.54663708058911e-08
"Cvel_7475",4.46629024678098,1.10393443288409e-08,4.3308657252147,6.83093727111737e-08
"Cvel_18017",2.60577380070265,4.51360822276336e-06,4.46615716630808,6.70543528686752e-60
"Cvel_27872",4.46378272430162,2.3146436052841e-06,3.47359015047244,2.94154427689245e-10
"Cvel_581",2.92739615426393,1.01433241477162e-06,4.45727564530048,4.54033222652075e-09
"Cvel_9487",2.59115958826941,4.32566951094351e-16,4.45271408252117,1.31714034866492e-50
"Cvel_15234",3.11347909535016,2.51955014151134e-05,4.45156933207349,6.09140059600674e-05
"Cvel_2993",3.29172725220643,1.89000827744025e-13,4.44785618648237,1.71617789165637e-43
"Cvel_141",3.04501598933988,9.53588742334098e-21,4.44719244787891,3.96666918984191e-17
"Cvel_8619",1.83940412216955,0.00704243692796169,4.44623937577317,7.48983832358452e-33
"Cvel_11190",3.21978596656213,5.29431620847884e-06,4.44434283928129,8.52711086868098e-12
"Cvel_9340",1.78140799200116,0.0126329985415027,4.44021066166766,5.19946892263474e-07
"Cvel_21111",3.08393491319713,0.000921915090448708,4.43716373020166,8.60531417585067e-07
"Cvel_2643",4.07165222461268,3.10799024614433e-75,4.4358847902662,4.63756009723039e-21
"Cvel_24998",3.10921157280919,2.64254873990667e-06,4.43567468120768,5.4234761176279e-11
"Cvel_24964",2.78408182937499,3.06845168440702e-24,4.4331848189163,4.44006406189154e-51
"Cvel_4824",4.0729417054147,6.18536152838536e-84,4.43182081586072,7.71607613728343e-56
"Cvel_10535",2.60359616287476,0.0344393290321021,4.42727893496792,2.49022481979173e-06
"Cvel_26531",4.42605563830218,1.33386798777763e-19,4.01541979408082,1.15764916096065e-14
"Cvel_4106",3.83864345240111,4.68644464473685e-30,4.42482182269961,3.14212351599774e-22
"Cvel_7171",3.17434795067984,2.58800413770627e-05,4.42230202451914,1.05442972557436e-05
"Cvel_26474",3.74924928579239,0.00114301770899324,4.42205741939786,6.01868346397591e-17
"Cvel_28907",4.42023697042847,1.41328840243531e-05,3.58262988102282,0.000201323205221816
"Cvel_3370",3.97694450548175,5.88679208476853e-08,4.41726817782714,0.000585248036694627
"Cvel_26161",1.49519595706339,0.00133817823825815,4.41471189814661,1.39985273990726e-06
"Cvel_6611",1.43829260830874,0.0104458985870387,4.41064025662749,2.27095015898399e-13
"Cvel_13505",2.70986341063386,1.32030136679023e-11,4.4074574381732,1.84785782791135e-28
"Cvel_31171",4.40679025587233,3.02097550036658e-10,4.16783771438198,8.37030367916576e-20
"Cvel_9898",2.2137937891852,0.0145212816040274,4.40559658301572,2.22150834573467e-05
"Cvel_31436",4.40151572068283,4.50357092897358e-62,2.72873391373841,3.07726860920244e-32
"Cvel_1419",3.90754480675149,3.43919993184956e-15,4.40130200036326,5.17493981369844e-13
"Cvel_24207",4.39990534185025,3.10309525872044e-84,3.28585710945521,1.28916406839476e-88
"Cvel_14246",2.21781816837112,7.84182920255198e-05,4.39718311209166,1.04072355248631e-09
"Cvel_16713",4.39602785980931,6.7385665419202e-20,3.43393954872783,1.61538186042698e-38
"Cvel_561",4.39595580824175,0.000948022573838386,3.80193422438745,0.0237493168656773
"Cvel_11416",1.87741627761298,2.86853873167647e-05,4.39328636509567,6.11764441858627e-09
"Cvel_1524",3.47419042741624,2.78604100210387e-12,4.38803258211177,2.88226057068662e-14
"Cvel_10331",2.50268427375461,2.52395908965377e-15,4.38679996598252,1.12000677532799e-21
"Cvel_11239",4.12038854336768,3.18387416118505e-54,4.38502860038766,1.77450335406533e-195
"Cvel_24863",4.38192358260596,4.48831243028234e-40,4.29775908139478,2.15268004585776e-44
"Cvel_24078",2.63049426760408,9.70326254238617e-06,4.38179164718056,1.47792645049277e-13
"Cvel_17729",4.04038896998585,8.80214446206623e-18,4.38176164174549,2.92005161700226e-14
"Cvel_31019",4.38001525738852,2.33847684474021e-12,4.20065692284203,1.93022508849965e-51
"Cvel_28188",4.37937331989535,5.35182547183059e-08,4.01381550526436,2.23337864183243e-10
"Cvel_25314",3.782760719081,3.44441150585713e-06,4.37841312863726,0.00255524983421175
"Cvel_16175",3.4612900854892,2.93672607511027e-09,4.37572419040202,3.38079593576052e-09
"Cvel_29745",3.57703750235029,1.27451440152084e-06,4.37047609613365,6.49816269303354e-05
"Cvel_28981",2.99017820474867,2.85359499386214e-05,4.36795379981974,4.79931967853874e-07
"Cvel_5972",4.36320407699215,2.55956363271075e-07,3.5790946927328,1.57282664249747e-10
"Cvel_8305",3.93605170535355,2.95736232822648e-07,4.36264258909651,6.88422787936643e-08
"Cvel_2176",2.65618758327396,0.000283009162312487,4.36138045829598,5.01804406965326e-19
"Cvel_35246",4.33539958433389,0.000170434640197877,4.36106094341194,0.000344386257307461
"Cvel_5073",4.36029441384522,4.31363502428904e-07,3.44489859399944,0.00733168336268165
"Cvel_27766",3.67381586849772,0.0320847400464827,4.35587324260729,0.00016155286163264
"Cvel_4390",2.45672264225605,1.16133173611391e-09,4.35404712511769,2.35455650341632e-07
"Cvel_22940",4.35161649238764,1.68796759312418e-33,4.21532030676772,2.25661526356481e-32
"Cvel_11308",1.04678370852178,0.0104034710849233,4.35079639391016,1.58122082866563e-13
"Cvel_7004",3.33416147672183,6.3234533370457e-11,4.34872412420065,5.67119954538581e-14
"Cvel_33120",2.29042112116875,8.60547482583429e-10,4.34311603021856,1.64459416177888e-41
"Cvel_3885",3.24138216020024,1.93744731689098e-05,4.34165752410995,1.65580873234005e-06
"Cvel_938",3.15726772227534,5.67563435339133e-15,4.33920675555106,2.21749099239839e-07
"Cvel_22843",4.33569182464156,5.0273692434029e-52,2.95363057499672,7.7761802245855e-20
"Cvel_20643",3.41205560128357,5.60364205299759e-06,4.33408119375956,3.04004291152774e-07
"Cvel_7902",4.33246536554729,1.31012602675241e-05,2.5231484359893,0.00764530277264472
"Cvel_28303",4.22924388508207,3.96777463322798e-13,4.33204256796687,4.42384754015536e-06
"Cvel_26297",2.05672189420456,1.05936602830873e-06,4.33184592149109,2.07026704150993e-08
"Cvel_15336",3.68373424958655,2.0529195937237e-22,4.33037756172034,2.61587467947334e-13
"Cvel_2137",2.60689147690007,7.67359043253881e-07,4.32972028970782,7.3687791144134e-07
"Cvel_12198",1.63730163050292,0.0376081112653598,4.31894313909864,5.90235841168875e-05
"Cvel_9925",3.74670940339259,1.52313840418826e-10,4.31780924102456,2.5327316083769e-34
"Cvel_22249",3.96584846466692,2.62194425455153e-31,4.31761451553521,2.26072029287098e-25
"Cvel_26869",3.74071012660588,4.34861873349553e-12,4.31701011515692,1.57670322562495e-16
"Cvel_25322",1.53790531183144,0.000144178393455787,4.31407613118759,1.91433635259598e-14
"Cvel_6503",3.90006648353401,1.18654041481206e-10,4.31040610540892,1.21335735240482e-13
"Cvel_29566",4.3079834734405,4.53466204809199e-16,2.56668680197161,2.78141154693433e-05
"Cvel_17289",3.07886529519825,2.98246145815161e-05,4.30462220646041,3.76743452009736e-05
"Cvel_17345",4.30402633038854,1.7273762611719e-13,4.10207570208959,8.20603252025042e-16
"Cvel_5021",2.73753942869811,0.0042996030512564,4.30364091132207,0.000722805283619874
"Cvel_2304",1.23426047698974,2.06102760321408e-05,4.30261321385122,6.74294828544297e-22
"Cvel_13988",1.47383338278158,6.12578648409691e-12,4.30119467939865,9.18871061146298e-73
"Cvel_13896",1.19061138714182,0.00667441505230253,4.29559500219679,1.93678983090447e-34
"Cvel_36514",2.64302659105062,0.00349908468556181,4.29314202324395,0.000109404689487619
"Cvel_2447",3.62972782847234,9.31107841976531e-14,4.29311850845747,6.62271084845751e-09
"Cvel_1599",4.2897956366163,1.19549575345988e-08,4.17486236003818,4.47920054501863e-06
"Cvel_3496",2.69250887883544,3.13964458073576e-05,4.28803006586812,9.81313609236932e-07
"Cvel_18424",2.07951865036634,0.00270937900582564,4.28677247719429,1.6830699356716e-08
"Cvel_32153",4.28614244132386,3.59650607868389e-13,3.83974501460873,2.5503643290316e-31
"Cvel_19420",2.2911358060246,3.51645294152756e-10,4.28576511587375,3.85476254325664e-37
"Cvel_19186",2.35905200986899,1.09577089290006e-10,4.28437649024548,2.5014267631334e-19
"Cvel_5718",3.08756876241958,3.29222645949257e-13,4.28417043261146,3.66862669345824e-38
"Cvel_23681",3.95681343727498,5.18940444165755e-19,4.28391126070597,2.00799195603922e-11
"Cvel_23404",4.28312224873448,4.15236346149191e-24,3.37162783577115,1.56380114293354e-34
"Cvel_484",1.29760123767295,1.37401646063438e-05,4.28207856231924,5.28724319482695e-43
"Cvel_36484",4.27963746353564,2.1315305846687e-10,3.46335157874322,1.21492254888308e-08
"Cvel_23284",2.40716279409309,1.97078166043569e-06,4.27181993437604,9.0447876830291e-37
"Cvel_18914",4.10906845409289,1.69550016474088e-19,4.26790097691424,3.65849250395957e-10
"Cvel_19926",1.59853917312529,0.000714833011916966,4.26584545420395,2.95415707111087e-10
"Cvel_24684",3.45990464860487,6.47972873164238e-09,4.26155270891144,6.54091124232635e-05
"Cvel_35113",3.97164625965835,1.99280139700035e-10,4.26147575289798,6.71465896367991e-28
"Cvel_14926",3.71456772507782,3.87315170021009e-23,4.26125347362129,1.36101870235766e-32
"Cvel_35522",3.30093125034617,0.0206552404398915,4.26034368537132,0.00557400740809344
"Cvel_24838",3.46956222345288,7.97626041706121e-07,4.2596876047441,3.51466321166463e-11
"Cvel_10757",1.28705555895943,1.36826338289209e-08,4.25935772528917,1.38700359372285e-21
"Cvel_13385",1.13680135947183,0.000961787450061144,4.25801581796713,7.8269024043221e-10
"Cvel_24390",1.30791653576041,0.0140403510977798,4.25645494641095,2.80002171558779e-06
"Cvel_11062",2.61921978911264,2.45030048257448e-22,4.25639060357206,1.03487475679643e-14
"Cvel_902",4.14618531884845,3.93311313339142e-24,4.25235321254738,3.67336666444354e-56
"Cvel_24999",3.53381405992022,4.47131278076542e-09,4.25094975058208,2.14038786091224e-11
"Cvel_10238",2.88960875163746,1.05817578332805e-18,4.24944501702069,8.40720632475821e-13
"Cvel_6633",2.77580134326316,1.25023943050725e-14,4.24785908014692,3.30166513480196e-23
"Cvel_7172",2.83106787632462,3.9723930368264e-06,4.24590507053259,1.03495660490294e-10
"Cvel_8218",3.18302241181159,8.94689051841665e-07,4.24447744169935,4.22307369420541e-11
"Cvel_8445",2.12862624925725,0.000680422798037261,4.2427818845413,1.90863775869304e-07
"Cvel_29307",2.49712907887403,2.95697928678126e-17,4.23986099588958,1.01415039403209e-07
"Cvel_29959",3.26356419257862,1.42152447634544e-16,4.23887678200789,5.99674909112048e-25
"Cvel_13056",3.70548208013121,6.9808015014868e-12,4.23217492087543,2.55050461716379e-10
"Cvel_32009",4.22896203060356,2.159685027168e-13,2.13267634602763,2.25818739546542e-05
"Cvel_14324",3.88690432397363,9.04102246257029e-11,4.22564410561328,6.0115971474382e-21
"Cvel_14727",2.44144625563798,1.29668844861031e-10,4.22547603539834,7.74301476566949e-19
"Cvel_18859",4.224869885559,6.32546102375934e-18,3.37555362047267,5.634979798498e-11
"Cvel_36561",2.5039378735783,5.52629918966592e-05,4.22207298702857,8.36549748896935e-34
"Cvel_4187",4.21845502810482,2.81416191352793e-07,3.21066928530226,3.32289457023816e-07
"Cvel_4439",3.56257420216271,1.83111204321052e-12,4.21634912336496,1.77157873932311e-17
"Cvel_11017",2.93555135302198,1.83260889540289e-34,4.21423794891891,8.19036966374221e-43
"Cvel_30961",4.21011629311228,1.7257173681819e-08,3.98807107099774,0.00408840220314026
"Cvel_36319",2.36535851944367,4.29722583256588e-06,4.20941068566502,4.50265299838011e-11
"Cvel_2218",2.99164220169349,0.00121958182920881,4.20210625761524,1.05216103106775e-05
"Cvel_19039",2.27587149769014,6.13645383423709e-09,4.20172651459068,5.1100506655081e-10
"Cvel_7643",2.34780153211371,1.89511276203224e-11,4.19519625430186,5.78216649623905e-62
"Cvel_16802",4.19516123103629,2.82119668216123e-10,2.44523964880035,0.00761539146336835
"Cvel_34339",1.06739270506518,0.00600696289682886,4.18362366038007,2.12477811224217e-07
"Cvel_16738",2.5098865806604,0.000360519643353114,4.18240043660009,3.5042110636333e-10
"Cvel_768",1.7814752959891,0.000444129962947164,4.18022827803674,9.69509101022678e-09
"Cvel_17879",3.38555183026992,6.47266350553352e-07,4.17970872573517,5.88053389784882e-18
"Cvel_9331",2.52180572544522,0.0221575478337311,4.1743419749031,0.000309996939019493
"Cvel_27323",3.67890212513447,0.0194954076231442,4.17308566564818,4.82019980106747e-05
"Cvel_19073",3.06364322866914,4.37682851206751e-05,4.17228925610413,2.41147291178785e-05
"Cvel_15473",1.82834033530428,5.39103506211937e-05,4.16775269051683,5.63453701921356e-09
"Cvel_25300",1.47918375733501,0.0370570863017288,4.16377017770953,4.3952043465968e-05
"Cvel_14096",1.41342727821714,2.67605040580951e-07,4.1606980110074,8.91033196692342e-38
"Cvel_7927",2.86370895448052,0.00115386028122749,4.15624405010827,7.26351556045308e-08
"Cvel_20228",2.43310274376024,2.17038000590286e-05,4.1484714310507,4.60693207470028e-06
"Cvel_28735",2.48410960103081,2.79041714687847e-11,4.14659029727079,9.88909615143483e-21
"Cvel_3610",4.14511322726856,7.38905413001063e-10,3.89094190611367,2.2914632056717e-08
"Cvel_31788",4.14334150645812,3.380719610663e-18,4.02777594641671,2.68710432910225e-14
"Cvel_21667",4.14230489488453,3.95785497547123e-11,4.03379785540283,1.79893969415578e-10
"Cvel_13188",2.72384818233928,1.11439306419983e-07,4.14039403815204,1.03070496397221e-09
"Cvel_3633",3.14497443861065,3.25573576725514e-16,4.140058616278,3.92675918064766e-15
"Cvel_31683",3.44888654019489,4.72330765579483e-18,4.14005517822905,1.19189840687838e-18
"Cvel_30824",2.04688319812832,0.00014586697732993,4.13488441247635,7.31732629879524e-08
"Cvel_16309",4.13258802105048,6.25702629807262e-07,3.94543556841331,7.11328081672151e-09
"Cvel_31953",4.1325832972428,1.2708886874186e-08,3.21152680419268,5.87728183538637e-15
"Cvel_36397",2.54012810688147,0.0264525180205441,4.13190919723808,0.000857761752089654
"Cvel_33088",2.89330001627089,6.40607087991724e-08,4.12889346906777,5.27766737910401e-09
"Cvel_6975",2.82984406486104,4.30640163028442e-11,4.12817089823595,1.16844629731542e-16
"Cvel_18646",4.12758221560721,7.21859638508166e-59,3.3474881997125,1.24030650500923e-27
"Cvel_7990",2.28119292244982,8.68921719684971e-09,4.12640897234254,1.27890766613212e-23
"Cvel_23980",2.03934523771812,0.000715101413354474,4.11832520047232,1.34446380709764e-06
"Cvel_6552",3.23216617089627,1.3882524417837e-09,4.11370921336507,4.19292101762768e-21
"Cvel_25655",2.68962461653808,4.56237581193973e-11,4.1107381355149,1.85999462509225e-52
"Cvel_20538",3.8425457460105,8.70026427364935e-37,4.10358809458547,3.03243489901784e-44
"Cvel_2306",2.51776154332796,1.11610637871784e-37,4.10334018875453,1.93811047226576e-16
"Cvel_33621",3.93345738602751,1.28157788989908e-11,4.09805500040923,1.67770498197492e-07
"Cvel_3634",3.99140284570424,8.92234544239376e-50,4.09739402391403,1.44037335666311e-37
"Cvel_10780",2.59310370799397,1.25413472721235e-08,4.09545366002925,2.08630601256456e-14
"Cvel_20954",2.9667457364153,6.48791795688465e-06,4.09424413086868,9.11784952905295e-08
"Cvel_26876",3.21143592663284,5.19775514561163e-15,4.09365245098867,3.85922519491236e-23
"Cvel_30095",4.09174967128991,1.08610297742226e-05,3.33368653329039,0.00392210867492331
"Cvel_13159",3.36049135186451,1.90557509896533e-14,4.08985350657594,3.53350732748093e-23
"Cvel_25677",3.43577607626296,2.2660047996133e-08,4.08867379328129,3.27228972749475e-16
"Cvel_24395",2.01565548221275,3.65841641316871e-06,4.08809859942152,1.31716610914052e-12
"Cvel_2757",3.75334120198062,1.83367381071814e-09,4.0873885646425,3.61025221793479e-13
"Cvel_28675",3.58924298656011,4.56397458857247e-35,4.08512293075418,1.98421026014961e-24
"Cvel_23285",2.39241606654972,3.2454883540878e-11,4.08383788351728,8.85619363015686e-31
"Cvel_32470",1.8080283411682,0.0181489752806342,4.08155771246081,1.91424003111923e-05
"Cvel_8563",4.08110332778999,4.45317685257461e-05,4.01110815685724,7.82382796095538e-10
"Cvel_19571",2.55299784597691,1.47038690307694e-30,4.07699812391059,7.3633563391272e-87
"Cvel_6571",2.4988741267162,2.79890402776001e-08,4.07676833628499,1.11117145679459e-23
"Cvel_30791",1.58770240036187,0.0407309620765833,4.0753885927288,9.32397734998108e-43
"Cvel_27222",4.07233878727898,5.93348740596548e-07,3.27036004410561,0.0109463080901585
"Cvel_27156",4.02457682302401,4.47618373256622e-06,4.06931807883295,0.00221959722886546
"Cvel_11201",1.70375083024801,4.07146484619549e-07,4.06870256800807,2.15684175817472e-14
"Cvel_19195",4.06817646406585,1.03078496162667e-25,3.49165565739009,2.50388409772362e-10
"Cvel_24801",1.77676017871062,0.00198950904310091,4.0672586103489,9.95584866452654e-09
"Cvel_5992",4.06029987689936,4.20052176797722e-09,3.78227329597606,1.79285834632665e-06
"Cvel_14661",3.01214568617159,3.73091026300529e-08,4.05139196457577,1.11336637882242e-11
"Cvel_9309",3.77364239691457,1.68836167549826e-12,4.04787736801877,2.67698119284189e-18
"Cvel_2974",2.22175837596054,3.92900589064015e-05,4.04764237339302,2.91803018588928e-09
"Cvel_10912",1.14531195173344,1.37716528135301e-08,4.04758640411367,1.09514376716464e-50
"Cvel_10724",3.16446040457436,1.35361231929518e-12,4.0472753993927,2.16210920403448e-44
"Cvel_6567",2.0866183420474,0.0095468192312464,4.03935071552087,4.62142186939591e-06
"Cvel_9230",2.50073338582783,5.30193044059998e-14,4.03857614532027,7.52968970727362e-42
"Cvel_29032",1.9269212903705,8.99058207121873e-13,4.0342777809708,2.77139678749602e-33
"Cvel_27662",4.03396665325529,9.5456104795279e-16,3.97833664986618,3.97947382540103e-31
"Cvel_10286",4.0335633099534,1.83259699844949e-41,3.24980642527653,4.49405987778896e-50
"Cvel_12267",3.07167647076279,1.28575366035109e-05,4.03056402197587,5.45390826060693e-10
"Cvel_12256",2.13698051472242,4.26359848673569e-08,4.02969639875724,1.00730662411059e-25
"Cvel_22560",3.33755197970908,1.38666779521369e-10,4.02341270242564,8.58984282464487e-16
"Cvel_3977",3.54398220515139,1.10541928269876e-08,4.02179862385801,3.48248242548024e-33
"Cvel_1840",3.73822736416169,1.03177819545007e-40,4.01723937509939,5.749686460479e-13
"Cvel_4134",4.01083517578339,1.53330251975828e-19,3.92871089434423,1.25636697586785e-16
"Cvel_5124",1.84112232736084,0.000101012293355275,4.00678058296701,5.93881348073696e-33
"Cvel_14683",1.22914552873235,2.40145394624299e-05,4.00159072882106,9.4488121024525e-32
"Cvel_19847",2.48160557695155,0.00227081505413264,4.00139913310128,2.16892657023479e-11
"Cvel_15596",3.66690775196542,4.49767764388153e-12,3.99577103956757,3.27956684091048e-20
"Cvel_13057",3.44827446624555,4.8202366554061e-08,3.9942596999394,1.89670592492965e-06
"Cvel_29871",1.78037395363935,5.91727952085351e-08,3.98796567054009,7.05098023475625e-10
"Cvel_2778",2.35269439143433,0.00026611531478337,3.98788657610059,0.00399107513182676
"Cvel_12861",3.79797435582753,1.27192399676551e-23,3.98666725531666,8.51863877223581e-07
"Cvel_19528",1.86998809062016,0.0277263430053891,3.98376823789203,8.92574966982622e-10
"Cvel_1388",3.97980956686175,2.45860798294419e-10,2.65601377790862,0.000397555753092097
"Cvel_18661",3.36261312379188,9.78564068278611e-55,3.97671644650236,7.29113855328881e-140
"Cvel_25845",2.99302710674939,1.54528821662713e-05,3.97478157718985,5.3397756493504e-11
"Cvel_6063",2.25692812514028,1.55380643042042e-14,3.97477667682054,8.34034808545988e-13
"Cvel_3942",2.75101560202466,0.000716939696557802,3.969679894709,3.19090157000813e-05
"Cvel_13665",3.96853753444972,6.22346092893757e-09,3.38560545601277,2.31204663049259e-05
"Cvel_2357",2.42512744987156,4.08159624190003e-05,3.96673928467639,3.98107365191047e-05
"Cvel_3664",2.44862714943953,6.78422344603529e-17,3.96593744984644,9.78769813654584e-15
"Cvel_13322",2.75232197612335,8.16691189121252e-06,3.96483041421148,4.79989061861581e-29
"Cvel_2899",3.96222337721396,0.027489368893963,3.63696886283441,0.00898082003853272
"Cvel_8724",1.63572161273734,0.0190293060308085,3.96158372036931,3.49950449746279e-05
"Cvel_35129",3.96047821462875,2.86762207933321e-20,3.85861561060957,5.02903698631588e-28
"Cvel_8475",1.86494342658392,0.00209357252560729,3.95919537348424,8.43038507637717e-08
"Cvel_17305",3.95828009791837,2.72560423011101e-36,2.72927749900771,1.16514764398053e-06
"Cvel_13084",3.9575803886243,0.002077214842159,3.2749401199275,0.0055106738469926
"Cvel_24933",3.32409371520895,0.000156217766208947,3.95707096987092,0.00048135034630119
"Cvel_25000",3.32243517044003,0.000569763247380706,3.95702205549955,0.00191633386322959
"Cvel_29372",2.57692932707499,1.14072401844652e-05,3.95445653481068,7.10707431837147e-15
"Cvel_11352",3.53622275689367,8.82601140622627e-09,3.95171291476126,1.22510726133652e-09
"Cvel_958",2.80062364509483,1.03589253930776e-19,3.94908968565436,3.74453853409404e-11
"Cvel_4668",2.44478994059008,0.00658058953653814,3.94807341597234,0.000236914602319315
"Cvel_32551",3.56851465486517,5.422314012327e-20,3.94700584203574,5.83062258423799e-36
"Cvel_25757",3.94647538369546,3.05541917975931e-33,3.09744559577021,1.51379038116564e-37
"Cvel_4654",2.43607741772409,0.00134718101010266,3.94342182562669,0.000115137019492818
"Cvel_9281",2.55756549082425,1.77632887669491e-08,3.93667215925223,4.40120149807741e-18
"Cvel_28951",2.15969992117936,1.13434313551725e-07,3.93579222415128,2.38927375836462e-19
"Cvel_26558",3.93499124391212,7.42986159315381e-09,3.66435423781779,0.000221337479029906
"Cvel_10032",2.20671730318089,0.020494273619069,3.93320512599528,0.000621723214855938
"Cvel_23338",3.93206939728009,3.15519948942178e-25,3.01017927487596,2.47107822365306e-16
"Cvel_21837",3.93055645200392,7.57115173691682e-12,3.65220825513396,9.1944163191578e-07
"Cvel_25720",3.92289969660792,2.48385726264929e-09,3.13742466602141,1.80723694623545e-09
"Cvel_15335",3.55596275340359,4.06859600968238e-81,3.92064360630741,1.08798596497733e-76
"Cvel_16739",3.47968710879166,0.000252922865053826,3.9190377881959,1.26586224507643e-09
"Cvel_10843",2.79368116512841,4.55165253932474e-07,3.91737298378851,1.11328944464148e-07
"Cvel_29007",1.83615625890518,1.04732797617209e-09,3.91556853952268,7.10326962336349e-54
"Cvel_8938",1.4124487345883,6.4556085526581e-07,3.91493931227641,3.67245176462073e-15
"Cvel_29667",3.23392955519328,2.08280067861696e-15,3.91271644856962,9.53350141055152e-41
"Cvel_7113",2.77232785803846,3.64779515374227e-12,3.90845312655215,7.97748175430237e-16
"Cvel_16519",3.86317697007283,4.44438258460691e-13,3.90722252563571,4.08457593083338e-13
"Cvel_31983",3.36848386987891,0.00722852976820147,3.90663103288963,0.00518321547123588
"Cvel_25620",3.90402156755488,4.50784973937331e-27,1.91921206595779,0.00016280162588556
"Cvel_7267",2.4352191969758,1.5400969609566e-05,3.90385391956495,1.16016185951613e-12
"Cvel_1373",3.80296434965147,1.74654996648891e-29,3.90245749798797,1.14428000562259e-65
"Cvel_18485",1.41359962585851,3.73722244705154e-09,3.88928508670186,7.37448991901268e-09
"Cvel_12166",3.01348217870409,9.78065028360106e-14,3.88894980132992,7.74583861176884e-15
"Cvel_1681",2.85620287383972,7.6684865866298e-26,3.887361505965,6.69943804915027e-79
"Cvel_18645",3.87971241191717,1.08001050047304e-20,3.38728212006106,1.28416797850504e-16
"Cvel_2414",3.16874905233436,1.81986555731538e-10,3.87951661405236,2.5361909962011e-07
"Cvel_25994",3.87780989027732,7.13792513585809e-08,2.99307647039026,1.92801826663196e-07
"Cvel_7530",3.7504923963667,5.68817000765161e-46,3.87461273674682,2.85134363150786e-39
"Cvel_826",2.08323260830452,7.65057048664911e-06,3.87416926894168,5.17653139959292e-13
"Cvel_19767",3.87389170821936,5.35729202079253e-37,3.39399064785838,7.44890586002675e-47
"Cvel_18375",3.87140729212136,2.96252760086812e-22,3.07840588706131,1.79754697572085e-07
"Cvel_17234",2.76707342124167,3.49315982846345e-08,3.87094323488875,8.45288828984305e-14
"Cvel_5743",3.17024579090713,2.50759852866604e-19,3.87032635952768,2.16500138834572e-31
"Cvel_13998",3.43102969733903,1.36914533150724e-33,3.86995379677139,1.19507847939518e-14
"Cvel_24141",3.86042999250201,3.49646323595488e-09,3.86944714300773,3.35485891477988e-08
"Cvel_8368",3.86382634294371,1.10901783470724e-20,3.51781294093788,3.93562023307351e-23
"Cvel_16313",2.39608683076369,0.000460642836209344,3.85861227279553,7.90050609369457e-06
"Cvel_6662",1.99594299560252,3.50749494386869e-06,3.85522859862732,4.94049639575455e-21
"Cvel_27551",3.15333494910121,7.3039576570079e-21,3.85265449914052,1.29886885324724e-60
"Cvel_12253",1.64709945969653,0.0204748754996341,3.8514489415958,0.000761170694853463
"Cvel_21585",3.07881087881738,6.14228660491886e-19,3.85077754350095,1.98190372899508e-23
"Cvel_19854",3.84913612876668,7.21127184022704e-21,2.4616174597327,2.53364746695524e-12
"Cvel_687",2.86710796381927,2.19984600895245e-07,3.84546120977045,6.44577336181032e-08
"Cvel_17877",3.76550597565237,8.71766888838667e-14,3.84519967148795,3.59428354445342e-16
"Cvel_21229",3.3962274389727,6.63795440299748e-43,3.8418431814738,2.28160496630965e-25
"Cvel_23774",2.72237575100014,6.68818428476036e-26,3.83979311501495,1.08246681706827e-48
"Cvel_13837",3.34691990226969,1.13911604359062e-10,3.83747915806477,1.77841106690304e-11
"Cvel_14232",3.20600076581621,4.66308564118298e-25,3.83653645431439,3.77354265668986e-53
"Cvel_615",3.83648454781366,4.4194672974705e-07,1.49006441707602,0.0240091070439755
"Cvel_27871",3.83521400240117,1.0910044892616e-15,3.28400931134396,4.43713929339733e-12
"Cvel_26739",1.71732843570635,2.90142228266365e-07,3.83006940969444,1.01889882068225e-09
"Cvel_9915",2.05923853072858,3.19464314154236e-11,3.82895930474654,7.94419155320094e-55
"Cvel_23305",3.82731327950408,1.07762952893694e-22,3.62504052136631,1.2680839878636e-17
"Cvel_12978",2.07758856941673,2.17300048341443e-12,3.82506370804487,1.52385242977949e-37
"Cvel_13192",3.82246075168362,3.92503727168854e-73,3.75472701154688,2.2989666837533e-36
"Cvel_6518",3.42818677879306,8.29400778998705e-05,3.81874290017445,1.70187811435659e-25
"Cvel_13776",2.55517193633262,2.12840659213817e-11,3.8147630153216,1.90637785750275e-20
"Cvel_5134",3.79105059267762,2.03528371430773e-28,3.80850707716966,3.61170585834169e-16
"Cvel_8420",3.80826951219652,0.00010270834545645,2.17515710042276,1.05053618717635e-07
"Cvel_11868",3.80512539751742,0.000960407719162818,2.80104515762683,0.000181226625293963
"Cvel_19530",3.80069452098507,8.96422768610472e-80,3.59454252262728,8.63892940715055e-43
"Cvel_11967",3.49525020718299,0.00496423900506674,3.7956290287995,7.11975229979581e-07
"Cvel_26952",3.03845592466353,0.00310682105957342,3.79375114892604,7.34230148130301e-07
"Cvel_2453",3.06064087739761,9.51572170829312e-10,3.79298676122308,7.30500752954926e-07
"Cvel_8952",2.27341812184272,0.000156315032456281,3.79241406873673,2.61633466627027e-17
"Cvel_24630",3.79044445920814,1.95674417364668e-52,3.00784091493844,1.78089600249946e-26
"Cvel_25540",1.22983242529161,9.98643803132477e-06,3.7892433793515,2.72831841441585e-54
"Cvel_25421",2.71453245736195,1.91736781672883e-14,3.78733730308863,2.77021770367026e-32
"Cvel_8899",1.83280877710106,0.000318039358968361,3.78493112691728,1.34943844566602e-20
"Cvel_1033",1.99583902624712,8.82022567643422e-13,3.78132137287253,1.7457146012776e-28
"Cvel_18377",3.78076750539863,8.59621384767468e-14,3.46789174374549,1.6723380298451e-06
"Cvel_19345",3.77957864853798,7.95239286235083e-24,3.50235520720128,8.86398721221574e-14
"Cvel_13683",2.65421691193264,3.85595948478475e-14,3.77822487092185,2.57194507528594e-23
"Cvel_5246",3.77731305988672,0.0111765962454479,2.07302081901164,0.0465365293000125
"Cvel_10723",3.77414167488742,2.93152342107407e-15,3.58303651956429,5.94876964852424e-10
"Cvel_29442",3.1935614739405,1.69497428624797e-17,3.77053964762466,5.9593861730246e-35
"Cvel_22778",2.61851459711428,2.57521690430564e-10,3.76993365581197,3.12888567562069e-53
"Cvel_13863",3.66396367646528,1.96983631037372e-20,3.76927090412059,5.68047217570821e-30
"Cvel_23260",2.62672600565813,8.1484206553107e-15,3.76819265589167,6.85361417820661e-15
"Cvel_25205",1.60557948722687,0.0365536686436999,3.76313214259728,7.26591806566671e-07
"Cvel_27133",3.03070765954449,3.62482927171565e-20,3.76170078264529,2.72386772329108e-37
"Cvel_3230",2.58522082917206,8.02689387399367e-05,3.7613687550014,1.28363122494306e-18
"Cvel_32268",2.18409881265184,2.10478640869517e-29,3.75801675585221,3.90899239236196e-57
"Cvel_20585",3.75634205231574,1.2071271376239e-23,3.69268410453068,4.80752581745497e-23
"Cvel_18378",3.75334945827805,1.11191132958494e-05,2.59029247120415,0.0182607268850317
"Cvel_23120",3.75235397102327,4.77654213446889e-17,2.76001952041478,5.68887040357291e-30
"Cvel_10107",2.93709595315909,0.000101170453312121,3.75167445241861,2.99324777526948e-21
"Cvel_14033",1.24002587321608,2.52385019521017e-06,3.74937462301951,1.74040160617432e-20
"Cvel_25278",3.74378475694386,2.62062152385627e-56,3.7222496289087,2.79491549112538e-31
"Cvel_6140",3.74171497658941,1.67930843684052e-21,3.6815617316147,8.73924885567544e-21
"Cvel_1591",2.85732857912626,1.58784417867958e-25,3.73875114780518,4.02063051000687e-17
"Cvel_18310",2.91581295809122,3.02773238638507e-18,3.73612617231883,3.55589593228869e-08
"Cvel_31601",2.9908463849862,0.00473211891683829,3.73524201289863,4.3972209944849e-05
"Cvel_12044",3.15755809849447,2.24564289522247e-09,3.73419085472814,1.32735672304773e-10
"Cvel_4410",3.01798131635394,8.35112086763668e-14,3.73349232019305,1.68266108298186e-24
"Cvel_22682",3.50324947403747,3.2652975497014e-13,3.73295660935361,4.46136225146357e-07
"Cvel_2499",3.73026564202176,2.20226246747169e-05,2.56365934809335,0.0044688117360916
"Cvel_3339",1.31775396848994,0.00479393530991949,3.72887326546718,1.99438425447854e-07
"Cvel_27072",1.77848410583067,0.00409586661149982,3.72798334239943,1.26727856399386e-07
"Cvel_3441",3.01330502304338,1.87925373175338e-08,3.72003267830053,1.42535605131551e-15
"Cvel_24192",2.16867374176239,4.07199865607773e-16,3.71746943788231,6.30696956956088e-11
"Cvel_21626",3.71645760754973,0.00566239932753094,2.2426814537802,0.0121278664122483
"Cvel_12103",3.71488757537423,0.00128101753742757,2.46142012147768,0.00448818526603167
"Cvel_2677",1.59093967552491,0.000999085866761836,3.71138045708875,3.54847983403469e-18
"Cvel_14018",3.07687696396303,8.63740688051522e-05,3.71069784823285,8.72124431987077e-12
"Cvel_4558",2.41157319205373,0.0183732673401344,3.71052923690499,2.72589989437356e-07
"Cvel_11354",2.8967551021402,0.000159672996206591,3.70973692743097,3.5659636161495e-06
"Cvel_8369",3.70446856501314,1.07093894504663e-62,3.6863128630614,1.05015872864663e-38
"Cvel_5924",3.70382688214522,2.62453357300079e-38,2.97143373923609,8.19568319578946e-32
"Cvel_15044",3.69488268527743,5.34226428706947e-05,2.71253686523721,1.27362300609637e-05
"Cvel_23989",3.39011548884019,6.89304433887627e-13,3.69266304174501,4.19528972530747e-09
"Cvel_18321",2.52460120971935,2.11289302325347e-22,3.68995702499202,3.24522699486139e-29
"Cvel_8993",2.24844680199081,1.4441922469212e-10,3.68187093291003,3.80879501801899e-26
"Cvel_12979",2.85867790170639,5.16655052157324e-21,3.67879252282053,1.91809983370756e-17
"Cvel_15837",2.06130639707443,4.49044884120592e-10,3.6741176255609,2.70533465418401e-16
"Cvel_13232",1.63368498866281,0.0091039018635464,3.6693886301167,6.92712605622188e-08
"Cvel_11787",2.23878121353367,8.62566522259249e-25,3.66907435488129,3.60411729268221e-45
"Cvel_10642",3.23082089652755,4.52718365435726e-07,3.66862142651306,1.36975180162275e-13
"Cvel_30823",2.04240092214665,0.00220655019080619,3.6683721015665,1.85764514024459e-07
"Cvel_25629",3.14755435022393,0.000557106043073949,3.66738818644095,0.000802575193015729
"Cvel_1437",2.4443069039593,2.13938918897649e-14,3.66530699964916,3.97136665469658e-30
"Cvel_20676",3.07591426644991,2.19337670011538e-17,3.65820976170571,2.05392039234359e-23
"Cvel_21252",2.24299031797367,1.71816368674331e-07,3.6578904131631,2.21701387492377e-16
"Cvel_15490",3.14746932790805,1.84169863333337e-26,3.65537898467439,2.62152879222317e-45
"Cvel_18766",3.41365907515295,1.7914126586809e-13,3.65266446132793,1.65000971362294e-32
"Cvel_1301",2.56707615635817,1.061283757223e-35,3.65160767704174,1.18030843085682e-29
"Cvel_24289",3.30157907548945,1.78605775345419e-25,3.6464218520027,2.438849290183e-30
"Cvel_11812",2.48029017827919,1.97678385200205e-32,3.64528710208485,1.50514741441155e-74
"Cvel_3510",3.54656287803892,1.89669703169672e-08,3.64354337180966,0.00251325427968632
"Cvel_19825",3.64085835199684,3.11575370483722e-60,3.31422829892758,7.80496004772038e-33
"Cvel_7537",3.2040526566667,7.71568366846541e-10,3.64047989471869,7.00155828029608e-08
"Cvel_9924",3.14378504092913,0.00164030914614874,3.63923434583028,1.51036069668907e-10
"Cvel_10889",1.89453425480908,3.42178026954254e-17,3.63720994564026,5.03409020918287e-45
"Cvel_13611",1.81142884602459,1.18725809529103e-05,3.63516660363433,1.04975490695205e-23
"Cvel_17421",2.56435022800688,2.07633994094804e-11,3.63479572858339,9.39702763942928e-10
"Cvel_15813",3.62792496977558,4.49217715929675e-06,3.18675801576544,0.000182579482829742
"Cvel_28053",1.26318049371185,0.0224503949818111,3.62672696620845,8.30431551421308e-06
"Cvel_16037",3.62250137262175,9.44379196237654e-12,3.33519795664099,4.01205614401122e-46
"Cvel_6191",3.62181700607469,2.29335845148185e-12,2.9022447598388,4.32832121687851e-17
"Cvel_1034",2.59541947241924,2.35590774061968e-26,3.62132866001934,3.87242290330193e-40
"Cvel_4294",3.62008502602224,1.24980568607609e-30,3.5346494912882,2.56623896314568e-22
"Cvel_1575",1.20330656327832,0.0431746308330091,3.61559527452904,0.000307387480957057
"Cvel_12810",2.75745052502005,2.31150225952559e-07,3.61382851416123,4.09323628153554e-09
"Cvel_18982",2.03060695858926,2.63018560259771e-08,3.61111559498181,3.8585491593972e-07
"Cvel_25293",3.36232481485079,3.6618196041936e-78,3.60893578654432,3.78571985482861e-76
"Cvel_31934",1.46558852637325,0.00927596216054745,3.60589183570464,3.23609522750347e-10
"Cvel_10115",1.32279523480496,1.06581956221999e-05,3.60136341603642,3.32621445629656e-15
"Cvel_4411",2.55230850551958,2.97414595411283e-16,3.59990689573206,9.98628725236261e-41
"Cvel_26770",2.77492229103662,0.00047684693114385,3.59515122295069,0.000527656965283255
"Cvel_22900",1.29930672549287,0.0377991158594638,3.5946394233081,7.427853390436e-07
"Cvel_21838",2.96687686921951,1.09534120205678e-08,3.59189691728326,6.01555062448726e-11
"Cvel_18767",3.52660747170641,2.92289919016312e-10,3.59170808484149,8.01080077530328e-27
"Cvel_23262",3.50728368236331,1.78837528170913e-12,3.58317791325753,3.26975494585164e-22
"Cvel_7440",2.07708458204319,0.0431839553966046,3.58307776109075,1.91389515809094e-05
"Cvel_14442",2.69796786624325,3.7370366379034e-27,3.5773803383224,3.44385466423671e-40
"Cvel_17790",2.0609407724221,5.45873209754473e-07,3.57556949189098,2.76468142124294e-19
"Cvel_23697",1.64572050228067,0.016353848551574,3.5740468627452,3.13325632691186e-05
"Cvel_7314",2.64462298099244,1.16189433821223e-12,3.57360040759948,1.35841353840984e-75
"Cvel_22351",2.19858581185986,1.7312652126909e-17,3.57112864014565,6.67158829262353e-40
"Cvel_7596",3.24586620903799,6.10055536441989e-07,3.57007856455473,1.84547740882562e-09
"Cvel_13061",2.83569208932411,8.20018446263487e-06,3.56005723013141,3.07707835382704e-07
"Cvel_16980",3.26077131963095,4.77627888848544e-11,3.55692576290562,1.59245509944369e-06
"Cvel_29983",2.18605149004196,6.92035029274649e-09,3.55593923444947,1.19027518761776e-29
"Cvel_15314",3.55326988349293,1.46248129294583e-13,2.41310322525835,1.40386249936864e-05
"Cvel_24290",3.3372661214269,3.57926284397286e-23,3.55286024820076,2.15628974711287e-30
"Cvel_13752",3.55278675609626,1.39825436409193e-10,2.62170361563314,1.62926908436965e-10
"Cvel_11117",2.1536290574919,0.00139788103419099,3.55163726048081,0.000121861869271046
"Cvel_6950",3.55153343767935,1.49690490154576e-17,2.86741976351999,6.07780798157789e-08
"Cvel_30441",2.52734341967044,1.07816820936541e-05,3.54732558215236,0.0009813164329494
"Cvel_17878",2.86737074630299,3.41438178976303e-08,3.54670019675662,1.74369326400571e-09
"Cvel_22461",1.16612383550521,0.00429831282483073,3.54259558964791,5.03467074583896e-25
"Cvel_34921",1.9499550133499,0.0173845176932867,3.5410737217697,2.42780088346142e-07
"Cvel_23593",1.57783722418506,0.0489756925849908,3.53753438453852,0.00915933167475095
"Cvel_34738",2.92126041025293,5.04591619974418e-12,3.52821320604662,1.54172944264118e-12
"Cvel_14744",1.56694176858763,0.0363202447503734,3.5281275058181,2.06648944888741e-05
"Cvel_6770",1.46976378390727,0.00490181502943425,3.52730333224725,1.09253329433796e-07
"Cvel_18379",3.52552934569345,4.1744872124464e-08,3.08792912517782,0.000364847444865392
"Cvel_19196",3.52403176568413,4.16427537436007e-18,3.45173254893379,7.93105593851335e-17
"Cvel_18929",3.52253483323161,3.01729936493918e-32,3.02300044064785,7.37325143673854e-20
"Cvel_26208",3.51592821331481,1.0787739215866e-25,3.08198742860574,1.33430191741889e-51
"Cvel_14242",3.51457808794942,0.000321610465769056,3.08418232808414,5.97829341459483e-07
"Cvel_21265",1.60029482314873,1.12334881236227e-10,3.50874862337054,5.16295762306872e-22
"Cvel_32488",2.25892790797989,0.00225522413797071,3.50846292645648,3.42407608097233e-07
"Cvel_14732",2.10699323453851,9.13077016029049e-06,3.50531500626305,2.67038937984229e-23
"Cvel_29237",1.57426291927676,5.46915941017056e-07,3.50136633538742,1.43086061785967e-33
"Cvel_30962",3.50069152958277,2.450601450493e-37,3.43117046135195,7.8796324273288e-55
"Cvel_22554",1.48561213125481,0.0049043871358842,3.49903294011574,7.28125848587824e-54
"Cvel_1109",3.49570495733535,5.07556553848595e-17,2.89306270953894,0.00021978349779715
"Cvel_12312",3.25509549672583,1.334050118458e-12,3.49479445931883,9.5327977378198e-35
"Cvel_21551",3.30051705671907,6.97371854437792e-14,3.49313926961016,6.2658328635337e-12
"Cvel_30657",3.49223875210377,6.36355345100742e-06,2.1804196273052,8.68284123163876e-06
"Cvel_15833",1.22361394567737,0.00140803663976258,3.49050397007407,4.82286058482124e-12
"Cvel_13223",2.00342310340336,1.00144007912652e-08,3.48646653818152,4.30499123311205e-05
"Cvel_14093",3.48609303376945,5.69720458497025e-10,1.98726034523369,4.36765405908503e-07
"Cvel_13013",3.48264690461581,0.00990357900900963,3.22230837904556,0.000983333990968207
"Cvel_16931",2.2594602591999,5.04903755250578e-05,3.48102088441273,1.81010532433236e-06
"Cvel_18376",3.39862832342482,1.30707911478496e-17,3.4786824137091,1.42297790547723e-08
"Cvel_20575",3.42839068205654,0.00717206296296628,3.47625730427867,7.50020336536632e-05
"Cvel_11911",2.02654965400273,1.81059784798008e-16,3.46639022933122,3.19593860320506e-21
"Cvel_14517",1.54634459065789,0.00126334363918408,3.45906814562461,5.26044015846811e-24
"Cvel_30656",3.45420919548328,2.74970268400938e-23,2.43170436348157,4.6463132490162e-11
"Cvel_3970",2.41583897484911,2.80941781952425e-18,3.45379514632466,4.57071164683625e-21
"Cvel_18448",2.06645571250592,6.27550111940182e-06,3.44484593390942,3.15213960756703e-29
"Cvel_29033",2.72593373547527,3.78508859533843e-24,3.44375526886475,9.39898146625673e-28
"Cvel_3442",2.99419852620349,3.48752382977052e-12,3.44217563966011,3.90969447024416e-16
"Cvel_21381",3.43838882433568,4.7525642388704e-13,3.29968805120757,1.6330168323098e-15
"Cvel_580",2.49226990737582,5.12239957294812e-07,3.43817024331032,0.00041435199769905
"Cvel_27646",1.72162021887914,0.00322775916188231,3.43693580267209,1.33819369796148e-11
"Cvel_12360",3.43472643037049,1.53057378505054e-09,1.49844471511689,0.00829814960553976
"Cvel_34737",2.8815462884092,5.06772306315512e-12,3.43288809583279,1.07881016063755e-16
"Cvel_1424",2.55614467934458,1.81026138487287e-18,3.42462529734149,1.22345716696655e-48
"Cvel_7502",3.42305934507024,2.75399711393061e-16,2.89124408239883,1.63115136235682e-07
"Cvel_30492",3.41907444219116,6.14599925690167e-33,3.38976924747701,4.32266976181683e-22
"Cvel_10160",1.01258228932766,0.0340082329027779,3.41903719694485,1.27185102577879e-07
"Cvel_21046",1.98997906352011,0.000367878245335783,3.41814232525287,0.000136180374178798
"Cvel_2694",2.33815615600045,0.029032839069899,3.41713298476626,6.03843887461854e-10
"Cvel_16709",2.91305071380045,1.64299893470229e-17,3.41652857566969,2.21076563894836e-07
"Cvel_16360",2.09152488689152,4.87493330757214e-07,3.41644951685966,4.70058256543966e-18
"Cvel_26138",2.61401807711078,4.02982327928875e-06,3.41630387658472,1.11287308414913e-11
"Cvel_935",2.1919698479158,1.62307159290937e-12,3.41628521464075,1.47354306051155e-46
"Cvel_7086",3.41502223460193,1.45604058284149e-41,3.15565969765209,3.71921813980865e-09
"Cvel_4444",3.10584546828905,0.0116275580780685,3.4120420844122,1.58193429628703e-06
"Cvel_16966",1.35314967377361,0.0139257381271767,3.40842131696642,3.35697325756728e-12
"Cvel_24458",1.93295003214076,0.00795845858553181,3.4052836776477,0.0084707626994111
"Cvel_8416",2.17240774375903,0.00108452418373891,3.40480396129378,4.23014374212495e-08
"Cvel_19077",2.09433046215743,0.0119975949906094,3.40351887369803,0.00646088736856496
"Cvel_23882",3.40333718421403,0.000106226363523429,2.50463148165373,0.00080752101138596
"Cvel_16471",1.58528113865146,0.0323661198668934,3.39957552331104,1.72823583971516e-11
"Cvel_15609",3.39815682855261,6.6367894890394e-15,2.90014640146442,1.05749127971404e-05
"Cvel_7175",3.3977111919171,3.80164793470221e-25,1.78190747036931,1.68123760772081e-06
"Cvel_8175",1.21709738388535,0.00013651264977815,3.3976141130604,1.18985756089422e-33
"Cvel_27400",2.87498797636263,1.08048331063759e-10,3.39550465056216,2.2416050098296e-17
"Cvel_7070",1.88046950181713,2.91681187662243e-15,3.39440604907563,1.62015719171317e-57
"Cvel_194",3.39383823797559,0.0173845176932867,3.15060849871535,0.000430201393651728
"Cvel_7901",3.38462968102759,1.62783096232213e-19,2.34049836102405,0.000134914098217763
"Cvel_13063",1.28431617034848,0.00195581197067921,3.38419650746398,1.26206811155876e-33
"Cvel_564",3.07960508587583,7.70546716908894e-09,3.38267524236277,5.0306997141615e-15
"Cvel_5439",3.38223228594746,1.22192572035816e-06,2.7438862162239,2.47022837358793e-05
"Cvel_7966",3.22876127886143,3.77105845475004e-14,3.38149033678726,9.90950385819661e-34
"Cvel_20385",3.16487427381579,9.96337016343413e-09,3.377554000367,1.18606833058226e-07
"Cvel_27170",2.06567117367705,0.03750180983363,3.37675891960789,3.28720110170163e-18
"Cvel_17544",1.58868756683271,8.39099383144196e-05,3.37349464521686,1.42106251743973e-05
"Cvel_16932",1.88431710242038,0.000728661647531127,3.37310207883855,2.37106155261305e-11
"Cvel_9260",3.37182549559494,1.49489360912102e-08,3.04473485038928,8.51068183771552e-08
"Cvel_27487",3.37084686101003,1.30323662643269e-22,2.69721133615187,1.32289820634802e-15
"Cvel_31955",3.36884590845518,1.40736660971155e-11,1.78710216562004,4.36638172215767e-05
"Cvel_20569",3.17683627971627,6.39333730880344e-36,3.36816412725193,5.17973776558527e-47
"Cvel_2339",1.88821434315976,0.000171976458752643,3.36534338514076,9.70099759215606e-12
"Cvel_10313",2.76477760352589,0.0135350355091692,3.36394023502369,0.00500384575241445
"Cvel_12927",1.66109084375724,1.13239781444033e-05,3.36070328834471,1.57746233671295e-05
"Cvel_4723",2.77436618287279,3.43378953243958e-05,3.36061684591189,7.97810290760752e-20
"Cvel_11894",1.16254532357946,0.0413972903148646,3.35993020788138,2.90220941291948e-09
"Cvel_17870",1.82173791271537,4.29698526785119e-11,3.35553324215944,2.81801519882594e-20
"Cvel_35917",2.07086525699109,0.00752895183564686,3.35462998773821,2.27615923107191e-10
"Cvel_24039",3.35409658800683,2.29275456081443e-18,2.73468507759031,5.29346563825591e-11
"Cvel_33570",1.91661886933005,0.000205965497225177,3.35394753979643,1.85149322898313e-13
"Cvel_11414",3.34832125759661,9.4661378818815e-09,3.32702171192895,1.91741368992416e-14
"Cvel_17841",2.39346765587322,6.45444306244179e-25,3.34660999597396,2.24582490873092e-27
"Cvel_3495",2.87668247852188,9.25954428112796e-19,3.34548326326578,9.81954686375174e-17
"Cvel_2548",2.80426071602888,1.62193151753393e-22,3.3446836535515,3.06088205374198e-19
"Cvel_7266",2.9386323382237,6.07356248789809e-21,3.34400944408841,3.0969962151313e-25
"Cvel_18473",2.96113505054039,3.89109435959872e-11,3.34298527086073,6.20236787635288e-10
"Cvel_26515",3.34251802441649,6.3613804467771e-20,3.16210926019342,6.89797449725636e-07
"Cvel_10364",1.97772217721471,0.0330591473229764,3.3376626245858,0.00157266593633125
"Cvel_13758",2.73778153844087,1.20642527736628e-08,3.33673712530281,1.26297963262522e-22
"Cvel_14697",2.96066721320727,0.00101538397271997,3.33671591543316,0.000146387488220694
"Cvel_11195",1.99518090482729,4.3957874915274e-06,3.33109830576743,2.04037511522849e-07
"Cvel_9099",2.73275329246222,1.54534022052154e-16,3.33021631541734,2.64942654670978e-12
"Cvel_9653",2.75967886124243,0.0304466211868414,3.32737117388431,2.40040987333744e-07
"Cvel_21977",1.78603643169995,5.33084788558144e-08,3.32634261394905,9.08943675160626e-34
"Cvel_20149",1.52132074008634,1.98390258910917e-10,3.32630787167504,5.1389021922169e-37
"Cvel_28031",2.6261628299205,4.36435273986679e-05,3.32067482663591,1.03835073104222e-20
"Cvel_31699",3.02074305770839,1.86127733243347e-08,3.32045827595343,9.2867331374676e-14
"Cvel_25993",2.5965852070883,1.86145514126556e-05,3.31702510121153,8.13196024529601e-13
"Cvel_25715",1.98485336426192,2.63648803572118e-07,3.31671497305924,3.07743411811519e-24
"Cvel_35322",2.84560688146962,1.2855985793281e-24,3.31415630783295,3.14079689745329e-29
"Cvel_14045",2.61325925202549,9.49247463758821e-19,3.31013599567556,6.42052651769889e-11
"Cvel_23979",1.66299536891155,0.00935947143236849,3.30327527092432,1.25507346106757e-05
"Cvel_22412",3.30128012974824,7.0131235641427e-12,2.72120458475925,2.12403648136866e-13
"Cvel_4417",1.52525974680373,0.00794333299033198,3.29803209648892,5.79882751331795e-20
"Cvel_25716",1.5891970737263,4.35553427112603e-09,3.29730659621623,4.7612622532478e-17
"Cvel_17871",1.91263668936142,6.81233973074182e-13,3.29018705404091,1.98034533398162e-25
"Cvel_22761",2.15334612898776,2.64129960632241e-21,3.28960712364177,1.19320603839026e-23
"Cvel_23987",1.3673556414717,4.01735150201551e-08,3.28778310584592,2.03387835161558e-30
"Cvel_15408",1.75346463563461,1.9620732607525e-05,3.286426874916,1.02506326977312e-05
"Cvel_4917",2.48518385978096,0.00119074165211966,3.28324738236643,0.0068637664523852
"Cvel_29982",2.02940576140847,3.42104907357226e-11,3.28066953320584,2.76032142669788e-20
"Cvel_27727",2.93306513623591,4.70472559676448e-16,3.27852644159573,3.29721197612808e-18
"Cvel_10011",3.27699300680425,0.0333265855945106,2.32786430150565,0.0449095558153792
"Cvel_21264",1.09750856936224,1.94450484755094e-06,3.2751171228683,3.05725266459495e-12
"Cvel_31984",3.27457421451462,1.87316938145793e-13,2.8671119801031,6.92611578908965e-11
"Cvel_19856",1.39947690163101,0.00468390503698267,3.27358858864862,0.000187431076801859
"Cvel_730",3.26674405091837,9.45057310435305e-07,2.97347239003924,2.75122704463473e-06
"Cvel_3231",2.4705222165823,2.4732829298205e-07,3.26430991593454,5.93351405058312e-05
"Cvel_26421",2.40453085707322,4.85353226653877e-14,3.26404067073025,2.93704044348249e-11
"Cvel_1374",3.25798909691323,1.2139925384732e-40,2.3273507795618,2.33839035387267e-10
"Cvel_4386",2.55689619379578,0.00763763062883696,3.24881212650019,0.0114865561107326
"Cvel_15277",3.2445658043854,1.1873578334955e-25,2.88893519859731,1.6731451356582e-05
"Cvel_3327",2.558100676947,2.78341078517763e-12,3.2441706252058,1.03016500163712e-08
"Cvel_20953",2.09435224079302,3.64539323039849e-05,3.24323044358319,2.248875540914e-17
"Cvel_17899",2.32800471644558,5.63983884135533e-07,3.24317363443659,3.2505459785978e-06
"Cvel_2498",2.89049647502393,0.0115274533174636,3.23796115312301,0.00224776100750408
"Cvel_23403",3.09660896196071,0.00273968873614139,3.23645222287741,1.96480346367793e-10
"Cvel_2315",3.2354413232647,9.10950654316096e-08,2.76086974252095,7.69726503287266e-24
"Cvel_21857",2.7977840026441,0.000285125813764969,3.23498880673413,7.63724406073108e-07
"Cvel_31956",3.23336547226317,0.00745350850966667,2.04932384376316,2.77087377700487e-07
"Cvel_20613",2.53982822962189,2.5037080865349e-05,3.23311152548246,1.04807272999033e-07
"Cvel_12514",1.98025865310908,6.46118113703441e-09,3.23157624439247,4.74501737879377e-31
"Cvel_6505",2.92738321400798,6.83196993470661e-13,3.23012370292756,2.71089573774083e-15
"Cvel_11566",3.22971153321758,0.0405871437961705,3.09533469887044,0.000815373428026468
"Cvel_10246",1.69291599362173,0.0122605887659542,3.22743991475112,6.36696855356536e-10
"Cvel_21327",1.69874352624578,3.43708997771933e-05,3.22697612521648,6.17962943518791e-22
"Cvel_5490",3.20378243865322,1.95048065982774e-16,3.22052942460058,3.51002054201741e-12
"Cvel_614",3.22042738185285,7.47652686174591e-12,1.21914979772537,0.000102906922187968
"Cvel_33505",3.21732446067931,4.04319718868779e-18,2.14003465862087,3.08142326972428e-16
"Cvel_3806",2.67494628201641,6.27681363675021e-06,3.21647671434129,0.000368233734772217
"Cvel_20484",2.09782600770345,0.0365530706720953,3.20706718678974,0.00471107259223257
"Cvel_17114",3.20666086733345,2.03690510228151e-08,2.42353112305357,1.46676104645109e-12
"Cvel_32259",3.1328446955269,4.31099575584228e-10,3.20435225862353,1.40154690453882e-14
"Cvel_9787",2.01738556957052,1.72088700903923e-14,3.20069973080569,1.93172035218649e-23
"Cvel_9786",2.21290926179414,1.01049211193948e-08,3.19960651561396,1.22220570993017e-36
"Cvel_15754",2.4803774008863,3.66469600898391e-26,3.19947532965094,6.35351878608114e-40
"Cvel_20260",2.92293809945052,2.36032320100846e-43,3.19761821592154,3.16293602135048e-46
"Cvel_29623",2.03467289843722,2.34065733196865e-10,3.19224552193629,2.73065038180317e-18
"Cvel_17945",3.19201713003133,1.13397710237085e-10,1.6469357408501,0.00161747802939982
"Cvel_10619",1.55059518923877,0.0195364355674343,3.19091625973081,2.04754602663227e-05
"Cvel_18658",1.90280623659582,8.74711801198602e-06,3.18658567234714,3.37949274213529e-37
"Cvel_23701",1.36931771998985,3.79506895775442e-08,3.18176706819926,7.05616747050598e-33
"Cvel_32110",3.18088409666459,6.99833943120886e-06,3.04950772802341,1.74038981788705e-05
"Cvel_30197",1.2837643319879,6.42003527740183e-05,3.17902551287191,4.30821045534791e-11
"Cvel_18869",3.17670125112112,3.5450645894763e-08,2.72199480166077,1.18084205058238e-11
"Cvel_33506",3.1766889162339,2.55171000375939e-19,2.45197193481119,7.434023035211e-16
"Cvel_6233",2.53910346017328,1.55306086276483e-26,3.17667294837533,4.73209802025922e-31
"Cvel_4102",1.868291754439,8.72147754188038e-09,3.17503480298674,6.87655370302518e-23
"Cvel_21270",1.91812162038854,3.87755150320208e-06,3.17344401759813,3.51821462173854e-33
"Cvel_27126",1.72764958467601,2.27742314539355e-09,3.17278865438925,1.53292183532494e-27
"Cvel_20785",2.13523042278058,2.22458719650544e-11,3.17215192340258,8.247655036118e-39
"Cvel_17724",3.17065511838825,2.33970037040305e-35,1.50623165898276,1.998127090963e-09
"Cvel_15340",3.15518970488815,7.32080970054131e-32,3.17062235093989,9.54742453282045e-46
"Cvel_27157",3.17021212613424,1.7651709171818e-15,3.13353527708988,0.00155146590537544
"Cvel_26301",3.07498145822648,1.76032231996681e-18,3.16995380709611,2.70044903951817e-19
"Cvel_7566",1.74671174494455,2.96271537134194e-09,3.16666402688995,1.30292778619506e-40
"Cvel_5491",2.95029823315682,3.73449188181895e-15,3.16509534641543,8.8409716002283e-12
"Cvel_7900",3.16466405736238,7.35175589254898e-07,1.48610984010328,0.00475891567001781
"Cvel_35342",2.60695969535412,0.0177653130728424,3.15999206889807,0.00172307150653889
"Cvel_27730",3.15625168433371,9.82022001269125e-14,2.50183163877875,1.52372574345234e-13
"Cvel_25775",1.52315310782216,2.9737750324055e-08,3.1510323620519,7.47441448566755e-37
"Cvel_17920",3.14684567210751,1.24348676605931e-14,2.97811489536635,7.19309576848802e-16
"Cvel_25197",1.63346743828432,1.24231979335181e-05,3.14672630718142,6.71788034194987e-20
"Cvel_11355",2.46985845840378,7.39188237593927e-14,3.14571856884883,1.29723706591885e-08
"Cvel_14117",3.14437410199712,5.25640786677266e-06,2.92381096851856,7.76399118379787e-07
"Cvel_5381",3.01510688036046,5.97547269310147e-07,3.14189189681977,1.34698415735703e-14
"Cvel_26771",2.63132915984917,3.77387737009409e-08,3.13839128659181,6.19646213243087e-08
"Cvel_15410",3.13745545307181,7.75509921006758e-11,2.24117856926417,3.99325260450611e-21
"Cvel_33537",2.68941494148768,2.7622239975311e-05,3.13736856278485,8.99671002760397e-05
"Cvel_5725",3.13637407068743,1.59408747067418e-10,1.64267530217933,1.26480828718396e-06
"Cvel_23710",1.82721106916851,5.17378825225544e-05,3.13457519461036,2.6716874010477e-18
"Cvel_500",3.13305770106268,1.1314426634718e-22,2.11122015907256,4.54033222652075e-09
"Cvel_20639",2.02437004805547,0.00337173148132888,3.12677665400396,1.42412425922814e-08
"Cvel_5172",3.12506302924637,3.80870799729435e-05,3.03330467779294,1.20454121783926e-05
"Cvel_20623",1.9166749072661,2.78454074974105e-05,3.12366267660544,0.00943007043065411
"Cvel_34156",2.13108506234667,0.000348159785686209,3.12184521379731,0.0151724382627097
"Cvel_7061",1.58991492393697,0.00437403801954983,3.1195496623007,5.7927600785529e-07
"Cvel_21855",2.16004479325314,0.00125956748377031,3.11880801115896,0.000859204612769657
"Cvel_16035",1.92007951528795,1.60283953062941e-11,3.11735982558742,2.55582428644091e-29
"Cvel_5065",2.21032918927223,2.77190094822551e-07,3.11134708255644,3.52794844669277e-07
"Cvel_1156",1.0150675304499,0.0220990320330257,3.11003517072234,1.1772561916823e-10
"Cvel_18016",2.38920748902271,1.00251774318974e-05,3.10935432077336,4.9713006822702e-36
"Cvel_16073",2.7270507130304,8.8071583343853e-08,3.10838655132329,2.7724274454133e-16
"Cvel_16314",1.98643397205112,2.49992610461286e-07,3.10812574318819,4.9568148096789e-06
"Cvel_6807",3.10714829563668,0.000427392448616667,3.00548290904577,0.0115951288683881
"Cvel_4088",3.10548207957276,7.65329560307771e-11,2.54646537183279,2.21791971471502e-07
"Cvel_30713",1.74758836849803,0.00360978682264156,3.1035624095653,8.99654140196216e-06
"Cvel_17411",1.34960515833177,0.00729552753004377,3.09898781591311,1.68790681334723e-06
"Cvel_19963",1.96570645574458,5.6092301696342e-05,3.09363954563324,2.15684175817472e-14
"Cvel_20311",3.0921951322421,1.53634076343678e-05,2.4938149482242,0.000231446507576869
"Cvel_4087",2.9551114281171,1.05253834916894e-05,3.09116801598626,4.5341186062614e-10
"Cvel_27811",2.38762542499725,0.00259336420600737,3.08670945896949,0.000855069583981957
"Cvel_598",2.63581744217064,1.78299161954839e-07,3.08424930449303,7.37826256946277e-11
"Cvel_12403",3.08162430650741,3.39064144675823e-29,2.12685746901607,2.94382023986546e-21
"Cvel_1573",3.08083803951245,0.0250433293480972,3.01060010146896,3.9425620118027e-08
"Cvel_2901",3.01544807299843,0.0486555285707968,3.07651047836657,0.0201777288582596
"Cvel_3533",2.3914882089,3.73993971601038e-18,3.07648038820993,1.08234699828309e-22
"Cvel_7508",2.63532647713704,7.5347365409736e-24,3.07565666693682,4.53237007073664e-28
"Cvel_22165",2.53961875705116,1.59283218925289e-10,3.07290675167112,4.89286484058943e-08
"Cvel_15493",2.89728826778418,2.96239415930264e-11,3.07250181766505,2.42164653077472e-20
"Cvel_28307",1.95949204448477,3.26862889669653e-11,3.07184246715594,1.96120096106046e-36
"Cvel_26634",2.37644364614359,5.27985445871332e-08,3.06965427967594,7.27127686022932e-13
"Cvel_13419",2.12476047453078,2.42173489195833e-32,3.06963193480573,1.29636303317477e-08
"Cvel_25630",3.0664601479452,1.67519235680708e-08,2.41304120759448,0.000938307778851377
"Cvel_24674",3.05825900128209,1.27184301820845e-09,2.26177754073321,0.0127204319572952
"Cvel_25719",3.05406783333944,8.8696718296019e-15,2.93800783925728,4.65487181549193e-18
"Cvel_770",3.05256309140504,2.31308933233217e-18,2.83553584852752,8.73940768255346e-16
"Cvel_15598",1.32708738981051,0.00126036052874995,3.04874147914444,1.68510414217629e-08
"Cvel_7303",3.04513931004879,3.92082442642869e-15,2.50712952354494,1.02713004450882e-08
"Cvel_6507",2.28430802189934,9.050849049265e-31,3.04142582679716,2.79887984673853e-71
"Cvel_5489",2.89490892148509,3.93298614740627e-12,3.04121194728469,9.09726027223938e-10
"Cvel_25806",2.2899958090726,0.0151363890085361,3.03685283102621,0.000236861448263717
"Cvel_29031",1.87828468935064,6.25934177972411e-08,3.03655353677036,1.5870244272564e-18
"Cvel_5107",2.58652573345994,8.99425454577856e-23,3.03287024154706,1.10990300695236e-29
"Cvel_27513",1.5137189611072,5.34226428706947e-05,3.03270872032017,3.68437474941115e-21
"Cvel_6635",2.19189567154186,0.000974915566690653,3.02761909591764,5.13207023065061e-11
"Cvel_7007",3.02501708926716,6.42993614065262e-12,1.91049449826732,9.31683335086094e-06
"Cvel_18469",1.64023980253252,2.77592769450696e-08,3.01802483335313,7.43385614239328e-56
"Cvel_20492",1.72325448644128,0.0355062296565736,3.01789622486708,0.0018556080968238
"Cvel_21544",3.01751358632176,6.20511394405225e-50,2.70171265173722,9.91384043225583e-31
"Cvel_13694",1.5469118087265,0.00296230295049858,3.01450706361796,2.90853347997564e-11
"Cvel_7958",2.14159742883041,1.08113600601977e-05,3.01446675669344,5.10108982483225e-05
"Cvel_25627",2.05856871924317,5.5479665302481e-06,3.01279657999112,3.76141800302904e-07
"Cvel_8984",3.01098239596441,3.01629072599717e-37,1.75508494333292,2.92374184570112e-07
"Cvel_16569",1.59887520443703,1.94974011760853e-08,3.00083469419667,2.33600559211515e-13
"Cvel_14956",1.80629164386712,0.00358227555950572,3.00035751974902,9.1041160760965e-06
"Cvel_14353",2.99695615798825,4.96355266934379e-19,2.58637819116314,3.27259624040907e-19
"Cvel_23335",2.38421212709382,7.89913226066011e-09,2.99669489322083,2.14731022976472e-17
"Cvel_7260",1.76425499717083,4.27866549752044e-08,2.99588961681339,1.1552324850742e-13
"Cvel_20041",2.91204501557947,2.7474203473657e-23,2.9925932543657,4.80070900211291e-13
"Cvel_5415",2.28968179071311,1.70415608306864e-12,2.99191567053869,2.50220845771296e-42
"Cvel_1562",2.31004500941273,1.15240421795123e-22,2.99185390511207,7.3195034480172e-30
"Cvel_12690",1.51239198905268,0.017654320696354,2.98913767899846,0.000973247203154081
"Cvel_20571",2.9882254320112,3.02477655129721e-07,2.69502156517754,1.06730740212695e-15
"Cvel_7525",2.98803647194842,1.062599851479e-62,2.03096206130293,1.23692726956539e-12
"Cvel_2963",2.6186758703458,4.83050593209314e-16,2.98685045676307,6.12408688306523e-14
"Cvel_5272",1.75257432858919,0.00946913816529522,2.97475384662602,2.53223164900089e-18
"Cvel_27652",2.96988689122857,1.79557396594582e-12,1.84400626369364,7.82382796095538e-10
"Cvel_14786",2.21032663273572,2.08547011370543e-05,2.96942576607326,5.84713525465835e-05
"Cvel_22768",2.96523573168292,7.95389786301028e-28,2.30613830533767,1.94068198265865e-06
"Cvel_12648",2.96064457352104,1.48609891543314e-21,2.36124860651162,6.78485731621799e-19
"Cvel_10698",2.95343646386932,1.7707348836544e-07,2.91174736465535,2.54256683061251e-06
"Cvel_19346",2.73658658540145,4.85820237181908e-27,2.95226032256039,1.38362814139438e-12
"Cvel_18056",2.95069533467771,5.59577836024511e-33,1.63582621554144,1.91472889740731e-06
"Cvel_12466",2.7501999129109,0.00633992315917567,2.94024275184234,0.028333218440594
"Cvel_26496",2.94024035247796,0.000415156759366784,2.16732044398313,0.0132676611912458
"Cvel_11351",2.93551435983508,3.56065703038433e-41,2.41986939935374,2.31891478611965e-12
"Cvel_4532",1.06805455835295,0.0237215617583768,2.92826665982808,1.16392282772392e-05
"Cvel_18024",1.89945845833245,9.92235172652227e-12,2.92817446907679,2.80846585626929e-12
"Cvel_27319",2.92722804246029,0.000666509789234435,1.33759017402177,0.0465192554434847
"Cvel_2450",1.73051982839788,0.0136898667278774,2.92620912033311,4.88950949361744e-06
"Cvel_27401",2.55638130317002,3.31573743886389e-07,2.92573859585351,6.46989148427836e-07
"Cvel_14427",2.92216487746147,3.56249967944487e-05,2.18978383057088,5.65851967022423e-05
"Cvel_15941",2.92190452190875,1.30650110846881e-18,2.23502396788492,2.67468243166917e-16
"Cvel_4399",1.88523045668145,3.58066854693205e-05,2.91483534904866,1.45720218588838e-16
"Cvel_5288",2.13800259779657,2.18397566610872e-06,2.91384461538322,0.018190325710014
"Cvel_9706",2.43422774505149,1.27521023842123e-05,2.91253250137409,9.17241212821835e-05
"Cvel_12964",1.95526593705156,7.13941037939406e-14,2.91223672255802,4.68735982256308e-25
"Cvel_1195",2.90886412572694,0.0455202593155169,2.13731751212246,0.0460804044778669
"Cvel_28526",2.40270519483582,4.28910100943455e-22,2.90779641242755,3.40306843788176e-45
"Cvel_12660",2.70856934936666,1.06893827432121e-13,2.90779628653985,7.42651076595945e-13
"Cvel_23210",2.19732650396336,2.74520534829389e-23,2.90757744879714,2.13540430973137e-26
"Cvel_27777",2.9073067903665,3.50662747213624e-25,1.82686750586747,1.22981831975813e-12
"Cvel_23336",2.74842491845514,7.80766903434262e-12,2.90649187258921,3.50815892058462e-36
"Cvel_26414",2.76648339836415,1.57591278942782e-05,2.90585341841488,6.60472741912725e-15
"Cvel_13509",2.90567665603937,5.67766071492077e-11,1.92116853456467,0.0108250818164129
"Cvel_5715",2.90411965632401,3.1581995408682e-16,1.11831360010003,6.71086888388647e-05
"Cvel_23860",2.54050474048381,1.57377318773346e-06,2.8994356028144,5.20409942704624e-08
"Cvel_25741",2.27925962220972,4.2868896107661e-18,2.8948227515955,1.56781581992702e-24
"Cvel_7212",2.82614747701873,1.64829602840234e-19,2.88958537701504,5.37126253706083e-08
"Cvel_20103",1.85668952682793,7.9814957602034e-08,2.8840866806202,7.21175521214401e-19
"Cvel_9854",2.88319380143205,0.00360151707343487,2.77872553749712,5.22576852504322e-05
"Cvel_6556",2.11406539896247,8.0903386857448e-12,2.88278613690273,3.2167434403696e-19
"Cvel_22984",2.88093250846901,1.38361737522118e-17,1.24099198907107,0.00151361742761994
"Cvel_23405",2.88060843553269,8.99113750897697e-08,1.958358256746,2.43774710440463e-10
"Cvel_31982",2.87705145484912,1.11384819914288e-08,2.37997620024246,1.53442700576401e-11
"Cvel_2425",2.78080065784659,0.00135319216206151,2.87344444771723,1.39615355485794e-05
"Cvel_22336",2.84104087434694,2.92264121111781e-05,2.87275761766679,2.99779080498611e-12
"Cvel_13172",2.30643320030952,3.02183653287932e-09,2.87036224002341,8.74650470191805e-19
"Cvel_25559",1.09014197715898,0.00267564158271334,2.86490119537169,1.3514056485045e-16
"Cvel_14029",1.36975494586637,0.0092389761835433,2.86342030173153,1.63971736729489e-06
"Cvel_2561",1.67556322991959,3.10028068582919e-07,2.86336109535869,1.28057360192322e-13
"Cvel_16583",2.5265189790617,1.29644619781207e-24,2.8604456282054,2.40598804751736e-16
"Cvel_21856",2.17539161274023,3.41513088289645e-07,2.86019071948248,9.80541561586426e-06
"Cvel_19964",1.9226695587774,2.17928449341542e-05,2.84761292285434,2.98978102441866e-11
"Cvel_10397",2.73195847451701,0.0427041302868015,2.84451731379768,0.000530398524122793
"Cvel_10670",2.62287885869049,1.37009117271408e-06,2.84138814307833,2.16240824522176e-05
"Cvel_6375",2.83661086089674,1.6107797760362e-12,1.92637961981491,1.21532523935515e-10
"Cvel_25773",2.83208538682625,1.06626664953795e-20,2.30276364802553,1.50025415246234e-17
"Cvel_5605",1.84420690375088,0.0271859385218409,2.83119237854413,0.00245425528724906
"Cvel_6634",2.51813580803038,1.76478111381439e-07,2.82301750327271,2.07853023345536e-18
"Cvel_15545",2.26296154364144,9.01508187633776e-10,2.82135184825866,4.87637186171282e-07
"Cvel_19142",2.81966669429353,9.67209790690948e-07,1.85563595606782,8.86271314305984e-07
"Cvel_25147",2.40582408903966,9.38207292555531e-07,2.81950478231248,0.000256344535681771
"Cvel_9793",2.70043971463509,4.2796983869181e-25,2.81146599638822,1.23056131935065e-21
"Cvel_23498",2.79302244714586,1.13099512011947e-22,2.30923537017558,8.80965397085967e-18
"Cvel_4561",1.54686344330757,3.44770245562282e-05,2.78799415319899,1.11022385558685e-13
"Cvel_16750",1.89847096182798,6.59614588832495e-14,2.78175839448817,3.02006037891663e-30
"Cvel_14355",1.66456326226406,1.22077008343583e-16,2.78109264898155,3.32239505808345e-14
"Cvel_10745",2.78061534403321,9.24670687159652e-35,2.61324139494267,3.48797962538903e-05
"Cvel_13024",2.77519566225102,4.95343622702766e-05,2.54690933074355,0.00621535681205927
"Cvel_12286",1.66489128788773,1.15989641029188e-16,2.7751667810444,1.51674302603345e-30
"Cvel_23072",1.74541540507354,0.000481253796315977,2.7741783771125,5.08597540898993e-11
"Cvel_17898",2.25892018835969,1.1250110742132e-11,2.77320886457266,7.16212432497565e-07
"Cvel_21254",2.06511365099858,0.000501271376367749,2.77111180335437,2.91179950988229e-12
"Cvel_21243",2.76511507861978,6.24292731032094e-11,2.4712348981715,9.14964249054846e-09
"Cvel_20919",2.12540571603261,2.70933338171318e-09,2.76242202073497,0.000233060021831945
"Cvel_13498",2.24089132682486,2.59280045685699e-32,2.75882724237172,2.6261639008163e-16
"Cvel_28510",1.42878159702074,0.0376830242792094,2.75830440353529,2.71198310520641e-08
"Cvel_22668",2.75540627603498,0.000351071918173819,2.42452357827937,0.0105874616625658
"Cvel_26418",1.44577505799987,0.00830730838779301,2.75504016288455,8.69238221483027e-08
"Cvel_23348",2.75142764229644,1.18082112105717e-08,1.67946068064712,2.02423583246729e-07
"Cvel_741",2.73902528078355,1.61012261815552e-07,1.87523863599896,0.000390253300461511
"Cvel_22288",1.48194392662909,0.00301113479982711,2.73363844626745,1.53094687510208e-07
"Cvel_11454",2.1827007239792,0.0103683498303439,2.73340066554574,0.000722497156724574
"Cvel_16354",2.73209598666877,7.34446647552514e-27,2.17245761578931,6.12906873316923e-15
"Cvel_9384",1.99200668758913,3.77468968306493e-07,2.73122984872012,1.89443221153485e-23
"Cvel_29956",1.41666470529928,4.25158975430024e-06,2.72687360567323,1.13818410542897e-20
"Cvel_21001",1.51641984282245,7.14063882927718e-07,2.72459627503228,1.79128043334671e-18
"Cvel_27236",1.92507916368352,4.51200092830598e-07,2.71133317279391,1.50651539086432e-11
"Cvel_4531",1.03192525009827,0.000815278214849948,2.71122880632311,1.88148386500543e-15
"Cvel_26860",2.68703396529687,2.07217641623426e-16,2.7108002709803,1.41327083753781e-08
"Cvel_7827",1.97569390718283,1.50683541845405e-34,2.70787507055364,2.26256456265026e-36
"Cvel_1846",2.70535133681579,0.000920691754974848,2.64645751940529,0.00199002044180561
"Cvel_11139",2.10953010463295,5.12938342502457e-07,2.70486466130007,3.00211647754428e-10
"Cvel_5663",2.31149427249135,0.0144949921998775,2.70411730941968,0.00321016493526345
"Cvel_8894",1.59533559535827,2.74039220218903e-05,2.7016195950094,9.28523844054351e-20
"Cvel_17755",2.69281481923884,2.72851565450533e-14,1.8356630691913,7.7968356710313e-08
"Cvel_7034",2.69242535134149,1.75073171137546e-37,1.9913653695345,1.01524494928937e-11
"Cvel_2195",1.24996231630826,7.15051907754481e-06,2.69158895601884,3.38798890430535e-09
"Cvel_21382",2.34169166391211,0.0204282871591173,2.68794763758385,1.23861782638382e-06
"Cvel_29168",1.95522980487066,0.00682202256913054,2.68489241630226,0.00240205641650934
"Cvel_10733",2.11961851835161,5.21809911139127e-08,2.68350965400105,4.74834594761663e-15
"Cvel_27706",2.68100433257102,0.0381832517441763,2.33735560548562,0.0332827203704782
"Cvel_31711",1.08716495595403,6.22666524030351e-06,2.67252982186812,7.37159571455645e-39
"Cvel_19924",2.67236913032146,1.04253803474353e-31,2.38887634660441,5.12953634267322e-29
"Cvel_13709",1.36027627330874,0.00107483850827273,2.6723417704025,2.26110575927004e-05
"Cvel_14012",2.66933397192799,4.57203059920128e-08,1.7387615660518,0.000736774761796989
"Cvel_23975",2.2396595422041,7.21855593864854e-10,2.66746400007759,5.75621865492642e-09
"Cvel_1654",2.1778828957695,0.001395131492044,2.662431813153,4.6332263905823e-05
"Cvel_9362",2.06076093364845,0.000557622758077339,2.66237073319684,5.67880037899828e-08
"Cvel_11013",2.45663083484238,0.0442812831996945,2.66034365278843,0.00892843611181749
"Cvel_26879",1.24267154118313,0.0115027824137012,2.65756043146087,3.63214766566598e-07
"Cvel_8132",1.50985269203629,0.0056272177496113,2.65575621098253,8.99666989754703e-06
"Cvel_12750",1.82213656687048,1.88327858837854e-20,2.65370805515433,2.03266814686277e-13
"Cvel_20310",2.36912801346279,1.07306413167286e-08,2.65279431846524,9.15732038715667e-06
"Cvel_23211",2.23977065533177,5.78861979955442e-22,2.65236419198248,3.27145351265547e-24
"Cvel_928",2.07709847920194,0.000153613645407644,2.64949170018222,5.81055090320074e-23
"Cvel_15755",2.64892220080145,1.85546700521395e-34,1.47223512364924,4.75373869272168e-09
"Cvel_11365",1.830018476726,0.00138808467232272,2.64706292188572,1.58907483782254e-06
"Cvel_36209",2.10563868042547,5.31582920846398e-06,2.64361310882172,1.01357708962753e-09
"Cvel_10410",1.87388945584631,2.33184106132844e-06,2.64227269652945,0.000245523320720525
"Cvel_2022",2.64030629729914,1.24055322432624e-06,1.42608933541414,0.0113858377802703
"Cvel_10241",2.2673538805075,0.00655915368893186,2.63718046577325,1.69717335050491e-06
"Cvel_12731",2.06675338017374,9.64615852149385e-27,2.63614514158353,4.41320979858971e-22
"Cvel_11220",1.04937101319794,1.12847214101129e-06,2.63042314171584,2.02632735679557e-29
"Cvel_4423",1.78985923464612,2.24450902926034e-05,2.62916797195446,2.90075737422294e-07
"Cvel_9726",2.58636235365457,2.97727053373049e-21,2.62214710464779,4.69254799438522e-26
"Cvel_23134",2.49278228344723,1.64394156813029e-06,2.61990940292022,6.85753039420327e-12
"Cvel_16814",2.41254065471072,1.31042364317494e-08,2.61882742832865,8.67916578229786e-08
"Cvel_26107",2.11365153980267,1.3221025618569e-08,2.61654774547385,8.51732657051947e-06
"Cvel_32609",2.61540649313423,7.94766173898047e-09,2.09232556248639,1.97127498478564e-07
"Cvel_4086",2.53467691633414,3.81642127084733e-22,2.61174270519398,1.25529599296643e-15
"Cvel_26009",2.60971540040405,0.000109883560351913,1.83112155485954,0.0048707804250304
"Cvel_17343",2.6042089765077,9.79584034862187e-13,1.75360133301153,0.00112776066149159
"Cvel_31701",1.56701727774342,8.09330424312366e-06,2.60275841787861,2.72489220648429e-17
"Cvel_7208",2.602043856449,2.19180751686228e-13,2.40326275358211,1.1909505786092e-15
"Cvel_12631",2.35354862775047,1.79485346025586e-07,2.59885628080889,3.75304577107937e-10
"Cvel_5434",2.04398633400746,0.0442517322644312,2.59549153401869,0.00378668940095536
"Cvel_10847",1.84290830705445,8.97808182618e-13,2.59292520974315,3.48582135040211e-14
"Cvel_8493",2.57235329578318,0.000840277431679161,2.59179129401401,9.79207072459248e-14
"Cvel_533",2.50584720309714,1.32589162004907e-27,2.58485348574418,1.72555835928623e-30
"Cvel_28332",1.88242362004369,7.28527367795971e-10,2.58473045133053,5.04641386878287e-20
"Cvel_18351",2.15703871959142,5.03614235885793e-10,2.58263945900926,2.46061376529827e-10
"Cvel_25315",1.99335455402719,2.94701229295172e-05,2.57974402280703,0.00636759972931499
"Cvel_21009",2.15497780049953,7.82699535052249e-05,2.57819520755288,0.000195772321173212
"Cvel_22706",1.26740396317846,0.0302489017464267,2.57776133360917,2.14317337789656e-07
"Cvel_9187",1.52218950833519,6.84822505700635e-05,2.56649841731626,2.62050359592598e-14
"Cvel_19280",1.79236981393341,1.34247684892026e-05,2.56322434676666,6.31537109796915e-06
"Cvel_15893",2.06127782069438,8.95568207176226e-05,2.56156885537846,0.000425064164450829
"Cvel_29275",2.56015536470423,1.34806572369178e-09,2.06727426957688,5.7177269755667e-07
"Cvel_22771",2.55841780486319,3.38677235443879e-05,1.00440281337212,0.00130995794260439
"Cvel_2194",1.13864997071458,4.02982327928875e-06,2.55705829343408,1.88488996374013e-38
"Cvel_6031",1.16693763892999,1.9825722833993e-05,2.54990016778184,2.91499896008133e-05
"Cvel_22929",1.6535634605641,0.000749135249192245,2.54919217083232,1.14193025305228e-07
"Cvel_7764",1.33098057086246,0.00825627316188083,2.54778402774446,4.57204737833473e-15
"Cvel_5839",1.76689567292538,2.91355055358059e-06,2.54744146332301,4.23188465044439e-17
"Cvel_14296",2.54595069313695,0.00319206532946387,2.24482934288431,9.29164645233333e-10
"Cvel_12101",1.8295668253905,3.32933062492738e-06,2.54531972813002,5.07948092214058e-05
"Cvel_13658",1.25036012629071,6.25826341489795e-09,2.53690910358608,1.17537161163526e-21
"Cvel_8039",2.53295043871641,2.31586629691483e-16,1.90594682368792,2.0864110302317e-08
"Cvel_13450",1.53530660061263,0.00468177106628634,2.53104013825074,9.91914739303725e-08
"Cvel_15109",2.52454749888363,0.000138685562085573,2.26109123381661,0.000283164935085172
"Cvel_11657",2.10780457188125,0.000376858359528423,2.52171725996128,2.74228783798186e-10
"Cvel_16951",2.51501856370342,4.67595921774734e-06,2.26410038967864,2.49013631766056e-10
"Cvel_22896",2.22343734569378,6.04785932012442e-05,2.50799627566237,4.14187960612354e-22
"Cvel_892",1.94317923101364,0.00236573539267633,2.50225132816729,0.00277704759198173
"Cvel_21002",1.48069633499791,2.44157093291937e-06,2.50199714366647,2.03294783897133e-19
"Cvel_10249",2.49948905841515,1.25755771963507e-10,1.59956334892516,0.000420184952721788
"Cvel_12797",2.49857245905931,1.56047752885298e-09,2.08348046911645,0.000217446470322333
"Cvel_22557",1.92939037597554,0.0378934118847121,2.4946325329881,0.00012192738861626
"Cvel_4197",2.00043682810568,4.99321197036475e-16,2.49230071389704,1.03869684969522e-10
"Cvel_34593",2.48824322168613,2.58310733819043e-06,2.21964897564396,0.0243408822956464
"Cvel_9074",2.43496304302506,8.97938337684274e-09,2.48788908448458,2.40110354463322e-08
"Cvel_20540",1.56611773790856,0.000615110914988218,2.48751928722691,2.31787862200006e-09
"Cvel_4347",1.54577223565585,0.00289336573347491,2.4833420157936,9.83129789651459e-07
"Cvel_15462",2.47913476563487,4.16657245916448e-08,2.26217556568731,3.409422577288e-11
"Cvel_8174",2.47785943785886,6.72816382487622e-14,1.60097639883398,3.5990817260877e-11
"Cvel_18350",1.88746775294486,0.000103913631176923,2.47649308251168,6.68527362349574e-11
"Cvel_22289",1.11564528657528,0.0162620413347574,2.47489244090325,1.33886762954218e-07
"Cvel_22446",1.75299283051579,3.98002371174264e-08,2.46712414669413,3.6000982124079e-29
"Cvel_4198",1.81150319457573,5.31712395936558e-08,2.46706199988324,4.0208515853136e-06
"Cvel_642",1.94282385333888,0.000186173062529341,2.45437985505018,1.43218894827588e-13
"Cvel_26015",2.31615729885651,0.00124414926746415,2.45271030364591,0.0197209516825269
"Cvel_26419",1.36027250172097,0.00171869621321274,2.44392665611568,5.53151516701571e-10
"Cvel_14142",1.7110822235757,2.256276686295e-05,2.44223161463708,0.00145402165666307
"Cvel_10927",1.42806857370254,0.000757169766433922,2.43846694936725,4.3411032633598e-10
"Cvel_3608",1.84339215489678,3.00122942672646e-07,2.43725740037206,7.83583186957702e-10
"Cvel_10297",1.78092063839115,0.00352334857854827,2.42756361206466,4.1341405464166e-06
"Cvel_13532",1.57125288057037,2.48385726264929e-09,2.42260812090723,1.40903293859702e-15
"Cvel_1006",1.59352294368374,8.64915436113831e-10,2.4216411129494,2.93139974337125e-19
"Cvel_24072",2.41381774311366,1.75838167850654e-10,2.21418473675279,4.3972209944849e-05
"Cvel_26008",2.3687545216297,3.42511165146699e-07,2.41310420849237,0.000205696744138271
"Cvel_12804",2.40907239703657,1.11641156815519e-25,1.79535281917085,1.84504090293337e-18
"Cvel_7879",2.40883045723214,2.40420659731936e-05,2.19424292116422,3.9990939251651e-05
"Cvel_26010",2.40161343551234,0.000436503087120112,2.2196072762963,0.00730306769382429
"Cvel_28095",1.83045460681262,5.7904143823643e-12,2.39671037247142,2.31604392599244e-13
"Cvel_15270",2.04510742812197,3.90817411166875e-07,2.39598523320621,1.1122023171277e-14
"Cvel_22015",1.51108101217796,0.00155196641526894,2.39476311318894,3.89852526214831e-10
"Cvel_6636",2.18662475453915,1.06282134794373e-18,2.39276506548535,1.89030162131696e-07
"Cvel_5662",1.49306121493406,0.0272956724226217,2.39147329002808,5.71147133698534e-05
"Cvel_10801",2.38947625243038,3.98516175944834e-07,1.93799061860909,9.40830514778093e-10
"Cvel_24980",1.20753386929251,0.0254417434170081,2.38767888196969,0.0030821094612186
"Cvel_19961",2.0332545155062,1.95937601585834e-05,2.38312704667798,9.59228465400442e-20
"Cvel_27692",2.37738761017981,6.14023927086213e-07,1.9325536738183,0.00467814792270831
"Cvel_23049",1.8260752935853,5.30043006690315e-07,2.37702770956188,1.15141068290854e-11
"Cvel_29927",1.77792021419568,3.39866741872296e-09,2.37391046104261,2.30179405764173e-12
"Cvel_2490",2.01634757088735,0.000195316448306125,2.37325713515882,0.000410922065772349
"Cvel_22234",2.16438857513813,8.82367342433749e-10,2.37174051874448,6.33653379719294e-06
"Cvel_18707",2.10793848284697,0.000136687189462,2.37037832010769,1.8904295855021e-05
"Cvel_7294",1.76074680641048,0.0348733461680623,2.3691238678016,9.26223728351129e-08
"Cvel_13835",1.57939815544079,9.15159244034368e-06,2.3662889118789,7.90937901168211e-06
"Cvel_24136",1.98933953279823,1.96776903809821e-11,2.36557512016169,2.01044550547037e-06
"Cvel_21945",1.60629068204554,2.29401043519018e-08,2.36422135606475,1.34309447447467e-09
"Cvel_14804",2.21745889807619,2.97622176702453e-06,2.35895700365512,5.31436394782089e-06
"Cvel_36647",2.35813842649665,8.09077437691532e-25,1.83840518471501,3.20338036490224e-12
"Cvel_12895",2.35753901655417,0.00707859349954068,2.17877642350477,0.00262025084236172
"Cvel_15425",1.6783717566765,0.000105972549307646,2.35655483939679,3.63140079353866e-15
"Cvel_8612",2.20168325010062,9.79830932193219e-37,2.3557672823989,6.55237443706004e-24
"Cvel_923",1.8332639552008,5.80340548926026e-11,2.35314902492768,5.80025616552534e-08
"Cvel_19353",2.35313631448406,8.29734152511796e-11,2.16145663752341,3.48877191618119e-06
"Cvel_2196",1.12923706341893,2.78491379088283e-07,2.3525482107735,7.12132728119861e-33
"Cvel_16030",2.05072985467283,1.14360783669012e-05,2.34904095126814,0.000856550143045141
"Cvel_4671",1.65348659123473,8.98943772129807e-05,2.34568982303574,0.00392607723496361
"Cvel_27993",1.43677590733905,0.0101989717415593,2.33884672854913,8.84889411123609e-10
"Cvel_17690",2.17044793567927,4.53899841155885e-11,2.33882215811825,3.40715371567864e-33
"Cvel_24313",1.99097039680954,1.14712553081448e-11,2.33750084978961,6.46346104596151e-14
"Cvel_13836",1.98512092082329,0.000108661010496684,2.32946885345256,1.91735393537201e-08
"Cvel_29274",2.32863050972376,1.5722338092283e-43,1.87601173118752,3.47188476363392e-51
"Cvel_9689",2.31199074842125,4.69586812675839e-12,2.29225259804288,2.45490904002148e-09
"Cvel_31399",2.30300149125434,1.3233280269285e-09,2.09286776070068,9.43857314179397e-10
"Cvel_10976",1.92963450499768,1.28340440153486e-12,2.30290435352669,4.10699811759244e-10
"Cvel_10277",1.7798372429509,0.00555174269258873,2.30202249104173,0.00340866397351879
"Cvel_4237",2.29849138251172,4.61761790188038e-08,1.42309193726015,0.0239255362634012
"Cvel_22592",2.04343255278804,8.64616617776454e-05,2.29558276922933,0.00982235003934979
"Cvel_33507",2.29247325819777,1.30681117546224e-09,1.51354709987269,3.05687874044152e-06
"Cvel_16640",2.24241577023554,1.44065753423641e-05,2.2907189193178,0.0101915539081705
"Cvel_9100",2.19813608858064,0.000316303540327573,2.28832373976108,1.53005423398089e-11
"Cvel_14089",2.27846421495993,2.78318443937671e-08,1.7247176407211,9.45776950818798e-05
"Cvel_1394",2.27745603565767,5.79567700240412e-08,1.76208863917865,8.41255800291028e-11
"Cvel_36187",2.27709740639721,2.35058272530526e-05,1.7252184996865,0.00192116089700702
"Cvel_6178",1.73252799415677,8.13397765992435e-05,2.27696963617313,7.60661703785529e-06
"Cvel_7970",1.84827291512774,6.04785932012442e-05,2.2765259131198,2.70005821393299e-11
"Cvel_33485",2.27163534020221,2.20678454591345e-30,2.25664295771472,1.44706581228582e-14
"Cvel_14855",1.25293444502588,0.0020814121227965,2.27032600543169,2.19650483753468e-10
"Cvel_6415",2.26735330556613,1.78863492992238e-06,2.20014167209895,4.59706522149274e-05
"Cvel_4813",1.85179860369396,4.68980785415943e-12,2.26403379228233,1.79500507250214e-51
"Cvel_9253",1.81403706428956,1.352044305789e-05,2.26024286306604,6.62141691840557e-05
"Cvel_18429",1.17717829727289,8.64998723762117e-05,2.25335819415931,7.626191717389e-14
"Cvel_4199",1.59389025415371,2.16639213342425e-06,2.25181767989664,7.57561021827567e-05
"Cvel_21358",1.12713886039369,0.0018521580020623,2.24902150991747,2.74199288144377e-11
"Cvel_8502",1.42776279783443,6.96914411921029e-06,2.24746270304679,3.93484716240756e-08
"Cvel_29342",2.2448917893662,4.62746257562888e-11,1.66388111101288,3.50617945510252e-06
"Cvel_1241",2.24466194224568,0.0138559899954544,1.98765993237172,0.0478534216787474
"Cvel_5738",2.24287494686076,4.61621971290334e-10,1.80541878876161,2.028929853501e-15
"Cvel_7946",1.35907665085127,8.44428493545204e-05,2.24246332019371,0.00100516400964064
"Cvel_25778",2.24174875139263,4.75158488882244e-15,1.11086296428051,0.00829193229690645
"Cvel_13870",2.23931174751339,1.33136596206007e-22,1.44214845225463,1.66142886695299e-07
"Cvel_24075",2.2389328312393,7.76128082481541e-07,2.10277624177186,0.00132680906478874
"Cvel_26277",2.23854890068493,2.15095650975062e-22,1.9787643148993,1.14161842000979e-16
"Cvel_12209",1.82797398357456,3.59596276701203e-08,2.23363550649358,5.10821250503426e-05
"Cvel_14596",2.23134402209642,2.08941035329585e-11,1.45915886201122,0.00579148815609585
"Cvel_21774",1.79162401950088,1.44454932314609e-06,2.22496611254775,5.48525252252306e-10
"Cvel_25489",2.22040312513851,2.31715893556483e-08,1.70418863097562,4.06800110300648e-07
"Cvel_22548",1.98249222668341,6.10353456114961e-42,2.21924553267045,4.45023360224805e-13
"Cvel_24978",1.41662036050402,0.0129679716356599,2.21869489698247,0.00322339793256404
"Cvel_9213",2.21697281005133,4.6021704426352e-05,2.1322017657939,0.000241224308309901
"Cvel_16920",1.23141828802963,0.00134231611499315,2.21571035405492,0.00290820809541635
"Cvel_13871",2.21559702001591,2.38940012634294e-18,1.55261162781063,3.84313367121457e-07
"Cvel_6715",2.2135328774299,0.00173715080159343,1.96068996730807,0.000296797236161727
"Cvel_10687",2.21165040657747,1.69968090396751e-07,1.69391149187962,2.03795653729966e-30
"Cvel_2193",2.20910227286406,0.0152006811111543,2.06430611308345,0.040315070240774
"Cvel_32611",2.20817564485634,2.43477069454797e-11,2.05030131136613,9.23618704199887e-10
"Cvel_30663",2.20526286441839,3.63611560664754e-08,2.19553978248013,2.33940461892891e-08
"Cvel_27832",2.20508506090817,6.21259309351564e-05,2.07776266695189,0.0167546159508737
"Cvel_1218",1.71699192259397,4.94989739922569e-16,2.2043529653401,6.68185284041716e-09
"Cvel_5664",1.5487210814787,4.43140351903781e-08,2.20427682705608,3.39860195153242e-07
"Cvel_27115",2.20129871334099,2.00866590238217e-09,1.37513239534914,0.00342897507257516
"Cvel_968",2.04044126104898,0.000326859045067523,2.19627969688391,3.54632605295968e-18
"Cvel_32142",2.19300956494562,1.83744946444158e-05,1.00098577866187,0.0038000460294029
"Cvel_33221",2.13184970682799,8.5850552580699e-07,2.18965465467408,8.16803864853998e-10
"Cvel_5296",1.10946817105533,0.0422989468743057,2.18927642712169,0.0208397269455949
"Cvel_2435",2.18811709312229,1.28890892498818e-13,1.98147734016386,4.00781107476404e-11
"Cvel_3309",1.64575782847054,3.99395367418004e-16,2.18460891345971,1.98762518941066e-06
"Cvel_29273",2.18267988269159,1.2456536445154e-52,1.92940291526289,8.51898826422953e-34
"Cvel_23329",2.17611841405199,7.2442150029318e-15,2.17195465307093,1.08991724955076e-47
"Cvel_30664",1.7747696250271,2.9450211959747e-11,2.17596367056259,5.67950283959563e-13
"Cvel_16930",2.1758076476176,0.0423093964961141,2.16293282469161,0.0198394913060683
"Cvel_19383",2.1745513671897,5.25457632268546e-08,1.90790450915447,1.87065594836974e-07
"Cvel_27125",2.17128060070489,7.03499963038301e-10,1.48821450275394,0.0119032060925051
"Cvel_24266",2.17116162604385,0.000148554605347249,1.71013855436648,0.00672670280471365
"Cvel_18677",1.80397327541588,4.12394708861765e-08,2.16867349706087,6.23795825485957e-11
"Cvel_34634",2.16677433766238,1.28120678310227e-05,1.68962074980641,0.0403614998343201
"Cvel_35616",1.81902458944148,6.05026891816084e-08,2.16503031131508,0.000602835771149371
"Cvel_23320",2.1633121848878,1.70629658915329e-06,2.12256113931676,0.000280847440167974
"Cvel_23745",1.49889827333397,1.99161087919392e-10,2.16048891700479,8.51402901134667e-08
"Cvel_29118",2.16004754956876,1.28945722508232e-24,2.00679239730045,2.02839437933418e-15
"Cvel_34003",2.15491655198097,7.17409084924227e-05,2.15060415818389,0.00147702021809154
"Cvel_24074",2.06718843392589,3.75645886033006e-11,2.1548043666828,2.90905207490074e-06
"Cvel_21075",2.15360982275039,6.40506003919179e-18,1.91815016631144,1.4776475774368e-24
"Cvel_14765",1.20517542942364,0.00112769522964696,2.15283440429245,5.61155978664767e-10
"Cvel_7574",1.60543691160677,0.0339396555851507,2.14836540404416,9.21902896745023e-09
"Cvel_12520",1.50932134414813,0.00195581197067921,2.14663892646341,3.37977087552992e-09
"Cvel_30316",2.14430710757367,3.55704849376636e-09,1.56119621841418,0.000169052317676052
"Cvel_22138",1.69412808323112,2.29378337522252e-07,2.14318904386232,2.59266920410027e-11
"Cvel_22807",2.13614520345507,0.000529467850594773,1.58101038000715,0.000540334449054636
"Cvel_8635",1.67559753781398,4.33023181490187e-06,2.13456099768235,5.64148262857629e-15
"Cvel_24937",2.04054989988044,2.08821583259806e-05,2.12769218927005,6.90151947945628e-09
"Cvel_17801",2.12093807296072,8.76990635105131e-07,1.26207727429018,2.18823068000905e-06
"Cvel_14459",2.11798428724697,1.850882382714e-09,1.9379432458022,0.00101187235259793
"Cvel_19583",2.11348960065098,4.71609021466449e-12,1.97866595309027,6.67778267989328e-05
"Cvel_5913",1.39443204727341,0.00597123829482187,2.10869077249042,0.000845331196192264
"Cvel_33093",2.10862642460924,1.98069148197602e-11,1.14153803204228,1.97873358955158e-08
"Cvel_5127",2.09748676245387,1.62557794911703e-11,1.04136311393044,9.66873238158872e-11
"Cvel_4853",1.4274784502778,1.52409541949047e-12,2.09725613790521,4.11031276146879e-08
"Cvel_1511",2.09723869984629,1.83332981644966e-06,1.71120817533799,3.6434750866771e-05
"Cvel_22302",1.23968431453135,0.021981461994166,2.09536221071814,2.43923289738245e-07
"Cvel_12751",1.41699535670878,3.08414331532468e-05,2.090087425614,1.24751298682171e-14
"Cvel_33811",1.53021430217483,0.00207962781373602,2.08788501848017,9.21446840082253e-23
"Cvel_5521",2.08637328170291,2.33086471646213e-11,1.09244001339151,0.0163050445759596
"Cvel_1621",1.88916327210636,1.71219031570017e-05,2.08626413250893,4.37394117722983e-19
"Cvel_13207",1.63190796318249,8.21555630137137e-24,2.08375201955991,3.11353240699538e-25
"Cvel_31400",1.81955354643073,2.85822469488277e-11,2.08257656730137,7.90316956382204e-09
"Cvel_26085",2.08150919425261,5.34939899052983e-08,1.4353549948233,0.000238370526157504
"Cvel_6029",1.97315164709777,5.15236117916066e-09,2.07142659026974,1.21321204398938e-05
"Cvel_10842",2.07128527400751,5.90545203380739e-08,1.43866358602031,0.00515955263447476
"Cvel_4734",1.47877328530219,4.50632972458027e-07,2.07067192461471,1.23841382370922e-19
"Cvel_26727",2.06972274160889,0.0448543434943973,1.73554850454104,0.0429412049147521
"Cvel_8611",2.06809789446577,2.82076149469308e-16,1.94566262963097,4.73073548026259e-30
"Cvel_594",2.06627134142162,4.39094220475415e-28,1.28376889260575,0.00606653123875961
"Cvel_26319",2.04824058684468,2.6591050543582e-06,1.96238835341569,2.96352027345071e-08
"Cvel_30611",2.04006373218786,2.62560272559451e-05,1.1998285850742,3.10565076746628e-05
"Cvel_23039",2.0389467270408,0.000327874373884103,1.95622002187562,0.000128155396095689
"Cvel_12356",2.03856835022849,1.42614589704359e-11,1.7817649184305,6.08776920268356e-12
"Cvel_27081",2.03259716184842,3.60641423950761e-20,1.97169366941833,3.05938697491933e-07
"Cvel_6675",2.03080160157549,1.49992580562469e-25,2.01164447322524,2.04409369975815e-31
"Cvel_16571",2.02017010782189,1.73979933260425e-10,1.96463558328793,2.10739728109051e-09
"Cvel_27435",2.01950531923404,2.39004900682883e-14,1.45953836610607,0.000383497586196798
"Cvel_2160",1.63820167825092,1.50899566080648e-10,2.01775519122905,1.31918468355895e-16
"Cvel_28184",1.96864646476551,0.0269846865439779,2.01707015896331,0.00938743800746065
"Cvel_3016",1.23100970654352,0.0432129576713211,2.01605054734363,0.00312136144939771
"Cvel_13147",1.8897744671812,9.85248032857303e-08,2.00895289275028,6.24325554196073e-14
"Cvel_14648",2.00749082852793,9.50143563889087e-10,1.61171443921816,1.54009962080924e-05
"Cvel_1696",1.8238845444598,4.39333708660262e-27,1.99684723199245,1.56606461772267e-08
"Cvel_1494",1.77794814902749,6.16013546209411e-11,1.99408403046397,6.30156989853042e-11
"Cvel_2465",1.86966958557443,7.63583351097949e-11,1.99098610745731,4.94730402729966e-12
"Cvel_14698",1.98461283644195,0.00102544417243576,1.63219814220416,0.0246809088204029
"Cvel_24979",1.56671718941689,0.0230177794810982,1.98173726754312,0.0217193199849847
"Cvel_6673",1.97841654475479,9.06759592231255e-20,1.93917902344886,4.08812928533806e-29
"Cvel_28012",1.97487916685486,2.26426408299418e-17,1.7579455041657,4.72138688782826e-11
"Cvel_23714",1.97443848609055,4.17523362988498e-16,1.79938542841916,1.22759358575362e-08
"Cvel_9028",1.62195058561222,2.54274471990906e-06,1.97225795871976,3.76663283670415e-10
"Cvel_1767",1.24976298039169,0.00233809176485188,1.9698194705092,0.0106838558324156
"Cvel_9056",1.75870012594143,0.000159117211121566,1.9672911298187,5.28194413043045e-20
"Cvel_26742",1.66677951383268,7.65443180539512e-10,1.96692661798474,1.47444701343276e-06
"Cvel_2504",1.96570378092454,9.27576088336731e-08,1.5637932354967,5.25275024684134e-07
"Cvel_12711",1.51368511168278,0.00144627230907452,1.95755739354436,0.00017484724229132
"Cvel_12172",1.95694900595166,7.36868176320167e-10,1.42927327075476,1.7110646339797e-11
"Cvel_15376",1.8114473367621,0.00018572896892464,1.95555573725574,3.20897927479206e-05
"Cvel_1807",1.79164838795048,1.39807637479586e-05,1.95459724642808,1.04428797721854e-14
"Cvel_5416",1.95085529487772,0.00524696606949514,1.33258778614954,0.0482584642158358
"Cvel_20486",1.73365471616477,4.02259548586744e-16,1.9502179347854,6.37973830825009e-19
"Cvel_553",1.68809128795451,2.86650319832146e-06,1.9427466890373,8.11734142388131e-05
"Cvel_10810",1.64809224961483,4.25070794526024e-05,1.94107709431917,8.8409716002283e-12
"Cvel_10368",1.79681971024906,0.0209997210204523,1.93964957505366,0.000550833602403576
"Cvel_22920",1.93737504370186,6.11256285804217e-05,1.68767112315831,9.19864803227614e-07
"Cvel_23632",1.81932904468133,4.4518232500395e-05,1.93669681138963,1.19179384332996e-05
"Cvel_24359",1.93585921583543,4.1657496822996e-16,1.2703771954213,2.20790737214391e-17
"Cvel_7771",1.24475268018049,0.000348348693172202,1.93375909648144,0.00768135809201318
"Cvel_30987",1.92698411347533,7.57551664858258e-09,1.27723253454847,0.00113055728343758
"Cvel_10484",1.34918817143185,1.55189412926514e-06,1.9193478731684,9.82268489584841e-18
"Cvel_12629",1.81887990102181,1.42832818030008e-09,1.91912263624757,2.79445421508452e-07
"Cvel_6199",1.66008907295683,1.09970005341793e-13,1.91881223875667,3.27794511321564e-08
"Cvel_15763",1.91840524687115,1.43199322967603e-09,1.15497284952171,0.000304093887342472
"Cvel_7174",1.91301970342203,5.81938137502216e-06,1.03028455854935,5.16939457651217e-05
"Cvel_15461",1.24130335251893,0.000196140735492517,1.90883672308484,1.61264093789728e-11
"Cvel_16102",1.30744432445693,3.79763617364394e-07,1.90765957711954,6.09491339617921e-11
"Cvel_3523",1.90678424030874,1.07903587372615e-05,1.79141254943107,0.00935835233484556
"Cvel_10571",1.83392627535242,0.0024263675163907,1.90510117715573,0.0346013364769939
"Cvel_28011",1.90425679754384,1.61371906025688e-11,1.67370431076513,1.57507853647046e-13
"Cvel_4184",1.28415334228673,1.76108123839158e-05,1.90360438364139,4.53627547683793e-10
"Cvel_32452",1.33605011820524,8.68501709694463e-07,1.90346909099035,2.25712467212663e-17
"Cvel_16038",1.84779789361478,2.52672452076881e-06,1.9034590285997,2.50091604455303e-10
"Cvel_21414",1.41070910665377,0.00176216482583325,1.90006192380986,0.00127885754198028
"Cvel_1167",1.89935705775212,1.13443230488888e-13,1.04014349042683,0.000141572947555818
"Cvel_22850",1.89156271390777,0.000221387377353343,1.59509946313832,0.0047004177100855
"Cvel_30665",1.24951722410971,5.18489315136725e-05,1.88836523039942,1.82623598671664e-16
"Cvel_8269",1.45170586375943,5.17182663946677e-09,1.88748053190875,7.74680512968078e-09
"Cvel_12102",1.8867812404477,4.96218083656108e-07,1.09786633769721,0.0274047350354136
"Cvel_5855",1.14493239596776,0.000284928693068064,1.88270317165077,0.000223057248378284
"Cvel_9361",1.76410961080103,1.2644271827187e-05,1.87841798748959,2.48495156927944e-06
"Cvel_14329",1.34292411454772,2.07264588186545e-06,1.87636715350108,2.64364336836212e-07
"Cvel_17756",1.87034968295562,2.10785821082152e-13,1.83842610153917,5.64177575961049e-10
"Cvel_485",1.86580996110324,2.63178917376905e-10,1.73824906514098,9.51312309473147e-11
"Cvel_18866",1.61444994475312,7.07750828412215e-11,1.86218359622356,1.39935185747596e-05
"Cvel_7940",1.53907211496299,1.35192901696242e-16,1.85727724176009,3.37807479916618e-39
"Cvel_11624",1.5524443011786,0.000214985125251505,1.8547359199629,5.20872789617598e-06
"Cvel_392",1.85438277102619,1.94543507162346e-07,1.61706250405836,0.00203612410952722
"Cvel_12674",1.47799025243102,0.00148786672601252,1.85215994449636,5.45664516815302e-05
"Cvel_28528",1.54675991959828,0.0182340975285622,1.85068996043533,4.25794895597008e-19
"Cvel_11046",1.38013118221833,9.96160432606275e-10,1.84689373037814,1.02921715236816e-08
"Cvel_4689",1.63822906461127,6.6150368899631e-08,1.83573298287357,0.00132477083581098
"Cvel_18129",1.04021710545939,0.00150619545946585,1.8325867571602,2.80572994878559e-10
"Cvel_4907",1.78494659009302,1.3991990638676e-13,1.82794753126423,7.95358202601212e-09
"Cvel_20999",1.33628997471793,0.00466687213517737,1.82646558934883,0.0400330697987432
"Cvel_13183",1.82541320469515,9.57561408424103e-16,1.58631759914808,8.4507640452371e-05
"Cvel_35333",1.82254699498575,7.13416464415191e-19,1.58990458704196,0.000111460964434935
"Cvel_28159",1.81942421675771,9.35448315232415e-11,1.57625969619246,4.05065101512487e-05
"Cvel_11045",1.24445302257064,0.00112086415548151,1.81765923797294,1.30143278642853e-08
"Cvel_20543",1.58997007187058,6.20464293653116e-20,1.81629050492939,3.84909190458141e-09
"Cvel_2161",1.7639250600155,1.44233654922217e-06,1.81514286147742,6.86123029742682e-08
"Cvel_21592",1.81422645451536,0.000121744531564231,1.34144040360931,0.00811006393196071
"Cvel_7825",1.59935591454196,1.33982661991381e-12,1.80721699917511,2.41737874888842e-14
"Cvel_5678",1.03130553872272,0.047421218169848,1.80718993915558,0.00275845742063844
"Cvel_25320",1.8011781152656,4.34350194157678e-23,1.16045855626583,1.0336850172784e-07
"Cvel_30988",1.72396135273662,1.40034807458787e-29,1.80097531263389,3.16013806177057e-17
"Cvel_20138",1.36193608290857,0.0149132080982938,1.79929217994594,1.18406495485582e-05
"Cvel_11460",1.38826286334792,0.000186744138466655,1.79847954032705,1.20120316491931e-05
"Cvel_28696",1.792962433923,6.7634291243629e-18,1.19566523296075,1.05807225764185e-17
"Cvel_20008",1.36036794103588,7.13547356567012e-15,1.79286650097269,1.79101898663176e-06
"Cvel_13202",1.79043510060243,0.012053557829815,1.19280551782321,0.0402801961625821
"Cvel_35491",1.7887574214152,2.73639785426199e-08,1.31731253640746,0.000515464372239579
"Cvel_20017",1.03046040023899,0.0143370041563332,1.78650666260512,0.00130385401390227
"Cvel_12714",1.66834126907203,0.000718585724477636,1.77811845960733,5.03665320148124e-06
"Cvel_5139",1.66147718266591,1.31530409146589e-05,1.77441048076173,9.32795368778971e-06
"Cvel_25995",1.43811646456511,0.0108506231867942,1.76586836564272,2.75639796461977e-06
"Cvel_14841",1.76439454785608,0.00886419677796879,1.23902866977102,0.000556577929891651
"Cvel_15768",1.22146205204655,9.98404907431332e-07,1.7640945107323,5.76358619954775e-11
"Cvel_1055",1.21994384978591,0.000837626058671397,1.76398274642637,6.2783302185017e-16
"Cvel_17562",1.76061352656353,6.249627164323e-11,1.43785698080672,7.78254399200262e-06
"Cvel_28723",1.4690448695873,3.93182778972021e-05,1.75789760484897,1.34961401555922e-08
"Cvel_32451",1.20522418337728,3.99162509701146e-06,1.75458069949378,5.59060434785772e-11
"Cvel_4787",1.08368685056205,0.00311861257292481,1.74751604775675,6.69003673099792e-07
"Cvel_1548",1.6924829002782,0.00165531446166708,1.74585421749918,0.00110419933226959
"Cvel_15641",1.05537864759381,0.000138558565228147,1.74477988609694,9.49127747785463e-05
"Cvel_3384",1.74421612762723,1.47070896579782e-07,1.06166545287491,0.00368333134026852
"Cvel_6999",1.73904125223179,4.36185171968101e-05,1.6311939226477,1.76143872382848e-11
"Cvel_22203",1.73180880797705,0.000435330947362583,1.67243268054102,0.00234541125892123
"Cvel_7394",1.73042862468606,2.87959099852955e-05,1.16945487068046,7.06532800235319e-13
"Cvel_25371",1.41429878925172,1.04934868528029e-06,1.72979878858217,5.14966517478323e-08
"Cvel_6674",1.69257479072907,3.38172358857091e-20,1.72619626251995,1.69316907651979e-21
"Cvel_3487",1.72054931083186,1.04780600089388e-05,1.53611833548227,0.000229255861073248
"Cvel_23715",1.37024881030609,3.49753719715329e-12,1.72005679526493,4.35420981735874e-07
"Cvel_15593",1.71912562740593,1.03874591329297e-09,1.31132768172295,6.27083973304624e-13
"Cvel_1054",1.18204841560701,0.000248980721394474,1.71742112694028,4.20534994820161e-12
"Cvel_15979",1.71496677896834,1.51962169509656e-07,1.58194759317306,7.8441363461226e-06
"Cvel_29845",1.71467469616102,2.4199316157775e-14,1.05153833829027,3.01910300122944e-06
"Cvel_5051",1.71096517687346,4.55090117665788e-07,1.45204428205333,1.7263528049615e-09
"Cvel_16197",1.25817350259605,1.90513488642169e-08,1.70807722706375,3.57561761109094e-09
"Cvel_12684",1.49242208488932,0.00412844889677723,1.70656488056686,0.00485649515564804
"Cvel_27537",1.70579325971112,5.32707467244314e-10,1.08093319806728,1.84773653531194e-09
"Cvel_24612",1.63662968775307,1.36017187648311e-10,1.69988838121633,1.4429457987064e-13
"Cvel_13007",1.5504252228183,3.62042600532503e-08,1.69408665972359,6.90939102412376e-07
"Cvel_12010",1.69291550185166,6.43461550450904e-07,1.52990145116486,2.27897794555717e-09
"Cvel_23468",1.35923352965005,6.71314371128231e-09,1.6927907434518,3.72966104402578e-10
"Cvel_1369",1.69078596149826,6.09493576649343e-08,1.41014406600639,0.000580400426670709
"Cvel_29096",1.31668994022434,9.44623971638816e-08,1.68866855177578,1.2654323066295e-05
"Cvel_21401",1.5669565038143,0.00117522868614301,1.6856549468478,0.00219510697585475
"Cvel_11361",1.52901329013475,1.14963856057212e-09,1.6831586853521,1.74460747245238e-20
"Cvel_12120",1.1179088599247,7.64856904814191e-05,1.68214685564614,4.01954589247855e-11
"Cvel_19580",1.04795173831886,0.000194685776444374,1.67961064279217,0.000181390384842954
"Cvel_4710",1.47165244059599,2.26830104597781e-11,1.67888079387558,9.24335812743688e-13
"Cvel_15377",1.33517607019616,0.0274132898712917,1.67534541153551,1.73615606190453e-06
"Cvel_2525",1.3732994906055,6.09782207606148e-05,1.67168058709091,1.87429885095906e-05
"Cvel_20139",1.30512873914115,9.95236789771802e-05,1.66435459755063,2.26400852970777e-11
"Cvel_16414",1.66273577635383,0.00148922899903221,1.23383305361314,0.0274129780568989
"Cvel_18857",1.33758313995161,2.8603916817645e-08,1.65382268439898,6.11719956537775e-08
"Cvel_19851",1.14047580568418,0.000147628840600135,1.65196069892007,7.41874454927926e-05
"Cvel_36617",1.30574828842155,0.000259757633625271,1.65100190195266,2.28697115266754e-14
"Cvel_9948",1.27798659695325,0.00607124084308499,1.63226432224264,2.68636033347437e-11
"Cvel_3355",1.16973850931404,0.0138156619965179,1.63065486672415,5.06867548402349e-08
"Cvel_3593",1.26606168184827,5.96885139547372e-06,1.6263446340423,2.12106200974858e-07
"Cvel_28359",1.61845232594038,8.82848379408428e-05,1.50205577474308,8.96713306763396e-07
"Cvel_15551",1.61714582777866,4.03891185998892e-11,1.04318048672175,5.05729040141286e-09
"Cvel_25819",1.578396192966,5.88329395035793e-12,1.60189496515165,2.06091140029139e-08
"Cvel_11975",1.01804420785377,0.0356171250295443,1.59926431645758,0.00131785431935768
"Cvel_16784",1.59506066140277,7.17498085418197e-09,1.36258182148208,2.23011046959855e-07
"Cvel_20786",1.59017039908014,0.00283148936288396,1.40061244257097,0.000166898789824732
"Cvel_15502",1.4762541572515,5.45343104720354e-19,1.58738322988062,0.000111248791647281
"Cvel_9327",1.18884760128907,5.16611724027407e-06,1.57633055449111,1.01316494201277e-07
"Cvel_12011",1.48520964705345,8.93879241255063e-07,1.57472578632133,9.43459175548947e-10
"Cvel_17047",1.57120677779072,3.64893289340762e-11,1.01051463437928,0.00378376051811835
"Cvel_23277",1.559430710936,1.76404880853528e-06,1.07699458140538,0.00120858246982418
"Cvel_1924",1.55374542711348,7.72057239010544e-12,1.40355775383124,4.48342267916654e-08
"Cvel_20127",1.55177597139034,0.000509277602341522,1.2455075917061,0.00377887219852817
"Cvel_5642",1.54765464273867,3.89742482991295e-05,1.2218971861548,0.0168044717216177
"Cvel_11666",1.54491905687179,7.99766846048105e-09,1.323217823272,0.000531651721082665
"Cvel_21342",1.26736620458219,3.27140287350166e-07,1.54332060036874,3.40434766612196e-05
"Cvel_30002",1.53273623028924,0.000469769736898427,1.54243159682021,1.27824147200448e-05
"Cvel_6200",1.54023526944669,2.14130858869834e-15,1.44290282265342,1.33716590248962e-07
"Cvel_18573",1.48732807940517,0.0108125971545455,1.53914622913875,1.0144382578322e-07
"Cvel_2690",1.53471851151468,3.22548782585317e-13,1.128908871132,3.60650310579234e-10
"Cvel_9817",1.22040739834238,5.92905511356331e-08,1.52252091862551,1.56536127630612e-13
"Cvel_36096",1.5218818152703,2.48500320377659e-05,1.36019069874774,3.2059395344907e-11
"Cvel_3648",1.51419082402596,4.67639025367949e-16,1.31519097174884,5.19487288693995e-08
"Cvel_23076",1.07977257434588,1.37065355907046e-05,1.51338765261084,3.21029941941382e-05
"Cvel_28014",1.31489332910815,0.000930800167844357,1.5130401716919,0.00178266916650695
"Cvel_8900",1.51066090557221,9.3192265298757e-10,1.14055719351265,0.0321121419520306
"Cvel_10583",1.09294386609931,2.11775035520492e-07,1.50880843197413,9.59580798189798e-16
"Cvel_4855",1.26594310416039,2.98045489617762e-06,1.5071123547126,3.57366416315828e-06
"Cvel_34279",1.00679593753511,0.00212202587817452,1.50700333693678,2.76750872257908e-21
"Cvel_25257",1.50398786284453,3.26578588297819e-08,1.3748241483078,3.92071154470042e-06
"Cvel_21593",1.43369941671807,0.00301449353122352,1.50265959202604,0.00293599544674944
"Cvel_5257",1.50259111089181,1.10107149850846e-09,1.23026591752716,0.00202289121984185
"Cvel_1589",1.4395197852505,2.05813327709956e-12,1.49727917677073,2.52441772798758e-10
"Cvel_12737",1.49719903475411,0.0023260967763138,1.01903160896815,0.0335196847319268
"Cvel_25921",1.40722772979542,4.00154760518507e-06,1.48605870283759,1.62572974287009e-09
"Cvel_16889",1.08668179919201,0.0159010677970792,1.48476465788251,5.80854572668527e-06
"Cvel_31773",1.48457795203787,9.75898128047529e-06,1.03760755438837,0.00173543703435373
"Cvel_27361",1.48390567632024,3.765519465164e-07,1.23811314118736,7.69544056630703e-05
"Cvel_22282",1.07870463746101,6.07319748057575e-11,1.48179118638973,1.91993095159226e-11
"Cvel_18780",1.48034584214481,2.9337574926638e-06,1.17066762954921,0.00176696965228427
"Cvel_3067",1.4754835990123,4.84910066750755e-12,1.24395503866627,5.08080191206463e-05
"Cvel_18537",1.43385658500922,0.00104278014017461,1.47535453184208,1.03211196973969e-06
"Cvel_9238",1.42438037355092,1.545035025695e-09,1.47071451963424,5.94814221700197e-14
"Cvel_2109",1.18486162696121,5.76084772043215e-07,1.46473425857723,0.00954495279085412
"Cvel_11287",1.46290529225545,3.39755184270384e-10,1.17270833757568,0.000238535101070809
"Cvel_31542",1.24117538388611,0.00132882776633399,1.45838081923223,0.000375746382452094
"Cvel_13337",1.31117587104228,5.77874557540087e-06,1.45830803464443,1.96805609289250e-11
"Cvel_11652",1.4426084627256,0.000685718678700909,1.45754144414279,5.75938036419814e-05
"Cvel_15985",1.16568225487708,1.92173789214536e-06,1.45655305342855,1.3805112610237e-07
"Cvel_652",1.10997676580584,2.09600999772943e-05,1.45629674603112,3.11533498850928e-08
"Cvel_4597",1.45407674635338,6.6168657978553e-05,1.04081283868295,0.0407817210112049
"Cvel_2526",1.45231631332105,0.0352535520033365,1.30164757227692,0.00200508587993024
"Cvel_19843",1.45050656910988,9.97018872177818e-08,1.0741367130987,0.000939659205214291
"Cvel_24244",1.2069827282535,0.0186343846566269,1.44771244580655,0.00229601858428706
"Cvel_25488",1.44303461121696,0.00301000555000594,1.23982347719048,0.0113593137220354
"Cvel_5716",1.07467468556711,0.00683882358665332,1.44190590169137,8.68284123163876e-06
"Cvel_33501",1.44073834751843,1.29358165283995e-05,1.22121958019765,1.62603849959652e-08
"Cvel_8473",1.01965296369139,0.000875156230371078,1.42921340435476,5.80565374154157e-12
"Cvel_12447",1.42417320164284,3.47526000111939e-06,1.27522613834922,2.14865989193813e-05
"Cvel_12765",1.4233879309535,1.40705164257397e-06,1.13121561989107,0.00862913771078988
"Cvel_16787",1.41696140214542,2.70771702963407e-09,1.34911815210101,7.59045920066814e-09
"Cvel_23487",1.32464361413074,1.97256961329031e-06,1.411685187608,1.07806315304816e-07
"Cvel_23322",1.4079408386543,2.05551764829522e-09,1.09010824063714,4.74674146577934e-06
"Cvel_10947",1.40576808373847,0.0028736246973763,1.22057774494396,0.0153674628223149
"Cvel_27096",1.40400927122336,2.53406554427609e-16,1.05856227034882,0.000521501722473259
"Cvel_8540",1.4013559687358,5.60297191442328e-05,1.18499335624309,0.0120672778379139
"Cvel_5861",1.11366029754964,3.39810004294665e-07,1.39944369861397,3.70348655257577e-12
"Cvel_6355",1.39756398143125,0.00904691349684746,1.39239947929742,1.60820643707672e-13
"Cvel_31083",1.17382875233053,2.58703846061576e-05,1.39656831292515,3.33723853499535e-06
"Cvel_21068",1.39030420899219,0.000297215172949089,1.08642112292333,0.00135707881644169
"Cvel_26091",1.38567385575378,0.000330123996340198,1.0609754384165,4.06154767965369e-05
"Cvel_12764",1.25422820294837,1.88353276454812e-05,1.38540911374803,3.66497989373161e-05
"Cvel_24613",1.01996224798108,0.000135523298484887,1.38413643474334,1.22608573834159e-18
"Cvel_18940",1.38047715423939,1.2324188224575e-09,1.01824162115913,0.00157108592648014
"Cvel_20826",1.21694947016476,0.0024182763014212,1.37685379838343,0.000186391183798111
"Cvel_14847",1.37497207760173,5.67053049500359e-06,1.06724436752836,0.00311009111664037
"Cvel_12712",1.15298346209632,0.0368376151066282,1.37436786223262,0.00655656280498381
"Cvel_30674",1.2691792684969,0.00158540082030472,1.37260546398998,4.58817291409926e-08
"Cvel_10734",1.36154334465003,0.000333905744374529,1.02550351123702,0.0156197982921496
"Cvel_35241",1.06735032212854,0.00803211262424255,1.36056067392719,5.3938329702091e-06
"Cvel_1598",1.14667189342195,0.000495471681418484,1.35783259976729,0.000134281146127794
"Cvel_14346",1.34612620750651,4.72624284926449e-06,1.29625088019679,3.86322015418609e-06
"Cvel_19824",1.03009509732736,0.0165423478291913,1.34555274324415,0.00161041448762254
"Cvel_19339",1.20655382886549,0.000457234405914918,1.34381257347919,0.010319818938187
"Cvel_25702",1.10717512231502,0.00093910166701008,1.34363199668387,1.57927260034813e-05
"Cvel_30107",1.12599867300409,3.2558929273185e-06,1.33301632188196,1.27912677051202e-23
"Cvel_26044",1.06798719474242,0.0360715387091122,1.32376980897487,0.0181301241947756
"Cvel_15354",1.32357020385391,9.98977369416964e-08,1.17888939895275,6.58643586710958e-05
"Cvel_27565",1.01001327560557,0.00023585022553625,1.31812025218613,0.000391424170542744
"Cvel_22251",1.31663385505486,0.00407658610397729,1.05230830062301,0.0434224335108623
"Cvel_1649",1.20686149090445,0.00147630109372176,1.31145101405669,2.96953995791791e-20
"Cvel_29126",1.15504209977896,5.01768065200088e-07,1.29756196676773,0.000543779008412759
"Cvel_16352",1.1730329945487,1.40124333791527e-08,1.29007407675674,3.00604167957577e-14
"Cvel_9299",1.28924582488656,4.32009493000342e-06,1.18185330725412,0.00909641555678654
"Cvel_8131",1.28449032571966,1.88031916464225e-10,1.02654738853127,1.70674307409185e-05
"Cvel_25984",1.28176470198869,0.00110991289369718,1.24790290227011,0.000231396083280813
"Cvel_30677",1.18916691108722,1.51945092719172e-08,1.26178151825647,1.25899063969497e-07
"Cvel_5667",1.08142913658427,1.17689004098426e-05,1.2501117854849,0.00131459857735094
"Cvel_3485",1.24946389535033,0.000116510232435254,1.18219462106564,5.69630085621106e-05
"Cvel_27427",1.08011446355963,0.00441170082570706,1.2454066772685,8.65111258424146e-06
"Cvel_18340",1.09659069931938,0.00163275079712622,1.23469616943566,1.12200356614002e-06
"Cvel_2992",1.23183571687943,5.74724734002479e-05,1.23426656051353,8.25104876328651e-07
"Cvel_5235",1.22861153931968,0.000338080970200017,1.1908493589685,3.2059395344907e-11
"Cvel_13136",1.2142048118473,1.84843637199773e-11,1.09569594732782,0.000331313255205446
"Cvel_27428",1.21292140405476,0.00115516800613576,1.1919286891035,0.000190840429645949
"Cvel_27023",1.10381824738112,0.000205400763734578,1.1865700665356,3.82149898992665e-05
"Cvel_2168",1.17721355486294,0.000888209517244456,1.11665533226658,0.000236947609004964
"Cvel_4069",1.17492673569428,1.77482032917793e-07,1.12931163238289,0.000147748475761166
"Cvel_13180",1.13660169732578,3.96280627380254e-11,1.17444939253887,3.77449503679399e-08
"Cvel_14214",1.17018288317895,1.4994254986815e-09,1.08758585282859,0.0123433262991115
"Cvel_4309",1.16751688854171,5.05183116729026e-10,1.05847444636236,0.000150519291139177
"Cvel_10469",1.02395416513776,0.00401541354793335,1.16244438902203,0.0105420023818629
"Cvel_878",1.00014094782898,0.00210392035903654,1.13966869001936,0.00933939895200527
"Cvel_16919",1.06859221031593,0.016413941445988,1.11631987063775,0.00264510020283331
"Cvel_14059",1.10780342562582,0.00366101731535522,1.02912000806637,5.8768178160188e-05
"Cvel_31556",1.06200325438987,0.015902826243537,1.10457733514094,0.0163773937509552
"Cvel_18011",1.06900112024226,0.0221939391675275,1.06266563672858,3.82277551622852e-05
"Cvel_15603",1.00199557222396,4.47936189184383e-06,1.01908023593758,0.00379517028200865
