"Geneid","log2FC_T20","padj_T20","log2FC_T26","padj_T26"
"Cvel_193",-15.6366013305099,1.4301070727635e-37,-16.3466467603466,8.19618513710605e-41
"Cvel_30602",-11.1423622859652,1.84357187821803e-83,-15.2385075682687,1.37054475614458e-35
"Cvel_6379",-14.691058320517,7.50476585004028e-33,-15.0218379465433,5.97432372309891e-34
"Cvel_4956",-14.6470190312058,8.0637235122399e-33,-10.7714093852252,9.91122349909034e-91
"Cvel_25417",-14.5567115993035,2.62462345298802e-32,-14.6433663866578,3.53108488192002e-33
"Cvel_6276",-14.4968708698448,4.48284913521568e-32,-14.2637196840351,1.58254842472346e-31
"Cvel_16631",-14.3746644381961,3.08563903615019e-30,-13.3954429901143,1.28219722839819e-26
"Cvel_29481",-13.8600240426229,1.9362887830337e-29,-14.2782438573209,1.40153943065311e-31
"Cvel_21499",-13.5671303777544,3.37007999576592e-26,-14.1681031516765,3.6000982124079e-29
"Cvel_5868",-13.6246855715703,2.1319609594292e-28,-14.1559041278516,6.51360573637728e-30
"Cvel_21088",-13.3816505613871,5.45247719347465e-27,-14.1420158217765,5.10796939911564e-31
"Cvel_31957",-14.1360773596023,1.255537525977e-30,-12.903697290167,1.49952960722772e-33
"Cvel_14522",-14.1060954824931,1.02233814450568e-29,-12.3842644285182,6.26780351367638e-31
"Cvel_8982",-10.568495102671,1.11347975570449e-13,-14.0986617655929,2.3978283208504e-29
"Cvel_12039",-14.0343281119486,1.15636917172304e-29,-14.0506966466388,1.83969839406447e-30
"Cvel_31665",-13.9897473282787,3.88094542439708e-30,-14.0275241824588,4.62497735817e-30
"Cvel_6190",-12.6374976273399,3.94580128660232e-24,-14.0124617017546,2.39426759214416e-30
"Cvel_9882",-13.9126271190703,9.09503692994425e-29,-13.8457735457697,2.15941718686109e-29
"Cvel_26976",-13.8009401757184,4.85660908810932e-26,-9.76465606736416,5.49453952368086e-12
"Cvel_23384",-13.2600420631488,1.29031565255011e-26,-13.7176293704135,4.99908173511101e-29
"Cvel_10966",-13.3224995777145,3.95707659850129e-27,-13.6340054465572,9.20515632865701e-29
"Cvel_2673",-13.0493062063368,1.22493294985647e-25,-13.5755720091836,1.20609728570622e-27
"Cvel_28033",-13.5231334394305,8.93922937788029e-37,-13.5697349922654,3.1601537526375e-52
"Cvel_14787",-13.5549932673532,7.71372662974616e-28,-13.2535478873465,1.94364614498696e-26
"Cvel_14205",-9.3350162784088,5.17625036173443e-45,-13.5519181156658,1.12830085371659e-27
"Cvel_10545",-13.5290152411993,4.55689885541358e-27,-13.3965005884079,8.03042701817818e-28
"Cvel_31344",-11.479831291412,1.02484140225027e-37,-13.5033940737296,5.34422651171036e-28
"Cvel_2511",-12.9216464085919,3.47978626938373e-25,-13.4420953352629,6.682610686317e-28
"Cvel_2790",-12.501497932022,1.27896366946379e-23,-13.401251741835,1.27855577723978e-27
"Cvel_19084",-11.7994930209595,3.24055209239218e-28,-13.3958565064913,9.69980419181385e-28
"Cvel_25373",-13.3846343789292,2.08468472246145e-27,-11.712152256918,1.04708330882222e-27
"Cvel_25374",-11.9504861226113,1.61637311935819e-53,-13.3739715529024,3.68139670343308e-36
"Cvel_11819",-13.0442840052375,3.34589881215728e-23,-13.3541559951883,1.0785721277542e-25
"Cvel_25936",-12.7681417119217,7.038785967031e-25,-13.3487652292107,2.72355020494883e-27
"Cvel_24538",-13.0789104074107,8.22658888177158e-26,-13.3276024640007,2.85826128761014e-26
"Cvel_16901",-13.2766781362212,1.10430636278962e-26,-9.90915627025715,9.00107118183316e-20
"Cvel_11820",-12.9857272961542,6.4135289527029e-23,-13.2752815474889,3.23949536969561e-25
"Cvel_30360",-10.1243127663479,9.42529523377925e-13,-13.1342409988662,1.06275302098834e-26
"Cvel_8170",-12.2275132005111,1.69817279709039e-22,-13.1136973249769,1.23004739237091e-26
"Cvel_12561",-12.8487826555127,1.38355207917428e-24,-13.077913764686,3.40935748862967e-26
"Cvel_24537",-13.075179323552,5.60515567730652e-26,-11.3187515530574,4.21631958403905e-26
"Cvel_29912",-12.8099470028378,8.547683593222e-21,-13.0597362302519,5.92182414066403e-23
"Cvel_9590",-11.4526310826214,4.51735914795975e-12,-13.0531193629923,4.31840748855703e-66
"Cvel_27977",-10.0920281890427,1.04149289177743e-19,-13.0513418086691,5.90074558048818e-26
"Cvel_16632",-13.0468751553992,5.24852695315929e-25,-8.74717348242181,1.63786994545801e-39
"Cvel_2748",-12.3012447302391,3.65832405011008e-22,-13.0446606967151,6.25208981911911e-26
"Cvel_20942",-10.0293157356983,1.16865459278223e-23,-13.0392023211983,4.78043574200748e-21
"Cvel_14435",-13.038267930771,1.59730769020607e-25,-12.8880785753583,1.09073156435694e-25
"Cvel_14563",-13.0095484287984,2.89836978766396e-25,-9.23161273720605,1.11491459032087e-38
"Cvel_11487",-12.9627714246087,1.11792839974386e-25,-10.5835705925392,6.60346205530581e-42
"Cvel_20380",-12.6809341531847,2.25242802832808e-24,-12.925147495224,2.63867093716473e-25
"Cvel_20835",-12.9247812980209,2.17269509543572e-25,-8.53241417715629,3.9246170122606e-31
"Cvel_20381",-12.8151527474486,6.05917627216675e-25,-12.9187486412983,9.36831568010085e-26
"Cvel_15921",-12.8900466252214,6.46024132431651e-25,-12.5783347923611,6.11413407098811e-24
"Cvel_33770",-9.73156764027788,3.902856839313e-34,-12.8876303347552,7.03171503922017e-25
"Cvel_11996",-12.3563528666878,6.78260623624306e-23,-12.8543745165222,1.48495431709897e-25
"Cvel_23779",-10.794128806347,2.21789486701424e-23,-12.8432242527506,6.24439548908017e-25
"Cvel_21786",-11.971806369914,2.26833037733279e-21,-12.837346870321,2.09182252576469e-25
"Cvel_10541",-12.7778745735184,1.80659483377211e-24,-12.6186811334984,5.73072857029036e-24
"Cvel_19224",-12.4344810405381,2.34844806936762e-23,-12.7719825703176,6.17193570868334e-25
"Cvel_17728",-8.91278877660334,4.03083799305727e-171,-12.7676148782,1.26337101379132e-32
"Cvel_16743",-11.9283274277542,4.73825878599849e-21,-12.7675927922923,2.72136974720496e-25
"Cvel_21732",-10.5506761900963,4.63025626270948e-22,-12.7440585197064,6.10190398003168e-25
"Cvel_16449",-12.7423097246473,2.54850968633166e-24,-11.4423923832197,4.38442582954609e-20
"Cvel_23721",-8.41766506831135,9.71102772324317e-48,-12.7418065697414,3.54439439745349e-24
"Cvel_19979",-12.7242602272319,2.27808052961047e-24,-8.65436267469855,3.78874762024548e-76
"Cvel_10195",-12.5434056827162,9.30639223070999e-24,-12.716291800645,4.35166972133365e-25
"Cvel_28760",-12.1224068487106,2.64194824353953e-29,-12.6968650163946,5.28814864377436e-33
"Cvel_14630",-12.6839125893153,8.76046605637798e-24,-11.6072196959211,1.16906156282971e-20
"Cvel_36086",-12.6816676459483,1.06509790471486e-23,-11.7852444362796,7.99569786507787e-27
"Cvel_22884",-11.2387689834638,3.23316418685072e-25,-12.6737135815605,1.14819488067644e-24
"Cvel_21630",-12.6625719514112,2.4859911720325e-24,-12.6626176329734,3.96463877294259e-24
"Cvel_2672",-12.6303412364245,6.99755483547391e-24,-9.71784800480939,6.75330926732636e-47
"Cvel_24296",-9.47692207125972,1.04772196118795e-24,-12.6173728809541,1.68402327188588e-24
"Cvel_27292",-12.5720606949818,1.50808270232096e-23,-12.6118891827816,2.04266248742537e-24
"Cvel_25857",-12.2562778116367,3.25582760050095e-22,-12.591276552536,1.98570201802983e-24
"Cvel_133",-12.5774457378903,2.72291500018761e-29,-12.2507701638734,1.08998329451139e-29
"Cvel_27781",-11.9519303510713,2.70457552394646e-21,-12.5734824808653,2.4595807816344e-24
"Cvel_14985",-12.3418490211878,8.98482347521479e-23,-12.5347758097767,1.49993357666996e-23
"Cvel_2055",-12.4852842495663,2.21724437150759e-23,-11.692104215618,7.29056418075231e-21
"Cvel_6189",-9.86749090982164,4.58640035723487e-84,-12.481280411103,2.05148131987734e-45
"Cvel_12290",-9.41209935943721,4.4564364204204e-51,-12.4574936269527,1.22934094194742e-23
"Cvel_23588",-12.3884932736098,2.85710512417395e-23,-12.4331459817729,6.01193965183448e-24
"Cvel_14672",-12.4223846173135,9.36034643897716e-23,-12.1978189747669,1.17206667163505e-22
"Cvel_13333",-12.4193900809565,5.23267842993494e-23,-6.95745025206589,2.25269482403893e-33
"Cvel_14434",-12.4159751734523,3.8410094287203e-23,-12.1610886220583,2.17500956180561e-22
"Cvel_19061",-12.4156352161937,1.28101873466298e-22,-10.7245719117235,1.34566656195884e-22
"Cvel_29252",-7.50310991597488,1.23040910180015e-19,-12.4019171805167,1.02032100607688e-19
"Cvel_33769",-11.9524267288677,4.31432069387407e-21,-12.3731444488835,2.24303353163069e-23
"Cvel_35758",-12.3663228152724,8.61617372120104e-23,-10.9753813317634,2.06582641325612e-24
"Cvel_23383",-11.6893981927616,3.50718475853329e-20,-12.3161110635092,5.83783123260473e-23
"Cvel_15695",-12.2952656948475,5.54715543113714e-22,-12.232825518565,5.66498151697434e-23
"Cvel_34154",-12.2852535647444,1.20238934482421e-22,-10.437690032344,2.95266555730336e-22
"Cvel_10317",-12.2819430002332,5.93846781850685e-22,-9.05474264819087,5.39921677951186e-37
"Cvel_6192",-12.279134814082,2.23147875021788e-30,-10.1875163702009,5.15028662170972e-108
"Cvel_36572",-12.2741141782264,3.26769243260166e-21,-10.5418836258761,1.43482017528624e-22
"Cvel_7898",-12.2449033054954,1.07347468398877e-22,-11.8158671556589,2.71777152540141e-21
"Cvel_12858",-11.9644611193923,6.24189177785891e-21,-12.1933465880672,6.18451198089208e-23
"Cvel_29854",-12.1892903188086,1.78748592571168e-22,-7.89005796186319,3.37060595984677e-50
"Cvel_13799",-12.1720356904925,4.57420409156106e-30,-10.7901723618148,7.53061185051089e-63
"Cvel_25935",-11.46673982437,1.76658751945552e-19,-12.1585453524325,1.03979714117065e-21
"Cvel_20379",-10.0942999511772,8.53261356186543e-20,-12.1443300172051,4.25153705665842e-22
"Cvel_27452",-12.1228082168809,7.30274262379119e-22,-11.0025636723217,2.13629982032597e-18
"Cvel_26344",-11.978283656063,6.23788097157476e-21,-12.1075860751499,5.41278443591623e-22
"Cvel_36571",-12.1075379427078,2.14408080648883e-21,-10.3820337763779,7.13210781843134e-22
"Cvel_15691",-11.9797634370246,1.72072938682562e-21,-12.0673764863977,1.60201667622798e-22
"Cvel_29420",-11.9048577073318,1.72945089298338e-28,-12.0502479625193,2.14952110482537e-27
"Cvel_24525",-10.5465297942409,4.35233482226957e-42,-12.0477913409593,2.36115571375416e-29
"Cvel_28335",-12.0393945118784,6.12986979607521e-21,-7.96211574513873,5.58194302818841e-38
"Cvel_19497",-11.5498617697644,5.66014725373914e-19,-12.0197364157067,2.56747323559524e-22
"Cvel_28810",-12.0072530477769,7.32451091815381e-22,-11.9904701541514,1.7579351442774e-29
"Cvel_17695",-11.3740987800216,1.16434798400766e-18,-12.0061659999533,6.32403384944746e-22
"Cvel_12500",-11.9733300309006,1.59720728386201e-21,-11.749914392001,2.8905307422157e-21
"Cvel_9642",-11.9660430519952,6.55021270608945e-29,-9.17232134449567,5.53454515647758e-55
"Cvel_8889",-11.9644852594336,1.35446525684681e-20,-11.8293915607529,3.13241779801423e-21
"Cvel_27437",-11.7913360409661,8.31338521487717e-21,-11.9644389720594,5.09502242733451e-22
"Cvel_19152",-10.1639684709513,8.80620856324521e-20,-11.9568284060841,7.19506767884852e-22
"Cvel_31343",-11.9155962305062,4.6418106015081e-21,-9.88735242646012,1.21683292665245e-19
"Cvel_24956",-11.127787966652,6.69785801195921e-18,-11.9059395981442,2.18115935281168e-21
"Cvel_18802",-11.8830952509801,1.45994174559148e-20,-10.4106868854806,3.38317402041299e-20
"Cvel_12983",-11.8810610387266,1.19461326741189e-20,-10.8599516181947,1.72737744095927e-17
"Cvel_27342",-10.05284165245,1.04926494477035e-19,-11.8800441501303,1.15541217664285e-21
"Cvel_18803",-7.8915922630898,5.4171124946453e-58,-11.8540986360921,2.34841460859888e-37
"Cvel_15922",-11.8392381790762,2.72187000584251e-28,-8.89503324537758,3.91276102353609e-50
"Cvel_12819",-8.59581097991273,7.48905058025134e-24,-11.8378707904365,3.5689355943303e-21
"Cvel_13066",-11.8268072398229,8.11971552564295e-28,-9.26906338156924,2.63337367055711e-70
"Cvel_11260",-11.8083902812135,2.07681188274259e-20,-9.38576997060371,2.21175444367412e-12
"Cvel_5045",-7.78211739329266,2.47292233232393e-23,-11.7846573796252,8.92748542774266e-18
"Cvel_13304",-11.7794213574749,1.11287792248723e-17,-8.77140261401647,3.74288315255712e-29
"Cvel_20378",-11.7453256252737,1.71965379683251e-20,-11.7599996484362,1.5320483762795e-20
"Cvel_12856",-11.1224570332741,5.02012554566049e-18,-11.7398205266273,9.39653235422139e-21
"Cvel_1994",-11.737775165877,1.99286324159169e-20,-5.8499051261255,6.79444470733655e-05
"Cvel_26451",-11.727498354402,6.37457246085338e-20,-11.4372586131873,4.69803722662609e-20
"Cvel_16419",-10.6320519137174,7.05669527685392e-17,-11.7269815563958,7.06021011925936e-21
"Cvel_8708",-11.5534048745291,3.51121607090563e-19,-11.7196700987078,3.37065652846415e-21
"Cvel_10806",-11.7179544862626,8.41129213507368e-19,-7.2239006774587,3.1521230587781e-18
"Cvel_17221",-10.6036664531979,7.73339256194867e-16,-11.6861249308586,5.97421364741136e-21
"Cvel_23117",-11.6836907266618,7.98182304878914e-20,-11.4879314270767,5.82704437777575e-20
"Cvel_19150",-11.4342414977355,3.06759684795451e-19,-11.6713722299295,5.38473326962486e-21
"Cvel_8254",-11.1213057410902,4.50943923045497e-18,-11.6650712954592,5.7604183002142e-21
"Cvel_9493",-11.2262146953106,2.25958766352275e-18,-11.6431941298314,9.76698749902923e-21
"Cvel_3040",-10.8007307240965,9.8699212744807e-17,-11.6305308823426,1.01796919124094e-20
"Cvel_12826",-11.3694440357661,2.01456393620371e-18,-11.5997922451313,1.50891227300319e-20
"Cvel_8903",-9.66511850038688,2.90338983104478e-17,-11.5930302514411,2.09433299690059e-20
"Cvel_16498",-8.63233747863488,1.44962140958972e-20,-11.5757980162705,2.39160791083014e-19
"Cvel_28761",-10.2535380616458,8.32890813848601e-39,-11.5701744182376,2.30684401037481e-26
"Cvel_25342",-9.27824369068638,2.82467873965124e-22,-11.5618829933243,2.9043779706138e-20
"Cvel_8467",-10.460454905298,4.18202116300288e-15,-11.5458137466313,6.89453197068532e-20
"Cvel_9776",-11.5450492646604,2.54289178248206e-19,-8.53439538480217,5.35674253308823e-38
"Cvel_24957",-9.31475055462501,3.29100077829178e-41,-11.5448124685151,5.28179260586401e-27
"Cvel_13307",-11.5436379201458,2.50005207202269e-16,-10.03003726866,4.10627057771039e-17
"Cvel_7896",-10.6113516105751,6.73646553269664e-16,-11.5414844635827,3.06799152143465e-20
"Cvel_10710",-9.83169438785471,1.28331775546571e-12,-11.5363288667414,1.75247756231984e-20
"Cvel_12501",-9.89489711331986,5.43911308771824e-19,-11.5243120978445,3.00368118258807e-20
"Cvel_3320",-11.2759687776156,1.08115385889023e-18,-11.5154660593883,2.14675495865125e-20
"Cvel_5549",-7.63542260330872,9.58236180642097e-25,-11.5051824486095,4.92700978676167e-20
"Cvel_27461",-6.83631550261652,9.37307216060671e-27,-11.5000951538268,8.7547586909436e-20
"Cvel_15696",-11.1185053364836,1.18839575403395e-16,-11.4995149859575,1.23435446894731e-18
"Cvel_12397",-11.4888081741828,3.70620195863576e-19,-9.44122510421014,1.06287391590232e-12
"Cvel_20663",-11.4865641918306,1.02373919789558e-26,-9.96284871020087,3.97341253637436e-35
"Cvel_24539",-11.3221615128665,6.60865630435065e-19,-11.4660220211983,1.79265288335887e-19
"Cvel_18050",-11.4578744969097,8.38967246016226e-19,-11.1111850906887,7.17893538278435e-19
"Cvel_7895",-7.76932333253373,2.23385519834909e-18,-11.4475580293016,5.93346591368727e-20
"Cvel_15121",-10.5132774446527,1.31350170089854e-15,-11.4399018808184,5.55186945598477e-20
"Cvel_6723",-8.04317125673533,6.0891847445303e-29,-11.4360566314906,1.07029687104222e-18
"Cvel_27895",-10.9969004866443,2.19604169573885e-17,-11.4157084815255,7.00316054358887e-20
"Cvel_32722",-11.1972091376293,4.1414254393073e-25,-11.395188107899,2.30684401037481e-26
"Cvel_9244",-11.3802163970714,7.12060212839845e-19,-9.96293482446154,4.43350719186954e-20
"Cvel_25667",-9.46392319022514,8.14852634504258e-27,-11.3758999198911,2.3156102609272e-25
"Cvel_22541",-11.3703923126391,4.61435384722636e-19,-10.5139467199518,4.08114627633531e-16
"Cvel_18801",-11.225982563757,3.61134441639189e-18,-11.3648358161476,8.10375278793214e-19
"Cvel_36006",-10.8342949878233,2.08271227289277e-16,-11.3570997078127,2.73619813902003e-19
"Cvel_13849",-11.3517005079921,3.12486663238832e-25,-7.95264557717504,5.43061508037557e-30
"Cvel_15803",-10.8890984322645,3.83413181489344e-17,-11.3440852127208,5.09281667039106e-18
"Cvel_17736",-7.99043074185474,1.17168736254004e-18,-11.3402301182184,5.0986552138446e-19
"Cvel_4729",-8.77599174614462,5.22219901637925e-14,-11.3238561578808,1.15777702875851e-19
"Cvel_28755",-9.99741988371653,6.68959629780364e-36,-11.3215272171214,7.99696246715902e-26
"Cvel_19498",-10.4743051218878,9.00296302769986e-15,-11.3187004165095,2.85452968531903e-19
"Cvel_13331",-6.69081908360533,2.57785124000848e-31,-11.3184529157651,2.80171325421451e-19
"Cvel_19870",-11.3154143036392,8.11319352567328e-19,-6.98155220150551,7.04638422887385e-05
"Cvel_18800",-11.1628556068304,1.61775583549025e-17,-11.3107448636952,9.57448729904038e-19
"Cvel_27953",-11.3075673379069,1.26493982363272e-18,-10.6200662079693,2.48474141600278e-16
"Cvel_15350",-10.5534102471988,1.70548517375254e-13,-11.2863387261876,3.10237896500978e-18
"Cvel_8798",-11.2751705142807,1.7357331390886e-17,-10.3202562014507,9.19422947821825e-16
"Cvel_25587",-11.0607056210596,1.7312652126909e-17,-11.2728385635183,7.91651882358089e-19
"Cvel_14088",-6.66066909511856,8.2788895346109e-78,-11.2594906266317,1.29081399838224e-45
"Cvel_8311",-9.73146821867993,4.41762075126331e-12,-11.2578757897552,2.66938331607343e-19
"Cvel_25224",-7.33694957648689,1.36363722407127e-29,-11.2478896562461,2.07116176549779e-19
"Cvel_23541",-9.54238995007423,4.43312659198872e-108,-11.2421039692805,1.98771754862893e-45
"Cvel_26438",-11.2345267386628,4.46194563728232e-18,-10.9751987882583,3.01373811009691e-18
"Cvel_3811",-11.2278592412481,2.83007369801377e-18,-11.2224062133969,7.62155587526685e-19
"Cvel_17738",-10.7676279407518,1.51778374685866e-16,-11.2157749092302,3.40528329453587e-19
"Cvel_26631",-11.2093794509718,5.75567385017071e-18,-9.35142490778392,1.70524604070513e-11
"Cvel_24300",-8.55479590592979,1.60374549437956e-11,-11.1855623588091,2.09755150304051e-17
"Cvel_19524",-11.1836046516856,2.89949434840294e-18,-8.80336063312818,3.0522165661059e-26
"Cvel_14856",-11.1730524580364,6.98680999139913e-18,-9.51038428426207,4.9246025790015e-12
"Cvel_32969",-10.5106110113577,4.42579427738891e-15,-11.1669372655494,1.36235011430156e-18
"Cvel_13306",-10.6040543650982,4.8622179854836e-13,-11.1611745308183,6.27927166856246e-17
"Cvel_19526",-9.83384705039763,3.13721721061072e-35,-11.1591945656066,1.30483215694126e-24
"Cvel_16683",-6.95927667340192,1.14910796016995e-11,-11.1475689122542,3.90445775820318e-18
"Cvel_13305",-11.1253217893562,5.87774624052525e-15,-7.7843700979671,1.88767749727522e-23
"Cvel_8684",-10.4780073104553,1.29294375299902e-105,-11.1180293555095,1.2188921325844e-83
"Cvel_910",-11.1158515135354,2.78033696942361e-17,-4.86391809532095,0.00542840896664702
"Cvel_3434",-9.07504057555168,1.56551097697434e-54,-11.1101770225421,6.74917497493828e-25
"Cvel_29913",-8.00164871666671,2.63482215636996e-12,-11.0865300254275,1.72593205043461e-16
"Cvel_28052",-9.1691565016714,1.07315976964785e-15,-11.0848244896613,2.51310819071683e-18
"Cvel_8667",-9.87815451490452,2.22814794817838e-12,-11.0803523064602,6.4046379217503e-18
"Cvel_20688",-11.0451290881008,1.19245729680023e-17,-10.3492011243188,8.65873953340506e-16
"Cvel_23587",-11.0382154821511,2.84241453980113e-16,-8.74336835750114,2.86865618123245e-10
"Cvel_2567",-11.0230868371298,2.53556155656955e-17,-7.42828220851272,4.77774622384336e-30
"Cvel_17737",-10.6230758048911,6.8237851414135e-16,-11.0025066682183,3.42864575146867e-18
"Cvel_21123",-9.90522958981158,1.75177272904812e-12,-11.0008648948149,1.99944998810484e-18
"Cvel_27181",-10.9070697691739,2.90407614311185e-16,-10.9958262677018,2.04612508353552e-18
"Cvel_5737",-9.77936209388029,7.74371265114372e-14,-10.9920041561221,5.18433442088692e-18
"Cvel_20997",-10.9843433651444,1.17539374916346e-30,-10.3937028825298,1.14763089006161e-47
"Cvel_18986",-10.9830094834734,7.1947693753864e-17,-9.67566258658934,6.20499916130304e-32
"Cvel_17466",-10.9611604455016,5.52852375788531e-24,-10.2666836862486,2.81959690084319e-40
"Cvel_9492",-10.6218264923453,1.04309696989597e-15,-10.9507775533989,3.28720110170163e-18
"Cvel_12834",-6.3404749123391,7.36179799131295e-14,-10.9481877617084,9.30255936097938e-18
"Cvel_3812",-10.9354622511343,2.99392114352573e-17,-8.9229013707862,1.62054619792408e-15
"Cvel_18187",-10.9301415985034,5.83486035424605e-16,-4.46551838816958,1.94355343547914e-12
"Cvel_36219",-10.9115688770334,1.5934585854904e-22,-9.98628407533201,1.39909325525335e-36
"Cvel_25403",-10.8894887402327,2.1091005438588e-14,-10.2300896451696,2.89397992157375e-15
"Cvel_16902",-10.8878266871104,7.84284395095502e-17,-9.61686998845352,3.01333728258269e-13
"Cvel_1529",-9.90186639524756,4.61926461046539e-13,-10.8776486199337,2.3476034789858e-17
"Cvel_9245",-8.52084252159579,1.02911074330453e-12,-10.8755969655417,1.49726931388184e-17
"Cvel_8947",-10.8672784643398,6.15419832246138e-45,-9.38142984056591,1.71171871356973e-75
"Cvel_19333",-10.8671045680878,7.19653887432477e-16,-10.395334632714,2.59094526905307e-16
"Cvel_10028",-10.7319676701012,2.01227237545407e-16,-10.8650986265845,5.89355213662212e-18
"Cvel_27574",-10.8584631956344,4.01321125724821e-41,-9.81770829546534,8.28691062613788e-18
"Cvel_1557",-5.41977332557438,3.56210758482376e-10,-10.8492987291405,1.47631517284727e-17
"Cvel_27451",-10.8463004919029,3.20304419737629e-16,-9.91361610330313,1.69469663162471e-14
"Cvel_28394",-10.5095499950918,1.52071991775768e-15,-10.8430443750432,1.11826727884964e-17
"Cvel_23118",-10.8229807586903,2.13465754314199e-15,-10.8337184196178,7.008725954714e-15
"Cvel_12381",-10.8296382241996,2.26526562948425e-16,-7.440785820928,2.59621450653255e-23
"Cvel_3927",-9.66396915462936,3.8114748173457e-12,-10.7951724614557,7.22509654532108e-17
"Cvel_35654",-10.7947853884126,5.99699369932174e-16,-10.7855912604256,6.91999537987116e-17
"Cvel_8198",-10.7771575430488,3.22158732135889e-16,-9.8614492742104,2.68527022872423e-14
"Cvel_12857",-10.7652998974837,1.99992909126354e-16,-9.51910671929418,1.8454724706878e-17
"Cvel_24813",-10.765168828955,8.30928992805706e-81,-9.77594763943371,1.55811106650365e-77
"Cvel_24670",-9.90237761026743,1.82000574247021e-130,-10.7587840173782,6.17806342417352e-84
"Cvel_17485",-10.7583051078146,4.1657496822996e-16,-9.09510042444419,1.29772116722995e-11
"Cvel_10899",-10.7558109945713,6.93362520507675e-15,-7.83628862496316,1.15934394107472e-09
"Cvel_8666",-7.73068895202782,2.63531489183667e-09,-10.7530134587108,3.47866663015411e-17
"Cvel_30751",-7.63850379579504,1.84458644808504e-24,-10.7418326446225,1.22729569690976e-17
"Cvel_5548",-9.29016452057996,3.41477793640056e-12,-10.7403691305213,1.72876195643422e-17
"Cvel_33784",-7.62115121719972,4.96859164554485e-79,-10.7145597213602,3.20757710145679e-62
"Cvel_13155",-8.93038211490657,1.60070274058867e-10,-10.7124240073193,1.02442903604197e-16
"Cvel_3810",-10.6852907948306,3.85912866512545e-16,-10.7112460357298,7.27319690169277e-17
"Cvel_22545",-10.6749155918333,6.9286122766112e-22,-9.01040717602712,6.31609137276218e-28
"Cvel_27340",-10.6532530750839,6.25586400797893e-16,-8.39969532975165,1.38221289040972e-22
"Cvel_15150",-10.6485551375413,3.19985169227486e-14,-8.4093329803835,3.08892211885406e-22
"Cvel_26499",-9.52074227953675,1.2547710902025e-105,-10.6251254715164,6.96793956721538e-67
"Cvel_22916",-8.64565302023792,9.23089507120187e-15,-10.6242378473455,1.07843431931346e-15
"Cvel_15323",-7.91915071723011,2.95160613217109e-14,-10.5958452439328,2.05580293640962e-14
"Cvel_4728",-9.27530332838094,2.06761027727667e-09,-10.5842492260285,1.460294584134e-16
"Cvel_5133",-9.23581108090117,1.1674354942628e-15,-10.5790840162862,1.96953964044397e-16
"Cvel_29724",-10.2211879128463,2.04104442320458e-14,-10.5720738525399,2.20928307795417e-16
"Cvel_21074",-10.5707877291266,5.19775514561163e-15,-7.62184647159438,3.22439186783977e-19
"Cvel_33768",-10.353190643862,1.16669315704134e-98,-10.5595618053713,1.00718187145355e-124
"Cvel_8078",-10.5348052124327,3.59591165174599e-15,-9.65788199043248,1.56537175937909e-13
"Cvel_15122",-10.5286477003601,2.38461673278996e-15,-9.62852497843439,6.22607149447422e-13
"Cvel_22360",-6.84645030552393,3.71839581118578e-17,-10.513340087434,7.59694952571e-16
"Cvel_12923",-10.4986975426433,2.27682397580385e-15,-9.65752501344999,3.20301833755657e-14
"Cvel_6998",-7.35625511431332,1.38344870967052e-34,-10.4885109512626,3.17539451741243e-16
"Cvel_20866",-10.4782711088076,7.15091717027915e-15,-10.2206925622228,1.59761533059234e-15
"Cvel_8286",-10.3206925675232,1.06573267962464e-14,-10.4629185195321,1.0265919770011e-15
"Cvel_22757",-10.4553253818185,2.39038406623915e-15,-8.1098153242241,1.74421794351787e-06
"Cvel_35766",-10.2619039999615,5.50136701675226e-37,-10.4524310560214,8.4334305132345e-40
"Cvel_15212",-8.50928426340416,1.34768001354538e-42,-10.4392885654971,5.73074227563092e-40
"Cvel_11757",-10.4375144511436,8.05446644274747e-15,-9.97235356958978,2.57700451934865e-14
"Cvel_34073",-10.4372746431761,3.21144648354144e-15,-8.70648380114189,7.0548528330859e-28
"Cvel_14260",-5.03676077171882,5.95477326172253e-13,-10.4235161338745,3.37443143021956e-16
"Cvel_12855",-10.4233515449679,1.19228563793753e-39,-10.2572377361869,3.99957603583426e-50
"Cvel_11821",-10.0228353094307,4.83069207520615e-12,-10.4191795788314,1.1637779463699e-13
"Cvel_14988",-10.4180141812778,1.41876582240769e-14,-9.83891299359531,4.34400857610923e-19
"Cvel_1519",-10.3957684673912,2.94198953206605e-14,-9.54528614489947,2.95046032052483e-11
"Cvel_4452",-6.83081168221648,9.37879002105992e-12,-10.3900250832811,6.13150934002799e-16
"Cvel_25557",-10.3890242917264,1.27966997194593e-14,-10.1902150658709,5.69385591318757e-15
"Cvel_16748",-10.0804276555636,1.63929900268745e-13,-10.3808983522895,3.68871334972676e-16
"Cvel_13296",-10.3743009430288,7.60739499326903e-15,-9.0487563204056,1.95978110708077e-11
"Cvel_16402",-10.3730797015486,2.81006091523581e-13,-9.32883552799272,2.1668401433416e-16
"Cvel_18724",-9.69255087080029,4.58913185118121e-12,-10.3625602404041,9.8363955889641e-16
"Cvel_865",-5.91677319755658,3.14053015762896e-235,-10.3489664219518,1.16703368174714e-116
"Cvel_6223",-7.76061233994521,1.33600090038147e-09,-10.3401486078727,6.53137009405357e-16
"Cvel_29725",-10.0484461139853,1.0482520409786e-13,-10.3380483569123,4.95554845738719e-15
"Cvel_25668",-8.27886063581775,8.63938837757203e-30,-10.3354017936521,1.21056840381301e-30
"Cvel_28529",-10.1446463691709,1.13344182513913e-13,-10.3001568592198,4.44976355387615e-13
"Cvel_30954",-10.294498627989,4.41329945264804e-15,-10.2101411232635,1.57288344245942e-15
"Cvel_16418",-10.2919884579716,1.31422315216668e-15,-9.6089079197949,1.35909145529232e-18
"Cvel_2088",-10.2850261533283,1.212693019198e-14,-4.91626499763158,1.45252564360696e-23
"Cvel_24575",-10.2817949641525,2.85482387668107e-52,-10.0781914017185,5.5637088034055e-52
"Cvel_32486",-10.2646543730692,7.22516518950183e-14,-7.95661542663778,3.67162001272003e-11
"Cvel_26439",-9.45781997116926,1.4095749935248e-12,-10.2626688060677,1.13083019781137e-15
"Cvel_20857",-10.2552075138269,3.66039134050707e-13,-7.41805518689773,6.23056739547557e-06
"Cvel_7815",-10.2545207838258,1.09203052544701e-13,-8.58075078075974,2.87589787180749e-14
"Cvel_5515",-9.57409336072653,1.403486465374e-09,-10.2230032275013,2.81264849186753e-12
"Cvel_18217",-10.2193389462688,4.95282216246033e-12,-6.35102120400189,0.00144138785970016
"Cvel_9045",-10.1967754867549,1.88272807956817e-37,-9.69271858873973,1.60988587300972e-50
"Cvel_24076",-10.1945013284767,1.18121683416321e-18,-9.02491362448515,8.34832070402342e-30
"Cvel_26345",-8.95121402283724,2.19431139688329e-27,-10.1926672136439,1.34762115491027e-20
"Cvel_26373",-10.1729944979283,4.60982826941612e-13,-9.90547421577115,2.937715631298e-14
"Cvel_29980",-10.172444820302,9.40773557145105e-14,-10.0946836059698,2.68730892034808e-15
"Cvel_13373",-9.61768333829149,2.34285642011757e-11,-10.1663709901909,7.69347444743856e-15
"Cvel_1581",-8.89689896144942,7.80740523817723e-58,-10.1631907702448,3.08024062581844e-69
"Cvel_19525",-8.54886824474872,2.72896677358412e-31,-10.150194469096,9.6920461673723e-21
"Cvel_31087",-10.125056553611,3.41368163449561e-13,-10.1477498920819,1.95046265796974e-13
"Cvel_3176",-10.1424400049091,2.70412432518958e-20,-9.57263621079572,3.05474388292419e-26
"Cvel_34335",-8.18441769864797,1.75530901035545e-11,-10.1403038844907,9.64681049044398e-15
"Cvel_7029",-6.63611660587508,1.79756563434814e-09,-10.131484858466,3.99903063817216e-15
"Cvel_28348",-6.09848289847055,1.18782266876286e-13,-10.0896353827781,1.16906156282971e-20
"Cvel_14993",-10.0734911501277,3.14053015762896e-235,-9.92184665912197,9.12361946607515e-107
"Cvel_19702",-10.0706431656788,2.13854913365739e-32,-9.41461819296208,1.21970058995322e-28
"Cvel_8336",-10.0704801947165,2.71431355270505e-12,-9.96820931829143,3.56302919391721e-14
"Cvel_3454",-9.98853638107488,2.24977091862637e-18,-10.0690005584463,1.3472222757168e-123
"Cvel_30181",-10.0378253754459,1.06927852457935e-13,-7.91592217760513,6.74117066554517e-12
"Cvel_15692",-10.0244697924576,3.64465340818717e-08,-9.22588877513927,4.107780703725e-109
"Cvel_29789",-9.13825802831395,1.64728052535777e-15,-10.0154764978627,1.33373293793933e-14
"Cvel_28238",-7.78469495236719,2.74270587391127e-14,-9.99926140909966,1.78543744748392e-14
"Cvel_8709",-8.75959813187282,5.19139173490678e-24,-9.97081522767521,4.38547987604921e-20
"Cvel_1758",-9.30791664819672,1.27746776867343e-10,-9.96533147475682,1.23977511202701e-14
"Cvel_25198",-9.96404308680491,5.13684678212817e-13,-9.84831217481676,2.31171172692036e-13
"Cvel_1586",-9.95619908094699,5.12086279950512e-12,-8.2610218657478,2.38461299824211e-08
"Cvel_20694",-9.86920139535534,8.20314561185314e-13,-9.95365317252429,5.93457946968579e-13
"Cvel_22914",-9.73831680032371,2.86028910865611e-12,-9.93490784746235,1.30771149558333e-14
"Cvel_21087",-9.92952824444456,4.12272965150205e-19,-8.4355737444369,7.49558643524057e-23
"Cvel_35893",-7.59420582137076,6.12981294129669e-98,-9.90625864634783,1.04521337353224e-96
"Cvel_2776",-7.07654384745983,1.40152593427162e-10,-9.90269162430829,1.44352193700278e-13
"Cvel_18185",-9.35779083805629,2.09679413453773e-10,-9.89773695197165,3.93918726157287e-14
"Cvel_3375",-9.88713614189231,7.23369260086263e-13,-5.28460533352988,1.63075994708005e-06
"Cvel_22540",-9.88678540232688,9.00221079467616e-13,-8.49114849923245,2.92059466668827e-09
"Cvel_35274",-8.33891643804498,4.53152363397687e-49,-9.88613514661464,3.69508602637876e-45
"Cvel_4736",-8.75793693956995,1.31761930228376e-08,-9.8778167337614,3.47596644994248e-14
"Cvel_8210",-9.65375013236353,3.98129968805058e-11,-9.8686488606372,2.8621454711131e-10
"Cvel_22149",-9.01826769759192,1.60268667565846e-47,-9.8600863893143,2.18628240322085e-66
"Cvel_9591",-9.84796661445629,4.85812415303966e-11,-7.01535776902117,8.977558291415e-05
"Cvel_9169",-7.63716600046655,7.47164290776964e-17,-9.84557543280967,1.51243702464157e-19
"Cvel_27758",-9.8454256210618,1.19522065957717e-67,-9.22731135551948,8.5210335466214e-82
"Cvel_26368",-7.22560129493478,5.44470599998313e-07,-9.842175161439,3.97360553395175e-13
"Cvel_32819",-9.84077590610891,8.35027811447121e-13,-7.32735669028241,1.47511301756875e-05
"Cvel_16044",-9.81357690034371,5.74573071611159e-11,-9.58710824028767,2.11708474916341e-12
"Cvel_462",-7.6355204059016,1.28880573320858e-160,-9.80615152964856,0
"Cvel_11259",-9.78639816361256,1.43708686515294e-12,-7.82109827630789,3.76783296332176e-07
"Cvel_7272",-9.78024475603909,1.35263458794331e-12,-9.4524561018907,2.51791679584905e-12
"Cvel_34555",-9.27372193368892,1.47545402097792e-10,-9.77199315590239,6.63005954132026e-14
"Cvel_8604",-9.76432829232147,1.53510245561791e-12,-7.05717140987331,1.13532348516509e-18
"Cvel_25884",-9.74993402523407,6.626686597337e-11,-9.33203070004185,5.72735358012695e-09
"Cvel_22571",-9.74956071514042,1.81824116348304e-12,-8.53699836310732,1.95235887793249e-09
"Cvel_10029",-9.25039486114655,4.81016622552247e-10,-9.73761704463919,1.66220676459913e-13
"Cvel_4492",-9.731115162985,2.69724738027936e-12,-8.67264809565451,1.37566105734507e-13
"Cvel_15155",-9.73080202854337,5.4169906358333e-18,-7.98226947795486,8.73176118557935e-40
"Cvel_10709",-7.91504744733211,7.48494983121845e-06,-9.72074566382374,1.75678450306053e-13
"Cvel_7154",-9.70600019381616,2.57543726405077e-12,-7.44230020195155,2.56516578110233e-05
"Cvel_5149",-9.69124808675207,3.79689268904203e-18,-6.62624591720681,3.25183840202227e-13
"Cvel_26437",-9.08084375532968,1.96776903809821e-11,-9.6911794611228,2.54064319598351e-13
"Cvel_36450",-9.69034512220734,6.99582616819908e-12,-9.14443257204791,3.76418609596475e-11
"Cvel_5042",-9.68850784242857,1.70726990214683e-11,-8.00431088671876,2.15269362665126e-07
"Cvel_28164",-6.1439025223508,0.00019139252001418,-9.67959552658446,3.45827797614044e-13
"Cvel_8337",-9.67910175585454,1.05866473683086e-10,-9.54096773783461,4.63704566110674e-13
"Cvel_3435",-8.24327600316529,1.9850732083315e-60,-9.67622845977913,1.17155309611122e-46
"Cvel_2259",-6.59862128837571,4.24627958798824e-09,-9.64583045916419,2.62238661598478e-13
"Cvel_16401",-9.64193706113276,1.65716165989779e-10,-8.65391734260754,1.40407839025809e-13
"Cvel_35513",-9.64010699329308,1.61132022595988e-148,-9.20591990991061,1.88383703087301e-51
"Cvel_4820",-9.42952524153693,5.3067628876483e-61,-9.62667346641589,8.68734073421688e-73
"Cvel_2087",-9.62636789428734,8.10428208773876e-12,-5.23164895828019,4.16222789248214e-24
"Cvel_7894",-7.24557981521623,7.29622952124492e-08,-9.56636867207551,3.3699283779978e-13
"Cvel_3603",-5.94072673283115,2.70626920384954e-18,-9.56444689042108,6.03145889677114e-13
"Cvel_27462",-6.5271622857857,3.55111772922709e-35,-9.54824021827272,8.09213296832844e-18
"Cvel_26016",-8.29351243057254,1.32213996856593e-11,-9.53289638542803,5.4561332334068e-13
"Cvel_15263",-7.32695155658855,1.62147174757881e-07,-9.52189137609064,1.03299389012051e-12
"Cvel_2173",-6.19565238144912,1.1503335034556e-13,-9.50763386639855,1.94909879633237e-12
"Cvel_12288",-9.2765409178785,1.33027239543373e-08,-9.50192352502499,3.20338036490224e-12
"Cvel_16121",-9.47870515857685,4.85421353030384e-11,-9.27197918690368,9.28397384168304e-13
"Cvel_28530",-9.47223416797306,4.53803549188639e-11,-9.30736901915484,2.37680760997753e-10
"Cvel_11999",-6.36921850246158,1.30178032580529e-07,-9.46865134478694,3.10919013982298e-12
"Cvel_30928",-9.4593189494219,2.22335151199192e-11,-4.67128614219899,4.03497694983537e-06
"Cvel_4727",-8.81522416020884,1.51469670917513e-08,-9.45034048736217,1.45469468987767e-12
"Cvel_22570",-9.44769781744858,2.8399198655611e-11,-8.93112770922182,6.26318691520895e-10
"Cvel_23932",-3.53591542839445,3.79834016755269e-05,-9.43404538023533,1.38613276493388e-12
"Cvel_26096",-8.23741827496067,9.04758814638879e-07,-9.43264470148244,1.37953885040112e-12
"Cvel_26095",-9.42473523072282,1.22327457967403e-10,-8.28217140404282,9.33211258887548e-13
"Cvel_27740",-8.62887720787088,2.42027067922013e-25,-9.42037848302217,3.33722270217054e-17
"Cvel_10932",-9.41769306300748,5.07804197959136e-11,-7.99159649171437,7.31032859769511e-12
"Cvel_27761",-9.36325615971463,1.20652436423104e-43,-9.13803020671004,2.89222469906168e-57
"Cvel_16682",-7.43999906233738,1.23017886832589e-35,-9.35259219069857,3.45105212981485e-32
"Cvel_4726",-8.54911425819365,2.26362113021544e-58,-9.3485394228283,2.0921017436634e-54
"Cvel_14773",-8.63632339045439,5.30146060743349e-08,-9.34801118385202,1.36572623038544e-11
"Cvel_2359",-9.34284934852946,1.91081513368906e-10,-8.41162488858269,4.02787029970378e-09
"Cvel_4659",-7.76790868758143,4.32048371050556e-05,-9.34189943676926,3.64841940205603e-28
"Cvel_13326",-7.82447968775865,4.42065462779804e-50,-9.33959289755663,4.45397111667741e-44
"Cvel_17229",-8.26025516583977,1.20062065838923e-06,-9.33299895635944,2.45573972690483e-12
"Cvel_18299",-8.46514673547371,2.89691991752615e-07,-9.32072218802363,1.02012770347041e-11
"Cvel_11258",-9.31918135852199,1.69226412235486e-10,-7.79227388889039,9.74978539159471e-07
"Cvel_5757",-9.31516091685462,8.81377722749643e-65,-8.03081151802792,3.92532106905305e-34
"Cvel_4804",-9.30938700816041,1.26910126493752e-57,-8.66850102083331,1.02309058413121e-70
"Cvel_11127",-9.30728783976676,3.67577145149493e-10,-7.40069403874448,2.77810008645463e-20
"Cvel_13965",-9.30059752432772,1.4068001562634e-10,-8.63644017328472,6.04116543152718e-10
"Cvel_8683",-3.5694053163526,2.93183186851746e-05,-9.29972916184167,2.50380302289011e-12
"Cvel_14980",-7.0991583558333,7.54367231136698e-07,-9.29689075107383,2.21995319404053e-11
"Cvel_15352",-9.29297615240917,1.01315885495942e-13,-7.37116597338836,4.05571138451408e-27
"Cvel_25426",-9.2887840829519,2.45272600189925e-14,-6.86403799063902,2.14233533730342e-37
"Cvel_15746",-9.28611354530764,4.25424157677885e-10,-8.49139422250898,2.73901108437447e-09
"Cvel_14671",-9.27160569254978,2.47644234631497e-10,-5.78556647923525,0.000123250450146671
"Cvel_28308",-8.11165065028244,1.78920268391375e-06,-9.25398811342507,2.33765091453887e-10
"Cvel_29296",-8.67009856588552,4.86424443884132e-08,-9.24943782750809,5.9397859677586e-12
"Cvel_8287",-5.02327519059223,4.50670739328307e-31,-9.23947393994694,3.07347134495164e-45
"Cvel_1556",-7.01011977820852,1.32518204117759e-12,-9.22911078194679,5.82211919370172e-16
"Cvel_2777",-8.54495694183867,7.80766903434262e-12,-9.22884789661081,1.55210469834542e-12
"Cvel_25681",-9.19973599197458,7.73787147962351e-09,-6.8750785997229,3.05625613317034e-67
"Cvel_19276",-5.79229254770805,1.1697022463356e-06,-9.19106667530255,1.15976020105618e-11
"Cvel_17830",-9.17438758259141,2.35215783275526e-09,-5.33908963699438,0.00359099715735337
"Cvel_11906",-8.32249135854398,4.90174184632873e-07,-9.17417200749987,1.18657437013338e-11
"Cvel_32968",-9.17001241085608,1.96320723574095e-11,-7.67650142541279,4.47231660527666e-23
"Cvel_8886",-8.92757304267135,3.01828370660174e-09,-9.1618268919942,2.54284121466206e-11
"Cvel_18298",-9.15845305944936,4.20525041673448e-10,-7.16091468656942,8.2033634151799e-17
"Cvel_26370",-7.92705297669498,2.5183873807589e-23,-9.150679242465,5.97435924862046e-30
"Cvel_10732",-8.09111444944999,4.08086193197344e-65,-9.14657223028634,3.08802877847504e-202
"Cvel_18271",-9.14269936179514,2.02235251174277e-09,-8.79289885516716,2.38263208877017e-10
"Cvel_13257",-7.87469091153254,1.07122290280585e-05,-9.13037421290002,4.23782192883218e-11
"Cvel_32485",-9.12465369259767,1.22327457967403e-10,-6.0983979690432,1.40378009501174e-16
"Cvel_2680",-9.11910364750102,3.72820013038838e-09,-8.42053363682294,4.96691936757124e-08
"Cvel_5547",-5.66356092695483,7.38113119531861e-13,-9.11381452420395,1.32249405780075e-12
"Cvel_11822",-8.9955163605977,3.0801687092661e-09,-9.11364851118208,1.2189203164406e-11
"Cvel_34871",-7.797906068877,1.18800920755591e-19,-9.11012269092796,1.62894378812815e-29
"Cvel_26094",-8.46273548375936,1.82982408731217e-06,-9.10251878927151,5.08921103971717e-11
"Cvel_13818",-8.79564275717624,2.53311273292919e-36,-9.08243391343438,1.46844003663923e-29
"Cvel_3177",-8.05623345405726,6.1274071110758e-19,-9.04565136607757,4.06439303166403e-15
"Cvel_9352",-8.29282435005759,2.07365946368235e-17,-9.03570578228963,2.73743771007051e-23
"Cvel_19275",-8.07740211300721,2.84224168918357e-06,-9.03440375107415,1.15322254301985e-10
"Cvel_25558",-9.0291299299203,1.678345711824e-09,-8.79617450174693,6.13469552761706e-10
"Cvel_22496",-9.01257904609593,2.67747560769244e-51,-7.53130302591424,3.37529108995609e-76
"Cvel_30033",-9.00784993465055,5.1232988970582e-09,-5.05316638988614,4.99334754638089e-09
"Cvel_16403",-8.30287144752057,1.90249470412407e-06,-8.99541190196187,3.92159386181334e-11
"Cvel_27341",-7.11781251425539,1.6342988904195e-07,-8.99458349514492,7.34634983875815e-10
"Cvel_23822",-8.99232846906787,5.86303436353233e-09,-4.99603422026639,9.80661322171276e-07
"Cvel_16043",-8.98876717014963,1.02116527125563e-08,-6.3404698521841,5.80121615901642e-10
"Cvel_19179",-8.97546696059038,2.21544980329924e-06,-8.40278994995019,2.65997652685024e-05
"Cvel_5514",-8.44238491351915,4.65174106514699e-06,-8.95855600735269,8.93222829160964e-10
"Cvel_6523",-8.9547360087976,1.05193712157299e-14,-6.45788127051199,1.4834818098422e-24
"Cvel_13774",-8.94349274692228,3.04966378336588e-09,-8.66022282433141,4.45890457882572e-09
"Cvel_36494",-7.59915473389002,8.13984327124381e-05,-8.93882960323164,8.58971999321143e-11
"Cvel_21647",-8.12471248160275,3.13868061938348e-06,-8.93785449100559,8.52636502808417e-11
"Cvel_13263",-8.93070619900911,1.09239268854656e-08,-7.68152900189158,6.43173166627325e-11
"Cvel_14953",-8.92032421182691,2.65144906485588e-09,-7.70615901895683,4.23782192883218e-11
"Cvel_27739",-8.91742339583566,9.83812346117763e-09,-5.76046034849297,2.80918729346907e-12
"Cvel_3813",-7.57772052013586,5.12104012398058e-53,-8.91413638322883,1.01218211626895e-28
"Cvel_33270",-7.40938210057701,2.448659589997e-94,-8.89847445185774,1.63827967577645e-33
"Cvel_9571",-8.89536334592858,6.5762734190629e-09,-7.45396016535587,3.49564092505796e-06
"Cvel_33271",-8.42676922586216,1.18906290683603e-119,-8.88866156303728,8.13658582138471e-191
"Cvel_13832",-8.88476955260306,4.12037228448451e-09,-8.03030866263115,3.1341846922133e-09
"Cvel_31837",-7.93908384242031,9.66825508030516e-06,-8.88180470711052,2.88908078122393e-10
"Cvel_22197",-6.76587316165667,6.30613933594088e-11,-8.861271512978,1.9217206539069e-15
"Cvel_948",-7.80170462409547,2.13367228199967e-05,-8.81598536120964,1.98695335454875e-10
"Cvel_28309",-6.6399937994443,0.00580947195968061,-8.81408263775226,5.90842343767466e-10
"Cvel_5669",-8.80978917226795,8.23856481823412e-09,-7.0257664020884,0.000281244103106276
"Cvel_18650",-8.80943334025322,2.74307979079368e-07,-8.49151219895689,5.95381497251155e-09
"Cvel_35010",-8.80684806074216,3.62042600532503e-08,-6.2905177244115,3.64646031386073e-06
"Cvel_19762",-8.59722767610905,3.26047885529786e-26,-8.79999652755816,9.99095026239176e-28
"Cvel_15694",-8.74755956620547,2.50634560710228e-10,-8.79229285329441,2.11528426712487e-10
"Cvel_16045",-8.68405474565149,1.35640679636468e-29,-8.7859834047525,2.1069313521056e-22
"Cvel_25902",-8.78399200486885,5.45778815394098e-08,-8.75578918535891,4.19188596434601e-10
"Cvel_25860",-8.58157225234613,6.22863196444816e-07,-8.7829334398133,1.21315303609245e-37
"Cvel_11629",-8.7769832596212,2.70644545449992e-08,-8.09681633537201,1.54589137879202e-12
"Cvel_11126",-4.27384965797769,0.000180042920023344,-8.75890964503735,3.21210509274532e-09
"Cvel_23229",-8.05493319999082,2.536900070575e-06,-8.75566787591289,7.37448991901268e-09
"Cvel_24429",-6.89461280222099,7.84284395095502e-17,-8.75003184549586,6.09470204253609e-14
"Cvel_22199",-8.73496773753724,2.97704207094352e-08,-7.80341442820911,2.27943879173023e-10
"Cvel_512",-8.73165806177097,3.35890493706546e-13,-5.35724234607306,4.8694906043552e-09
"Cvel_1270",-8.72148421199066,2.81197193710342e-08,-3.79047570224656,0.003669657701204
"Cvel_22226",-8.71939908114327,1.6342926201404e-13,-7.78582575447388,4.17648392140234e-07
"Cvel_14432",-8.13970084827855,8.67688609315607e-122,-8.71843289813624,3.91922310686471e-82
"Cvel_19823",-6.01853143904212,1.30111188418562e-06,-8.69754566151484,1.15777702875851e-19
"Cvel_10938",-8.69648443949284,1.72271103537603e-07,-6.91507170595892,2.44117827254336e-08
"Cvel_26555",-7.96378657912102,7.55512677057687e-10,-8.69572424467092,1.01882135705881e-09
"Cvel_21076",-8.36988270909998,3.42621647964768e-07,-8.69057625448112,1.54058776144376e-09
"Cvel_25901",-8.68492773412414,3.64756060049269e-08,-8.68553015354051,8.0253229415367e-10
"Cvel_15875",-8.68130754738062,2.28416580723014e-08,-4.80592768859222,1.75544065795566e-17
"Cvel_28349",-8.6786742358443,4.67055310092909e-08,-8.4269785043408,3.41729740955282e-10
"Cvel_22409",-8.67436973902544,5.10715408428223e-56,-8.67784580409879,4.6234782980482e-171
"Cvel_29837",-6.80914335289273,1.7884595501432e-06,-8.66378573295537,1.81850613088318e-09
"Cvel_27365",-8.6619024061414,2.491574204077e-06,-5.06871770578819,0.00475327887168032
"Cvel_3765",-8.65622688633701,1.97107223482854e-07,-6.70313024398583,6.30643855466187e-07
"Cvel_7814",-8.65260826224307,1.44728571928374e-07,-8.64997070611963,6.19666203788663e-10
"Cvel_890",-8.64786873594105,1.40475158569255e-07,-3.99237521575633,0.0311033657036127
"Cvel_12122",-8.63994873227496,5.46794071576183e-08,-8.13378132182708,5.26717266190287e-08
"Cvel_16960",-7.89953312505224,1.64143777444914e-11,-8.63755114299916,6.00874799077071e-91
"Cvel_15324",-8.62777175538589,2.20805112387518e-30,-6.30443573569158,1.7239287480387e-28
"Cvel_15059",-8.61454634705232,1.55004583735982e-07,-5.52551038934519,9.82830163275964e-09
"Cvel_10807",-8.58544964897679,6.44016123283617e-16,-7.06548799970577,4.09624253578432e-28
"Cvel_14065",-7.80381647184994,1.5345957358625e-05,-8.55933114106379,8.93119754591462e-10
"Cvel_36495",-8.47880157285074,1.77704629993516e-07,-8.556983036559,5.09208840266931e-09
"Cvel_22148",-8.54655936315748,1.91637592169945e-40,-8.16916419213486,3.71883195669811e-90
"Cvel_866",-3.12047510096162,2.68044698677806e-21,-8.5263627456712,1.44678330519054e-37
"Cvel_16795",-8.5173646060234,2.81674344154984e-07,-6.08620883756375,2.51210662467635e-08
"Cvel_13295",-8.49346713236862,4.17604873309196e-35,-6.59010108159312,1.82221975660421e-25
"Cvel_4560",-8.49238484856165,7.59370191283443e-20,-8.31108575651813,2.15628974711287e-30
"Cvel_33635",-6.3444916085912,7.39635456987687e-05,-8.49207350057359,1.52066687906408e-09
"Cvel_2965",-8.4890558992413,5.71966046365972e-16,-7.70659572912032,1.52409035790094e-17
"Cvel_15801",-8.48845209755435,2.38254890700729e-07,-8.01233458733409,1.11872293237473e-07
"Cvel_9788",-8.48581209989458,4.47370757159365e-36,-6.45624104046174,4.43367295055257e-31
"Cvel_22996",-7.20536265570247,5.53054461461251e-21,-8.48392053838145,1.71076413645067e-20
"Cvel_25425",-7.6038721071624,1.36513461755592e-25,-8.47911109493452,2.68198293285271e-20
"Cvel_9243",-7.69310635419232,3.7154153023973e-05,-8.47542891729875,4.0065581161609e-09
"Cvel_10407",-8.47524930756816,1.2921624825616e-07,-7.12919990315792,3.45657276534277e-05
"Cvel_16522",-8.47289139689685,2.14007505893859e-06,-8.12272372103731,8.75439309102153e-06
"Cvel_27496",-8.47096541307121,2.47040763582327e-24,-8.34149712827141,3.20104151571078e-10
"Cvel_17817",-8.47096403094199,7.30481031939634e-13,-5.31248182521999,1.08479276875929e-12
"Cvel_17772",-4.792886577495,0.000137833702292574,-8.4631752936365,1.96908841789501e-09
"Cvel_22088",-8.46076870702175,1.22247581808409e-07,-7.68668562190295,1.39843957358095e-06
"Cvel_8888",-8.45911680549927,1.28250276455849e-07,-8.22535428362477,2.08010948945225e-08
"Cvel_28400",-5.53968611110654,2.18990021064055e-07,-8.44447635032685,1.19494862524102e-08
"Cvel_34336",-5.91413293033415,1.19461326741189e-20,-8.44117564348499,2.01652611302394e-23
"Cvel_21830",-7.63251981002336,1.57421322020477e-08,-8.43766016070042,3.32185745008149e-11
"Cvel_4730",-7.70908397533083,3.76114267932179e-05,-8.43295388779506,1.19463269840173e-08
"Cvel_10708",-6.86692992954826,0.00293362394549705,-8.43274483695447,4.74548938206634e-09
"Cvel_21645",-8.02099562573467,3.86777272623803e-06,-8.42993641069305,4.20016450425165e-09
"Cvel_29999",-8.33264255621711,3.30157272628376e-07,-8.42756048106858,5.53797921647769e-09
"Cvel_15886",-8.42700702914027,1.50497621372192e-07,-7.77055143952145,2.92959371836179e-06
"Cvel_12898",-5.83216419606417,2.11021423051535e-10,-8.42498287387723,3.22774559262778e-13
"Cvel_22968",-8.40103309546756,6.11368317883461e-23,-5.93096994848421,7.2870734475833e-14
"Cvel_23898",-8.39264363702253,7.45077387427407e-32,-7.57579333597244,1.28219722839819e-26
"Cvel_10295",-8.39192945941964,1.77979760277672e-06,-7.65100060928501,6.74539118721453e-06
"Cvel_26687",-7.86978085563746,3.30310608332325e-05,-8.38826136852365,6.90689173679762e-08
"Cvel_23854",-8.38332603298109,4.85341665134365e-19,-6.80664021338359,2.81835014586676e-42
"Cvel_19722",-7.69684381990205,0.000107473176385672,-8.38322894223885,1.99975646167874e-08
"Cvel_34922",-8.3815077173374,3.14009627914998e-22,-7.1589828352308,3.38614980054032e-32
"Cvel_23531",-5.51879218735451,7.17268733617016e-05,-8.37959334435519,7.59582635706920e-09
"Cvel_2468",-8.37487734279322,3.24467120913253e-07,-3.31437616737,0.0176033596618764
"Cvel_32279",-8.21511110585124,2.4259805050341e-06,-8.35433281773351,6.69455804602129e-09
"Cvel_30487",-8.34821746184828,4.94871598503871e-07,-8.1040080536309,2.40539558102409e-07
"Cvel_5949",-8.33402761385545,3.28217665041062e-07,-5.48189214828129,4.48927404688796e-07
"Cvel_27438",-7.86705420013179,1.44637999082041e-17,-8.32605770964111,8.61470396646698e-19
"Cvel_10660",-4.54205732972083,3.28836465811073e-41,-8.3208393713731,3.98069733948719e-24
"Cvel_21731",-8.30405323991788,1.41473417411585e-64,-7.19392345283061,3.60827569330677e-104
"Cvel_23800",-8.29509987242266,6.3940544607003e-07,-5.46586499799844,5.6841415875668e-05
"Cvel_12380",-8.28508151278428,1.01930332849988e-06,-6.22746225497795,1.37673524902069e-05
"Cvel_30485",-5.05792157603445,1.39389129631126e-05,-8.27770267263472,8.61304544068937e-09
"Cvel_18440",-8.27561184764892,7.55320826691194e-28,-6.52683488893434,2.09509923789058e-13
"Cvel_3476",-6.91935201851328,3.90166795045934e-26,-8.2620334709918,1.68556359409232e-52
"Cvel_1271",-8.26182737348155,9.49480683105516e-07,-7.25369265325928,3.86672836722518e-05
"Cvel_3056",-5.25308505575599,0.0091346007364356,-8.25670837826111,9.53660248532312e-09
"Cvel_29338",-6.86996817303164,0.00263115038151381,-8.25256366814595,3.32506020591234e-08
"Cvel_7167",-8.24585030574268,8.94095683827208e-07,-8.1868725506202,4.36073114046128e-08
"Cvel_8466",-7.92875322047649,1.23247705051687e-131,-8.24013676560727,1.44803489162984e-242
"Cvel_22739",-7.83714324998647,9.81622534436806e-05,-8.23884068189641,3.37611239495028e-08
"Cvel_32936",-8.23866918190416,9.83900234906391e-07,-6.17062478831053,1.47379373636701e-05
"Cvel_19240",-7.10848593477573,0.000758934036539077,-8.22693421914915,1.38853451994222e-08
"Cvel_33931",-8.22019057802377,1.02427034880933e-10,-7.33511622506604,2.02387584374238e-18
"Cvel_3178",-8.20083237250228,5.86543788535811e-11,-8.20255625025213,3.97028141643761e-11
"Cvel_17315",-7.04572164169473,2.77970621815196e-05,-8.19304549546299,2.32405611709709e-08
"Cvel_18952",-6.71468457828707,2.18056377005148e-18,-8.18282576407297,7.41740347712819e-34
"Cvel_27641",-5.98129375928718,2.19619094995695e-40,-8.1819299536154,1.78713009939517e-25
"Cvel_26369",-8.16860393934972,3.67775943052793e-13,-8.00416118735217,1.73652413325109e-30
"Cvel_15205",-8.16068332640422,2.5970196609637e-11,-5.06369315113955,1.85951990571219e-08
"Cvel_6753",-8.13791281644637,5.05987853162299e-25,-4.32051748528817,5.96909894189146e-09
"Cvel_19223",-4.32890015704616,1.46269054643408e-07,-8.13661950605706,2.35538297846196e-08
"Cvel_25713",-7.03105785435362,1.69223857565886e-13,-8.12613128013232,1.81473392077397e-12
"Cvel_18745",-8.10824491944853,1.99678988545357e-06,-8.11898678247768,2.80829645988155e-08
"Cvel_29215",-5.23816429494613,0.000306653155971615,-8.09972937498583,3.28224220837657e-08
"Cvel_13360",-8.09710940418336,2.61248018906126e-06,-7.70135526204159,5.48759491005029e-06
"Cvel_9771",-7.30167555882764,0.000324635525326585,-8.09210732819984,6.62350128614655e-08
"Cvel_20695",-8.08682705162304,4.4806149574251e-06,-7.67036901442399,9.73136007213627e-07
"Cvel_21134",-7.45377808878739,0.000151743971193885,-8.08559747034151,2.62357733348335e-06
"Cvel_4453",-6.61687279829459,6.68530293640193e-08,-8.07772824458014,1.69395861827301e-20
"Cvel_769",-6.68839026604754,5.54853166447968e-08,-8.07561796013588,8.33622103159733e-09
"Cvel_3928",-8.07020696730634,3.29953450135532e-06,-6.73632171201963,1.45713980871586e-07
"Cvel_22098",-7.72790006298209,3.94690521874484e-05,-8.06173918964301,6.80484433404333e-08
"Cvel_26328",-7.45865922013947,0.000189114744247715,-8.06160441217326,5.40290742425533e-08
"Cvel_19866",-8.04779617676671,1.77604210890529e-97,-7.37028112308865,3.35834350068347e-93
"Cvel_7897",-4.82967275623509,0.00111163076729763,-8.04187730223062,1.32074828312591e-07
"Cvel_11934",-6.67004923678372,0.00522941080648195,-8.04101427826822,9.58363093352949e-08
"Cvel_11758",-8.03419159485253,1.30365384647946e-25,-7.81111436203025,1.68166967133719e-48
"Cvel_14165",-8.02877303338361,3.72149002913891e-06,-7.25875785253505,2.82407562294044e-05
"Cvel_12121",-5.16141606749428,0.0125396589010597,-8.01848005118464,7.84442107427797e-07
"Cvel_1123",-8.01707149559506,8.67141369108445e-06,-4.83440928587399,0.000520830636509643
"Cvel_13060",-8.01606858564382,4.89626504852149e-06,-6.01225675890409,1.40296915750462e-05
"Cvel_27976",-8.01584791227722,6.05588530721946e-06,-6.93090135009697,9.38353315481001e-08
"Cvel_22997",-7.77041194182283,3.88907194086518e-07,-7.99939206500361,6.3012571058512e-09
"Cvel_9221",-5.79337631054865,6.51238700507498e-18,-7.99596380677094,7.59804013550848e-92
"Cvel_22065",-6.74941172232255,0.00433887612408265,-7.99461742847348,2.16386477650785e-07
"Cvel_25201",-7.99440543061497,1.19985322331793e-08,-5.64097838102123,7.9759939335249e-08
"Cvel_26859",-7.16196008710311,0.000583937468268759,-7.99411925064621,2.32463925097917e-07
"Cvel_2086",-7.99236878329527,5.70176413721607e-06,-7.03293034151299,4.95066262674877e-09
"Cvel_8861",-7.99165018463194,2.98869910203172e-05,-4.18636974537325,0.0131663796669628
"Cvel_18747",-7.60933522435991,9.44735126010539e-05,-7.97647599795944,8.31031523550862e-08
"Cvel_34541",-7.96131407957689,1.312352125473e-99,-7.92240488107411,2.26672729551965e-73
"Cvel_12248",-7.15691326838375,1.24375903491844e-14,-7.94117255331542,2.66101639734523e-22
"Cvel_3459",-7.93508073990788,7.25028318660639e-06,-4.02825353005618,0.0197807714092867
"Cvel_23155",-7.9261890125923,1.36416498702995e-05,-5.81423035639872,0.00070935513841159
"Cvel_1877",-7.92597619220427,9.1921508126629e-06,-5.87772442592381,4.0241469057989e-05
"Cvel_29429",-7.92560115183365,8.07268962551536e-06,-5.20931952895824,0.00129471008310871
"Cvel_7778",-7.77332978295716,4.52652356977612e-05,-7.91919518471151,2.67008162002708e-07
"Cvel_12454",-7.01513505784735,0.00115807471877444,-7.91703438467289,1.88738911147913e-06
"Cvel_11500",-7.91515985258689,6.5052543558416e-21,-7.04618298803239,1.34492916424665e-23
"Cvel_8882",-6.69010929363897,0.00454900152594025,-7.90887342725444,3.00653876021136e-07
"Cvel_1255",-7.90637013410805,1.26157864740667e-05,-7.4886525565363,7.75020058552398e-06
"Cvel_16464",-5.88019832254931,0.000502801982899396,-7.89893572202394,1.19734199120032e-06
"Cvel_9033",-6.80064718541269,0.0037907169398451,-7.89656441463197,2.14549625339736e-07
"Cvel_19761",-6.8383361508138,1.37784301339908e-06,-7.88696799893325,2.00780968720556e-07
"Cvel_4658",-7.88653354915922,2.9602616575182e-48,-7.39096924067436,2.603624521386e-69
"Cvel_9877",-6.58944733769877,1.68162475572959e-08,-7.88382959449095,1.57189283157993e-08
"Cvel_16384",-7.88344402832863,8.64297806135585e-06,-7.84029693439645,5.1557132486814e-07
"Cvel_24205",-5.63231388202753,0.00912958247575757,-7.87370551947655,1.15711233515111e-08
"Cvel_4078",-7.12570915935478,8.39294403353399e-45,-7.86148509540344,9.79683832050874e-56
"Cvel_32967",-5.16597161800641,0.00141109663997691,-7.86049132134514,3.39972101298964e-07
"Cvel_12549",-7.85785743625745,2.48656129631223e-23,-7.11713961923623,2.30621789944901e-44
"Cvel_16895",-5.65957959867785,0.00135658013639451,-7.85169703436549,2.92768111850579e-07
"Cvel_27670",-7.84823953742107,7.8639039380968e-26,-7.26203556953915,3.19604474971898e-105
"Cvel_29389",-7.8452624239012,3.29982312507752e-05,-5.3731697139359,4.73650924874181e-06
"Cvel_29856",-3.3456919666347,0.0217212043055345,-7.84415082556762,2.7707010427608e-07
"Cvel_28296",-6.18347760804508,1.14698054747465e-15,-7.83693703027177,1.467028986079e-29
"Cvel_17773",-7.8340847366127,2.17788080023515e-05,-5.15023840793799,2.61625991848962e-06
"Cvel_12897",-7.53631607499056,5.51406357707331e-09,-7.82902818955096,1.49697741014838e-11
"Cvel_27189",-7.26709245095267,1.07002523104229e-44,-7.82614086892788,1.45244536561809e-30
"Cvel_7980",-5.85291672548073,1.29919736658105e-37,-7.78326855661354,1.05357324649276e-110
"Cvel_26032",-6.03473343272742,3.14853124951795e-06,-7.77898464911051,3.43029092560972e-07
"Cvel_18068",-5.56323926414856,0.0126300058448877,-7.77170497989569,5.42229821667765e-05
"Cvel_17208",-7.29524221131096,0.000391995803686776,-7.76355118834071,2.95097965440695e-06
"Cvel_19133",-6.17181588924776,0.000362949937873871,-7.76150765213912,1.01717703355274e-06
"Cvel_27843",-7.64570077880902,0.000139827967947329,-7.75680397060796,1.07379267930066e-06
"Cvel_1202",-7.6687191976818,1.11625657917034e-06,-7.74558871138366,5.17276479076489e-07
"Cvel_24825",-3.66875409616802,0.00522698165097973,-7.74456614967006,3.20596015727947e-11
"Cvel_3417",-7.73615483559141,0.000127644315435808,-7.64477318810262,7.1232519646702e-08
"Cvel_25560",-6.39155333721221,0.0118932983296698,-7.72956426398201,1.96120330326097e-06
"Cvel_8017",-7.71639156199669,3.17979577553889e-05,-5.56191609829832,0.000163552950593841
"Cvel_22494",-6.50390044922603,7.40086702888247e-24,-7.71054791585405,6.61517727040977e-35
"Cvel_18546",-6.56010262351287,9.30276385353564e-06,-7.69908793925097,6.23554800407651e-07
"Cvel_28520",-7.68736497978936,1.65060194780627e-18,-6.93593387617072,8.3387827441294e-23
"Cvel_18272",-7.68236068846932,5.14543079007183e-05,-7.30739070957592,8.83743627625579e-06
"Cvel_17225",-6.8451569483825,0.00250679631525495,-7.67533868734076,4.08854686826862e-06
"Cvel_17366",-7.67502321433311,3.43714937870491e-05,-6.3186552796497,3.97574964873455e-06
"Cvel_4961",-6.93191387958559,0.00188046538947525,-7.6733845650183,1.54015584366174e-06
"Cvel_4099",-7.67037773619634,9.0007544014647e-54,-7.58342978806264,1.66892885127623e-17
"Cvel_19018",-7.66076575152684,1.14886797697499e-08,-7.66239425629371,1.86732616342302e-19
"Cvel_14167",-7.49310870234957,0.000125894054966839,-7.66071051006921,3.37367076292632e-06
"Cvel_27231",-7.65835870913303,5.24562148387574e-05,-4.13128749430817,0.0121930153851694
"Cvel_5114",-7.24664092173333,0.000377158654689584,-7.64989302691418,1.03182521321308e-06
"Cvel_22638",-5.39779570429562,0.00456152156075839,-7.64008035177208,3.72610067024525e-06
"Cvel_17933",-6.67956746239984,5.97023906914783e-15,-7.63138998188517,1.03640899291411e-10
"Cvel_24206",-7.63064894403053,4.78607336321289e-05,-6.94259908034375,2.69479168699123e-08
"Cvel_34758",-7.63062960635529,7.53284752751937e-05,-6.55454346738783,1.30425911660885e-06
"Cvel_29291",-6.28535003061804,8.19269364484612e-05,-7.62810569487832,8.76334653197891e-06
"Cvel_16788",-7.61285916700228,6.75915215615316e-08,-5.53806849669344,0.000251505218661735
"Cvel_2067",-7.07260504785274,1.00999546714802e-19,-7.6105609148004,3.55782879098368e-06
"Cvel_1272",-7.60603065648871,6.60229551469188e-05,-6.94471951481909,0.000106613081721524
"Cvel_14878",-7.60111823613245,5.81046342246949e-05,-7.07402449942918,5.8738732591198e-05
"Cvel_28475",-5.33190330213631,0.00670548343125363,-7.59277659330535,7.60577100562503e-06
"Cvel_23094",-7.58721523170329,0.000108746726860609,-7.05195167893976,3.97813364745174e-05
"Cvel_5793",-7.58202279806589,1.06846890354424e-89,-4.10737293524582,5.38397480779199e-10
"Cvel_6182",-7.5786212818923,1.03445699944939e-06,-3.57416856105357,0.000256198128061621
"Cvel_9279",-7.56484889662487,0.000114214803940759,-4.35178502305915,5.7112290037909e-11
"Cvel_32196",-7.55414899266472,5.69871887057684e-23,-3.42442003013632,0.0160794455882945
"Cvel_22737",-7.55397945957659,1.75319934124844e-13,-7.15886977789992,3.60472133301086e-29
"Cvel_26611",-5.4165010687355,0.00515908078692654,-7.5524654676461,1.66580532212359e-06
"Cvel_6391",-7.54038626084073,8.42309076027551e-36,-6.22817562156152,2.42265529113183e-69
"Cvel_174",-5.00628572575901,0.0151596590379836,-7.53569861972721,2.61250748572241e-06
"Cvel_7273",-7.52795133885826,9.69182134153973e-05,-7.23152979112916,1.47451645480901e-05
"Cvel_733",-7.1663827417262,0.00072740232672575,-7.52729401592075,2.94352234823217e-06
"Cvel_29998",-7.20761282782283,0.000649630809739403,-7.51346282224373,1.19265412460148e-05
"Cvel_24958",-7.51331272683369,0.000192235314649206,-6.50574233700921,5.70041601943993e-07
"Cvel_16611",-7.51029565872848,3.6754997401092e-10,-6.86588462367019,2.05575161035956e-09
"Cvel_8216",-5.82602964193642,1.91600136789117e-09,-7.51016044988025,6.44903118142098e-06
"Cvel_25660",-7.48947526915402,0.000163649457470745,-7.27316127014703,1.91720002102345e-05
"Cvel_11501",-6.4894391925901,9.15891986912422e-30,-7.48279004509308,2.25228533853421e-51
"Cvel_26858",-7.46511306327712,1.70573714474689e-08,-7.47982903501746,2.40350943267485e-18
"Cvel_31199",-7.4717930842606,0.000158314939852459,-2.88508541318548,0.00115780650535105
"Cvel_4072",-7.46638618425151,0.000117295328616763,-6.81861950371596,5.07246658624041e-06
"Cvel_2082",-7.02387626904396,8.98629482646524e-26,-7.465726225426,7.12985936521437e-44
"Cvel_8137",-7.46018577396782,0.000142428570835622,-7.10096115943556,5.58453126817583e-05
"Cvel_13775",-6.22532962489433,0.00119899873467154,-7.45701576020173,5.09665238661775e-06
"Cvel_16820",-7.45513571758131,1.15479761135827e-08,-4.43602095663247,8.77933210393692e-06
"Cvel_29997",-6.57672745979195,1.47710185127018e-05,-7.45202116486637,1.73077780708499e-07
"Cvel_18291",-7.44317384944728,0.000413889967405273,-7.42454537041078,6.19568520285039e-06
"Cvel_21904",-7.4423013734195,0.000141950393009407,-5.70100449164684,7.95886723919349e-05
"Cvel_24806",-7.43922300665734,2.14745410420412e-24,-6.70942622499476,1.52951662138899e-27
"Cvel_22460",-7.4384215505951,7.47292262290575e-22,-4.38250889447805,1.25999065376335e-26
"Cvel_13718",-7.43720305017971,2.74259359483545e-43,-7.18429218410405,1.43137995715287e-15
"Cvel_17165",-7.15161061118383,5.32688976961229e-51,-7.43571763078511,6.76244925996941e-42
"Cvel_13294",-7.41682978728983,6.42358621358755e-09,-4.32975399820394,1.60608209046738e-06
"Cvel_8887",-7.2456331346235,0.000469346261450026,-7.39700919317301,1.12445177958262e-05
"Cvel_14689",-7.39385527377763,0.000298840119377092,-7.36004635844751,2.46272280213195e-05
"Cvel_1443",-7.39021545878047,0.000269283976493949,-2.97445943366509,0.00912264880585595
"Cvel_14164",-7.3820939225913,0.000190335478847117,-7.33426968135546,3.22495182942847e-05
"Cvel_9139",-4.19687702787358,0.0455609727808178,-7.38032269866366,5.31847458751488e-06
"Cvel_12000",-7.37886538184055,0.000337528973100519,-6.31690454247434,1.26844883066972e-05
"Cvel_15711",-7.37052986161361,0.000243664974776452,-3.31606180191826,0.00704396681924334
"Cvel_22834",-5.68212006782002,0.0014517006528285,-7.36204478815625,1.04951523581091e-05
"Cvel_18975",-7.3572038298535,0.000413459789395542,-6.60798136630345,0.000556079741365263
"Cvel_29981",-7.23421150289635,1.48858627784088e-10,-7.35548468673647,5.11495581746587e-06
"Cvel_9903",-7.34878922882295,0.00023369268397391,-6.22361251182558,0.00249657977300403
"Cvel_7816",-6.28866047337126,3.06539515436668e-110,-7.3472381187382,1.3632645051524e-119
"Cvel_10898",-7.33458759516309,3.95618161640371e-10,-5.94574503813609,1.5032243018091e-06
"Cvel_24767",-7.32955615301907,0.000338788821516207,-7.11208992813728,4.91441023448495e-05
"Cvel_13372",-6.33952011303172,4.50441672904999e-13,-7.32868837167552,5.33907733905688e-33
"Cvel_5758",-7.31245302611353,1.14180021923337e-71,-7.02825517849461,3.562524599342e-33
"Cvel_23415",-6.84162945589323,0.0024941404609298,-7.31019549435743,2.4366756875791e-05
"Cvel_34961",-7.30576118396318,2.61569165648903e-14,-6.20791426621551,3.89434077110665e-08
"Cvel_25808",-7.29134036415588,0.000327874373884103,-6.2811248155686,0.00213067147680353
"Cvel_22091",-7.28182562034447,4.02131623244454e-08,-3.98092208174407,0.00200982407482052
"Cvel_12451",-5.88227437130893,8.98480842062114e-10,-7.28084793278026,1.87847551170521e-31
"Cvel_29766",-6.69123144484227,1.46207966111807e-05,-7.27156594624484,5.2555446909389e-08
"Cvel_25729",-7.2687142444713,1.17960972297952e-07,-2.87783097713933,0.00042096442377117
"Cvel_24468",-6.31002922868779,0.0155515275240186,-7.26432896250048,1.05637325690183e-05
"Cvel_7779",-7.26009161887928,0.00044894592057527,-6.97025040166879,0.000165876145375758
"Cvel_9029",-5.71659038241374,3.92241902258573e-06,-7.24770373917027,3.68933734205532e-08
"Cvel_22881",-7.22335397955733,0.00048066345702424,-5.85470521142681,4.68884706956623e-07
"Cvel_14955",-7.20088548862632,0.000567551875331566,-4.69526659645536,7.25669868319668e-08
"Cvel_10058",-7.19936071860653,3.0292671981054e-26,-6.37318171325659,5.60284817574896e-18
"Cvel_1044",-4.64701616014263,0.00716163456892046,-7.17978337229627,3.45050954559427e-09
"Cvel_3564",-6.51405938271954,0.00886419677796879,-7.17605368295789,2.7252916465488e-05
"Cvel_29443",-6.9532934390641,0.00151543800846862,-7.17554457977823,3.86961040426747e-05
"Cvel_12021",-7.16688777026266,0.000584956852245448,-5.51726860798618,2.96491166832885e-05
"Cvel_21817",-7.16600366241898,0.00122052277931291,-4.36074073283574,2.69829569742781e-05
"Cvel_35926",-7.16544955937085,0.000767693118823795,-5.33685520444202,3.24979804415202e-05
"Cvel_25701",-7.15524930094407,1.57789212149321e-05,-6.67774028776269,9.79866756891472e-07
"Cvel_29295",-7.04775885966618,3.49122670455596e-07,-7.14707881078161,7.73295433953034e-09
"Cvel_21643",-6.3267985897583,4.33348497157382e-05,-7.14379362996775,5.85818290086112e-09
"Cvel_32617",-7.14286636894001,0.000843455153412427,-6.27160109864005,1.79209167263827e-05
"Cvel_1890",-4.31154407280878,0.00104448721356154,-7.14131463052649,7.26327950872753e-07
"Cvel_16204",-7.13929356408163,1.94703711787022e-09,-5.8292154588952,2.12650279169943e-09
"Cvel_6852",-7.13869891000889,0.000651185717369152,-6.66933699808669,0.000348681334732843
"Cvel_22831",-7.13137282684929,0.00111142310972525,-4.51884949448705,0.000413106890817006
"Cvel_13731",-6.82343471008693,0.00331614211031638,-7.12722387856549,3.40434766612196e-05
"Cvel_27188",-7.12450999372664,5.64634547578621e-21,-6.22850527234644,7.00316054358887e-20
"Cvel_7016",-7.11457178702785,0.000749757791640533,-3.56679916750627,0.00685852425644816
"Cvel_16069",-6.24641666353085,0.0186401500029705,-7.11120016695212,4.20351889929937e-05
"Cvel_26229",-6.12869299480038,7.07154944583107e-07,-7.09576055362197,1.56666885490003e-34
"Cvel_18897",-6.88758890277605,0.00216859822280306,-7.09333490970365,3.07452145706368e-05
"Cvel_26793",-7.04996960546123,2.49895180430928e-22,-7.08854579705103,1.61779914719388e-41
"Cvel_17731",-6.91123717374189,0.00252969431175378,-7.08795182659969,0.000300616440834528
"Cvel_16910",-7.06915904354666,9.22704000428979e-47,-7.07011762806019,2.47479438199657e-29
"Cvel_7780",-7.04419603459426,0.00110672219998895,-7.06983972224534,7.3252014058888e-05
"Cvel_29373",-5.01337221218115,1.23785964959825e-11,-7.06820787558014,3.85980056655496e-08
"Cvel_26037",-7.05697237396374,6.36043802676304e-07,-5.40867816536542,1.31594129297723e-09
"Cvel_27842",-5.0511568986713,0.0146896366863929,-7.04586335513805,8.46970849246443e-05
"Cvel_30309",-6.07149871462605,1.47802620857166e-85,-7.04168989166683,6.96988276253884e-38
"Cvel_25750",-4.86889665996579,0.0239936491635315,-7.03222276167513,5.22184174214798e-05
"Cvel_13500",-7.02884321558162,0.00123438844242392,-7.02758288236477,6.16652665775972e-05
"Cvel_4522",-7.01509536184248,0.00115413968873304,-6.93501156914836,0.000119346508988623
"Cvel_4079",-6.75946039850449,1.23365458681758e-32,-7.01350623111009,8.32743468123998e-30
"Cvel_16025",-7.00665809299027,1.0966362402348e-06,-5.61556667697785,1.71094148270548e-05
"Cvel_16224",-6.97788141316591,1.76727672862164e-15,-5.39723354087946,4.86648620921161e-35
"Cvel_15876",-6.97610517036392,0.00227088491295595,-4.22513653025468,1.48272692843457e-05
"Cvel_13741",-6.97166035919302,0.00185402029796302,-4.64321908136184,0.00899873307225366
"Cvel_17771",-5.7226700758183,1.21198983317769e-08,-6.96906346158512,2.60900226290282e-08
"Cvel_24703",-6.21387315793181,0.0204695038824718,-6.96174772837528,7.14426631126579e-05
"Cvel_11818",-6.95894352154993,1.00133158438245e-38,-6.63282459074625,2.9657729169768e-53
"Cvel_1201",-6.95452946224942,4.26964107527019e-28,-5.47746176104376,5.50959701235490e-09
"Cvel_29962",-4.16023417770262,0.00389754305829521,-6.94922263268562,1.83071633591175e-08
"Cvel_23747",-6.94096856629019,7.31066132045202e-26,-4.02981912960538,0.000190856865533369
"Cvel_4098",-5.84741884296766,1.09488482744362e-37,-6.93543996474872,7.67819045292416e-38
"Cvel_12289",-6.9314497479992,6.04938374540427e-10,-6.29986030890286,1.89700575762596e-16
"Cvel_29422",-5.92609568706036,2.16206897624042e-07,-6.92775983168949,3.51141155320824e-08
"Cvel_27759",-6.79857255197367,3.14047243704175e-64,-6.90687093709647,4.44644170056948e-65
"Cvel_13153",-5.81756891985205,1.64659927729813e-42,-6.90371806676884,3.15884450660467e-53
"Cvel_11502",-6.72103407953988,5.12143444877211e-62,-6.89779250044598,5.23116882902676e-83
"Cvel_13262",-6.52638337934074,1.2546240807539e-05,-6.8930073416729,4.58769917511848e-07
"Cvel_22832",-6.8853001908887,0.0020277830453598,-4.27083848457661,0.0143793877045269
"Cvel_11064",-6.87298746045688,6.83613354794597e-20,-4.54958666519399,8.61192373802219e-05
"Cvel_33824",-6.8629914489701,1.69674567029671e-94,-5.71174513984804,1.26420628133591e-43
"Cvel_7721",-6.3798992553883,7.96691387302205e-111,-6.85571625125359,9.96931894537834e-83
"Cvel_6547",-3.43995066957405,1.32158204406901e-21,-6.85299926791772,2.46799262958294e-68
"Cvel_2938",-6.84894633027384,0.00249705933917565,-6.84320848998856,0.000131663890017296
"Cvel_4186",-6.84036651163252,6.18874809294332e-22,-4.95072700075075,1.27625132325406e-10
"Cvel_5192",-6.8337770056513,1.32751320553889e-49,-6.72694021555582,1.79952575484214e-16
"Cvel_18953",-6.83114064457674,2.2480875125264e-21,-6.71231460613853,2.26783783229964e-23
"Cvel_28411",-5.8191923236308,2.30188320575785e-09,-6.81404879452314,9.24699228014087e-19
"Cvel_8209",-6.53471639697204,1.94278556211216e-12,-6.80845997555981,2.70949410506015e-09
"Cvel_20060",-6.37230105296491,4.01670793036293e-36,-6.77489214234374,9.61619457521985e-46
"Cvel_9392",-3.22946825236677,0.00895616020237356,-6.77468961570895,8.33833598148554e-13
"Cvel_1269",-6.48742365725136,1.59073464485128e-05,-6.77045401125697,0.000264368964657629
"Cvel_16701",-6.75184317832712,0.00442769687898292,-5.68783771080743,0.000158044348709449
"Cvel_20456",-6.75159392560679,1.32185992862165e-11,-5.0491843458912,0.00468353594663786
"Cvel_13122",-6.74924233641035,0.000223811943420299,-3.85626681797912,0.000298475413424246
"Cvel_23931",-6.74008704512233,0.000113933298980238,-6.70636830270888,1.16327323256532e-07
"Cvel_10939",-6.73604298556688,0.000144639551238422,-6.34283177292361,9.55320448766122e-07
"Cvel_4032",-6.70547240494406,0.00481874770968315,-3.72535246325089,0.00144067370129797
"Cvel_18186",-6.69604316869566,1.3407068257079e-10,-4.53291885905921,5.50908224701247e-07
"Cvel_898",-4.83513772896163,3.72067057895301e-05,-6.69393468091751,5.8666218610232e-11
"Cvel_6961",-6.52487858462169,5.02423086813189e-95,-6.69171229970221,7.57277969047117e-40
"Cvel_21650",-4.8080213003722,0.00461502959153003,-6.68782396237173,1.3955632724843e-16
"Cvel_15328",-5.16674015029602,2.15990319994552e-09,-6.67371789363953,9.1159806870213e-10
"Cvel_13527",-5.24869623903277,6.03619909175823e-50,-6.67147460852395,2.74968924471807e-84
"Cvel_32935",-6.49052809312649,0.000151685536638019,-6.66180405117033,1.30700430257038e-05
"Cvel_18090",-4.49140002428501,5.60482592611641e-27,-6.64354285584327,4.83616126082447e-60
"Cvel_27232",-5.96113709292938,0.00352631542145132,-6.62560233805524,0.00040723634482572
"Cvel_19269",-4.4003152848461,0.035472171283815,-6.61580436689952,2.92374184570112e-07
"Cvel_28435",-6.06429058525337,5.10146450926966e-18,-6.61124628420323,1.20117731391796e-76
"Cvel_23900",-6.60978296602186,1.15376039186031e-17,-6.40024804864092,5.69753451813362e-21
"Cvel_8605",-6.19632471712042,1.11364638326749e-12,-6.6039215551753,1.27503166607932e-24
"Cvel_25427",-6.60003682745138,1.48600227441341e-08,-6.30401592492125,6.18855879428609e-15
"Cvel_28165",-6.59845365735527,0.00658141188218645,-6.39513005764411,5.74458971391482e-06
"Cvel_35187",-6.59683423209235,9.18993914321755e-06,-6.37853660107954,5.18796688362844e-06
"Cvel_15186",-6.55865345401479,0.000441145205187246,-4.73861693852966,0.00740711053930514
"Cvel_23228",-6.54455534842324,2.83001942040526e-06,-5.76254371238586,4.2881359766198e-09
"Cvel_17746",-6.53381211040354,1.90175732217225e-09,-5.11468584070155,8.83754332915751e-06
"Cvel_27760",-6.51721413496807,8.8414578103314e-66,-6.48698357258487,8.20863095989018e-181
"Cvel_22528",-6.49878471892373,0.00013374784264161,-5.93324884820653,0.00106622754756795
"Cvel_2227",-6.49412153840711,0.000483234033371775,-3.86686308189182,0.0353705082846948
"Cvel_18439",-6.4838176281926,2.1796372042484e-24,-5.11734967834428,1.74677467528291e-11
"Cvel_19615",-6.47172401770713,2.0352637133247e-20,-5.73080003297161,7.42151509635403e-16
"Cvel_10168",-6.4499722762798,1.26483746205548e-32,-5.03440903656147,1.03441963635471e-48
"Cvel_9906",-5.42908360833463,9.0469897319356e-11,-6.44686028377149,2.09069648012984e-34
"Cvel_14121",-5.43997830252392,7.4453446508945e-06,-6.4431137567532,1.87455959295704e-06
"Cvel_12123",-6.42940405248621,0.00086319363222088,-4.63974460194384,0.000259868941917479
"Cvel_3357",-4.14568978746547,0.00356714405225747,-6.40765074198235,1.61272286534162e-11
"Cvel_14872",-6.40649403134812,1.83332981644966e-06,-5.93904467577947,7.45784095960175e-07
"Cvel_36007",-5.18291715380547,6.35054130934278e-09,-6.3980731191737,5.3489417594745e-27
"Cvel_5975",-5.68641200262531,1.58158963968032e-11,-6.39744031574883,2.56299916812848e-26
"Cvel_4282",-6.38609262524639,0.000773869996880035,-5.36531845655884,0.000751843195293027
"Cvel_6599",-6.37136027443132,5.1051520434659e-05,-6.36890576506741,1.26031751729792e-06
"Cvel_19614",-6.18191226607064,4.12834999013794e-12,-6.36775900184881,1.52702603972546e-21
"Cvel_16400",-6.35769664380673,0.00010860757896451,-4.39151000916565,2.21794245922718e-08
"Cvel_15503",-6.26394372039083,1.86686990225871e-61,-6.34988846836988,3.82303182787089e-78
"Cvel_13971",-6.34931896905475,5.0718101603042e-07,-4.89853642985804,1.34793035032199e-12
"Cvel_16476",-6.33759687945649,0.000132161364028431,-6.00619626439893,1.68430115032117e-05
"Cvel_35932",-6.32179048742483,4.42481082685902e-44,-6.02245619704911,3.48992898435703e-39
"Cvel_3604",-6.31790079663947,0.000937787695185354,-4.7922397853572,8.85564524251517e-07
"Cvel_22658",-5.65986057060188,3.88944232345965e-08,-6.31712273494578,9.6062145757061e-13
"Cvel_4737",-6.29391734900686,3.92994438513368e-12,-6.24071208044043,7.52796425620781e-22
"Cvel_12287",-6.27705418722568,3.17338211770599e-29,-5.86708386262203,5.21276633826428e-10
"Cvel_7777",-5.1899019755802,2.80755938085698e-09,-6.27295513443929,1.84705439048901e-08
"Cvel_15778",-6.2552864352566,0.00175458042797506,-5.99027700610781,2.90478593258679e-05
"Cvel_23739",-6.23577114208353,4.87274319977802e-21,-4.45320642150633,1.39941064424927e-10
"Cvel_719",-6.23048899645143,6.80597789890471e-67,-6.1970578030171,2.80142164343587e-94
"Cvel_2200",-5.9585961210286,2.12718063624985e-233,-6.22112097522984,4.27516826786394e-77
"Cvel_29421",-6.2142450199272,0.000174348172348833,-3.64385532811414,5.63944873392592e-06
"Cvel_15145",-3.74668834310144,1.83043253092384e-18,-6.18914842545878,1.00349842271259e-24
"Cvel_17233",-6.18764489247545,0.000262329804958972,-5.66332701296401,1.14661323634867e-17
"Cvel_21195",-6.18423309001216,0.000319070238515385,-6.12807542076524,3.93099730761235e-08
"Cvel_5732",-3.98240157580112,7.49042547426228e-16,-6.17033204256951,1.42527207457601e-18
"Cvel_983",-3.99552371978522,7.80469680580863e-14,-6.13480996018242,2.64237832604569e-58
"Cvel_9065",-6.07228884860846,0.0289085442460263,-6.13126485496649,0.000159057189794883
"Cvel_720",-4.90826449639273,1.26461655347614e-33,-6.12069570234733,8.08630987052416e-112
"Cvel_28080",-4.37352949191017,6.03377606436685e-13,-6.11804371850657,8.55646525210939e-54
"Cvel_33873",-6.0881031622002,9.67171239047872e-06,-5.67922155435545,4.09534703691248e-06
"Cvel_8073",-4.12153570224006,1.49115256813313e-05,-6.06322311412012,8.62243304984839e-05
"Cvel_6066",-4.8704525314194,2.02909761475733e-10,-6.03011574509008,3.68150978230787e-63
"Cvel_3929",-5.80110489322194,1.46582308155836e-16,-6.02608297301804,2.23173265621234e-16
"Cvel_9905",-5.99791117852424,0.000444955632074712,-5.22177299815915,0.00128283846400065
"Cvel_17020",-5.9735019250166,0.00060373590836504,-4.81074202980371,0.0017044650408866
"Cvel_10057",-5.97008991933828,2.53881009340709e-47,-5.23285166279782,1.03849789019337e-25
"Cvel_27671",-4.86175045658093,2.90353033438279e-26,-5.96369012884206,1.45426865676831e-27
"Cvel_16455",-5.92757418482768,2.01071282010647e-23,-4.77547271590901,5.85305870172725e-22
"Cvel_21500",-5.35655141183006,1.16492598219534e-53,-5.9169906810747,1.73948235344786e-143
"Cvel_32636",-5.90070242967686,6.83072866926081e-11,-4.59174319859874,9.01557052402148e-06
"Cvel_10418",-5.88364211954613,0.000548700283287255,-3.72576469467314,0.000376399108203203
"Cvel_13817",-5.88188504357167,5.28826992963797e-43,-5.81662769077349,2.49618837758664e-43
"Cvel_36551",-5.87101550073005,4.93676154784977e-11,-4.97136062587167,1.85368789827033e-31
"Cvel_4834",-4.91061255415654,1.39141554986312e-31,-5.86506681598538,3.32108346302408e-29
"Cvel_14166",-5.27867282735837,0.00704243692796169,-5.86255648291657,4.70205948372941e-05
"Cvel_10897",-5.86153026344126,2.99935959507432e-07,-3.6224532207136,0.000582646539221177
"Cvel_2939",-5.84773154106711,0.00489777191090854,-5.07164339687153,0.00170092674942049
"Cvel_17019",-5.84511471752222,0.00115826054805344,-5.36202174304256,0.000648106001002253
"Cvel_26371",-5.24043574071576,1.12291410433243e-35,-5.83570692868751,3.78180459152301e-86
"Cvel_6652",-5.82783286429061,3.23821198816327e-18,-5.50537155962108,4.290643813485e-21
"Cvel_26218",-5.16658537488963,9.17627812203798e-06,-5.82195738624716,1.7059728369759e-06
"Cvel_19696",-5.81797578729909,1.37365224662224e-13,-5.47072077135794,1.16485764164329e-15
"Cvel_19840",-5.81160810247034,0.000706988970147563,-4.82998950437318,1.99489804984414e-05
"Cvel_32484",-5.80255270781172,4.46093463424698e-07,-3.24495777996829,0.000242940833836445
"Cvel_6564",-5.79310888299565,0.00163526780272755,-4.16426041189912,0.000940872903347548
"Cvel_14829",-5.12679716440474,6.30407714643528e-18,-5.77884979003623,5.8008614366279e-31
"Cvel_28321",-5.51108443307889,4.95275338912186e-57,-5.7773868189892,9.58642778392906e-23
"Cvel_7818",-4.69290147138319,3.88054671937278e-45,-5.77687909145639,1.51154525817305e-44
"Cvel_12022",-5.76828285132382,0.00101105226111153,-4.28655424307647,0.00811613531178589
"Cvel_18797",-5.7538878860955,7.46238893293027e-08,-3.61808854965182,0.00210348448569895
"Cvel_3507",-3.37756071433226,0.0394740542084166,-5.73855056827032,0.000238198005051805
"Cvel_28163",-5.72915339866742,2.23804500894383e-05,-2.8999143003022,0.00165376497708837
"Cvel_9391",-3.59609348168521,0.0158243458835317,-5.72545615145337,2.25838840466277e-22
"Cvel_26424",-5.71762630239581,4.98462962165486e-05,-5.64820761645309,3.68030942463461e-05
"Cvel_54",-4.58332983608957,0.00597925452934331,-5.69684815702538,1.54586707775423e-06
"Cvel_27519",-5.68066133238118,3.38907049110098e-07,-4.67669841969474,2.23865594676524e-05
"Cvel_19398",-4.4417734792514,0.000251550676171685,-5.67550007566646,0.000364437795970138
"Cvel_18713",-5.640617063606,2.40386115129217e-84,-4.99808312697174,2.02387584374238e-18
"Cvel_28365",-4.35915392558882,0.00312095723781797,-5.61429787247405,1.23620523219053e-07
"Cvel_7988",-3.48536556268555,0.0256493185791233,-5.59628755761619,1.76020751659401e-08
"Cvel_93",-4.42491315683749,0.0103929757525995,-5.58853091372549,0.00016362020163999
"Cvel_17456",-3.21489590973969,0.00235563030547613,-5.58577655122876,8.47436739681214e-11
"Cvel_4752",-4.3340525643254,1.19161579143911e-11,-5.58411880468801,2.26832152901209e-54
"Cvel_6183",-5.12925236262444,1.60526258391429e-08,-5.57695064696549,8.76377145990074e-13
"Cvel_29765",-3.73303180744143,0.000666509789234435,-5.56614356841832,1.79455339359134e-08
"Cvel_4152",-4.68630373174528,0.0157436050535079,-5.56462811804017,4.2348622931578e-06
"Cvel_11955",-5.54848870651731,3.15582766964807e-35,-2.88179558681265,2.08469901838463e-07
"Cvel_10167",-4.4781970507072,7.07227605320468e-09,-5.53904407525451,1.19358732294208e-47
"Cvel_28532",-5.18474846975744,5.83607614449657e-16,-5.50917449262866,8.71818442577473e-16
"Cvel_27439",-5.40054034450893,3.14851476917437e-108,-5.50717932039421,1.25189122915701e-120
"Cvel_8452",-5.39710670781589,2.25025801549083e-86,-5.49458866014278,2.15283712106055e-88
"Cvel_18945",-4.82207264656755,4.01607686510768e-06,-5.48629874804053,3.59679288325441e-09
"Cvel_7911",-5.48076848932852,1.41836516796917e-08,-4.99121425462184,4.35883118133648e-09
"Cvel_29070",-3.46466693855864,3.25582760050095e-22,-5.47156369604401,2.37200987022781e-100
"Cvel_29428",-3.55135411302478,0.0320305777490242,-5.46090258847468,0.00068035790285599
"Cvel_5251",-5.4546732261152,6.42228839446176e-06,-3.22813160327332,0.01385756716464
"Cvel_26488",-5.4494558190715,0.000151210182044568,-4.18698611855533,8.94698706192867e-05
"Cvel_8979",-5.20390081158498,6.18810458936512e-06,-5.44466874862259,7.04680793457036e-05
"Cvel_14795",-5.26406084531572,0.00672199556568891,-5.43990875750045,0.000182040181603643
"Cvel_11058",-5.43714117289344,2.37749422346979e-08,-5.12426900353395,5.4304254251377e-09
"Cvel_754",-5.25672459706774,1.36203473214431e-10,-5.43628338847691,3.96310045718925e-18
"Cvel_25244",-2.82137985263273,6.53430289694871e-09,-5.43131456867779,1.39752929469573e-28
"Cvel_26035",-5.39766671350539,7.04111073140567e-10,-4.78537843482746,2.61647011455945e-19
"Cvel_196",-4.66185447489149,0.00112468270807756,-5.39610831318465,0.000751142654980919
"Cvel_22657",-5.38658998206717,0.00507880702045012,-4.81162238298577,1.39865589693423e-05
"Cvel_5414",-4.11875438491749,3.48405062302369e-07,-5.36728494619937,2.42564388455251e-10
"Cvel_11250",-5.36049486584374,2.62552443034313e-19,-4.54309872769426,4.77456650831146e-28
"Cvel_13595",-1.48987827680728,0.0428619045658901,-5.35921617788852,1.46190494572192e-17
"Cvel_15118",-5.09653115558652,1.83819220937152e-08,-5.35588269974724,3.57201252694808e-05
"Cvel_2403",-5.32731681510729,2.68731306086629e-08,-5.21986951786565,5.01582949073692e-08
"Cvel_17727",-5.32346243624854,5.1673096484418e-37,-5.2950231955542,5.57958488008558e-77
"Cvel_25380",-2.38064302488401,0.0161582533251129,-5.31451120608198,5.0319930995663e-05
"Cvel_13259",-5.31427112473826,0.0052653298256411,-4.77751786823112,0.0056174479928611
"Cvel_29071",-3.53990215057306,1.74291037727408e-17,-5.28183367453774,6.72525775735658e-80
"Cvel_27282",-5.27724024537494,5.8802358673812e-27,-5.27395700410328,1.26863269917912e-111
"Cvel_29860",-4.01481923434751,2.70157675316166e-68,-5.23589424421283,2.19816730213749e-69
"Cvel_15693",-5.22168686308005,1.2766940683862e-15,-4.10413047092326,2.58866867635284e-09
"Cvel_2360",-5.21945176846894,0.000323259528544188,-4.65916742503349,2.82625122233527e-09
"Cvel_5739",-5.18035745571796,6.87698911204316e-16,-5.21574238605572,1.16776108502606e-56
"Cvel_26038",-5.20204773995878,7.8133547297225e-17,-3.87657841973126,2.68599937115065e-12
"Cvel_33041",-5.20171947158659,0.0104773801557565,-4.90491864574334,0.00134495643911823
"Cvel_15687",-4.86576417225741,3.81465466751913e-21,-5.1949475607192,7.75287546540657e-22
"Cvel_13109",-5.015282677703,0.00284810767903069,-5.17216806158289,1.03324481533338e-06
"Cvel_16482",-4.65741741648098,0.000314999716774659,-5.1616882807327,7.28553012104275e-05
"Cvel_15631",-5.14996618652591,7.36137449941959e-06,-4.19946901117168,1.24229492637832e-06
"Cvel_18067",-3.85728503694678,0.0021537691841574,-5.13101407241936,2.72788545216888e-09
"Cvel_34816",-5.12420122237792,1.16834282723319e-06,-3.943732245946,0.000412089030071603
"Cvel_14830",-4.3492002072905,0.000848724621795351,-5.12223950097205,2.23905820648146e-14
"Cvel_16499",-5.11583614412652,4.90582636234773e-20,-4.18380790429008,2.65092447428503e-10
"Cvel_25249",-4.29852702391852,2.41526776309246e-15,-5.10498784585212,3.13842696136417e-17
"Cvel_19554",-4.16972879107315,0.0103370559311279,-5.10290237089755,3.02996421308822e-05
"Cvel_7725",-5.09468486586544,1.69918662729636e-46,-4.35420550565602,5.51845026209589e-27
"Cvel_29818",-4.92361399986363,5.3241734592898e-10,-5.01730441615357,1.8452745324865e-31
"Cvel_3199",-3.27998370291311,1.02619726286323e-15,-5.01726921035796,3.15971883821153e-43
"Cvel_3832",-4.30841875070412,0.000221613397031987,-5.01639480533944,1.66641275834196e-09
"Cvel_26335",-3.06839160931865,1.49526537683538e-11,-5.01126390755698,1.70813088459044e-41
"Cvel_14990",-5.00393649426469,0.00449568106574666,-4.66792276306818,3.2126832082593e-35
"Cvel_1732",-4.18000556831166,5.71611440188551e-156,-4.99578760793233,8.91778078793877e-43
"Cvel_28616",-4.97976076104503,8.49854108489819e-24,-3.82893830029711,0.00618410629090328
"Cvel_17597",-4.56539984428304,0.00261749561359563,-4.97882560002439,9.22789607233579e-05
"Cvel_8767",-4.67542521083417,9.56726130867247e-05,-4.95490578414449,8.15959921828183e-09
"Cvel_13950",-4.93388820532257,0.000251555550286145,-2.26002815679093,0.042987558851857
"Cvel_18115",-4.92403981383049,0.00680202081530065,-4.77038191905578,8.91044439516091e-06
"Cvel_36546",-2.19773023317722,0.0419682021207562,-4.92275406676897,1.03085470010736e-05
"Cvel_10926",-3.90998728730917,0.00921582311715168,-4.91254031387416,1.53789367776908e-06
"Cvel_35752",-3.87720419738251,2.03840789579495e-49,-4.89618370411433,1.98533366146738e-84
"Cvel_3531",-4.89458391437647,1.24956273061429e-18,-4.36219846164692,1.81189567765866e-25
"Cvel_25453",-4.89181867940998,1.19679217474275e-05,-4.68096633079884,5.29452015812754e-09
"Cvel_23816",-4.88736141050753,0.00377462013802677,-4.86088026209356,0.000681550692384919
"Cvel_9802",-4.44177196071921,0.00122282564185863,-4.88530130121337,1.57943766678606e-07
"Cvel_21050",-4.88026272919654,9.6942739041053e-09,-4.71125522667568,1.51001871883899e-12
"Cvel_15222",-4.85606357604929,0.00597042539920261,-4.87400332706383,7.77835914627988e-11
"Cvel_3855",-4.87041927265392,4.99286120700294e-17,-3.28953227739856,0.0065614555344158
"Cvel_9607",-2.71497396827987,1.15131196545323e-09,-4.86926717789728,1.09947458552271e-51
"Cvel_1268",-4.8658557208538,0.00306508158743978,-2.7740248008095,0.0493054692546696
"Cvel_25230",-4.41409079591168,5.34404676961787e-08,-4.8604451159591,0.00123766822327893
"Cvel_2260",-4.85293603837857,0.000353248017154494,-3.83486970756148,1.12346270146615e-09
"Cvel_34091",-3.0728553454325,9.97850174600377e-07,-4.84426568637729,3.13490810307629e-17
"Cvel_18798",-4.72083135192385,1.52169824143082e-14,-4.82558292137441,1.11782823958189e-17
"Cvel_27703",-4.04394348916716,1.37178355010371e-07,-4.80793459555544,0.000987721027376156
"Cvel_8211",-3.98855624044448,0.00107925492668406,-4.80725735665668,3.17871225047373e-07
"Cvel_27778",-4.80661237492046,0.00593737341826439,-2.75749826132228,0.000112515767817483
"Cvel_33825",-4.53635124533249,1.3048254210376e-27,-4.80615271852807,1.28243766747196e-69
"Cvel_5929",-4.80057153267084,4.08152428867097e-25,-3.70401878624485,7.59980431299269e-10
"Cvel_16607",-4.57179355966845,1.34247684892026e-05,-4.78664869337021,5.04267736964398e-09
"Cvel_18091",-3.61952814404891,4.76127892658941e-06,-4.76182011382965,1.2015538249673e-21
"Cvel_6485",-4.73054378535929,1.513328101473e-08,-2.69039693004116,0.012511234594468
"Cvel_12986",-2.90559339514988,8.4058398473319e-17,-4.70418052036492,6.7905704199019e-44
"Cvel_15264",-4.18466237523568,1.99547716322275e-05,-4.69621931799467,2.47086595582962e-15
"Cvel_1518",-4.69146386957899,1.11188942392551e-10,-3.10990512456389,0.00386711057568434
"Cvel_17166",-3.85295517181585,1.52351251135277e-07,-4.68567947376244,5.97522951029781e-26
"Cvel_24108",-3.85509698945495,6.45282388772909e-05,-4.67436456614464,7.31913594637439e-08
"Cvel_448",-4.64743929986772,2.78111758372246e-06,-3.79634336905963,2.94782506273525e-21
"Cvel_17574",-4.64677961582425,0.000624249756018854,-3.70637745095803,0.000862914838649694
"Cvel_18811",-4.63758688902284,1.29082369059961e-05,-4.00034628063453,0.000753379076957584
"Cvel_16462",-2.24052809682598,0.00748549623585504,-4.6369523998754,1.47086445696869e-19
"Cvel_12450",-4.31105789649046,2.05859593239208e-12,-4.63228323096495,2.58308353409532e-08
"Cvel_6310",-3.63246169960417,1.31489818831736e-32,-4.61527017928658,1.66688338893361e-41
"Cvel_23223",-4.60574419953803,0.00532235413042265,-4.30484803130139,0.00644722062159472
"Cvel_33429",-4.59453738728084,0.0415567089790534,-2.97995328554786,0.0489526916605357
"Cvel_2257",-4.32391556746257,5.70317382041994e-75,-4.59387360856655,8.19975872738536e-28
"Cvel_25059",-4.11062593606664,0.0028887163463744,-4.56202597830635,1.51050492862632e-09
"Cvel_28210",-4.56031991817143,4.06767841262996e-05,-4.47057597958348,1.02345654666041e-06
"Cvel_23577",-4.51812828372661,0.0162600587411935,-4.40517153145904,0.00444480719579787
"Cvel_10066",-3.79237353013588,1.09082707143318e-19,-4.51631567819607,1.67645605714501e-22
"Cvel_6794",-4.50297040949866,0.0175193348230335,-3.59443378379474,6.90773709150626e-05
"Cvel_16600",-4.22856730785826,0.000367464893569091,-4.50226773751987,0.00488109256808105
"Cvel_24374",-4.48225373945296,1.17142569878586e-10,-3.92241943276075,6.90158774769631e-16
"Cvel_11059",-4.45587241962549,8.17418092353353e-20,-3.42030218728805,1.25008821154572e-07
"Cvel_7995",-3.65485506000978,8.79267578404018e-05,-4.44445341703221,9.85782096025417e-09
"Cvel_26036",-4.43153141901575,2.35872059111831e-05,-4.37694151788187,2.12635923965349e-13
"Cvel_13100",-2.11299941453657,0.0451185781263756,-4.42992445954754,0.00018929052986396
"Cvel_15759",-4.29495599886812,1.2890455625167e-17,-4.41054719680916,1.67545287111693e-07
"Cvel_23899",-3.87008341656144,1.02616074699457e-26,-4.3973587234991,6.35119880137651e-23
"Cvel_14951",-4.04904532251692,3.96156175282882e-26,-4.39467115217275,1.96727721813609e-41
"Cvel_22637",-4.3908238318461,0.000417409666882515,-3.79173808121832,8.70229602435461e-06
"Cvel_34797",-4.37957986791321,0.00304316440935488,-4.10248739556898,0.000721672393404304
"Cvel_7952",-4.33737656822211,2.62967890603674e-25,-4.12572021778007,3.61147966155752e-47
"Cvel_8595",-4.33579969712515,0.000910844873775997,-2.13944122631726,0.0219506882766635
"Cvel_5499",-2.57385135326487,5.28176083801163e-22,-4.33320329009425,5.6433759156162e-26
"Cvel_16601",-4.33286927443318,1.37647694594795e-07,-3.64075088855041,0.000926581554212535
"Cvel_22700",-2.58669660108775,0.000134824095020627,-4.33112887020736,3.9323444916651e-12
"Cvel_10056",-4.29220579472982,2.74977360664149e-12,-3.98192709264001,5.35262492585051e-17
"Cvel_13528",-3.69394092050311,2.00399761846449e-29,-4.27747367562238,1.97987538156044e-58
"Cvel_15190",-2.42239632592256,3.93410206876706e-08,-4.2695096469958,9.26180512632969e-18
"Cvel_16909",-4.2353524521916,5.49026627067658e-27,-4.22834488883869,3.42143094294447e-41
"Cvel_17443",-3.42275227342646,0.0330625728098613,-4.23505562762784,0.0165144937877529
"Cvel_2469",-4.21557989368136,0.000413138047459746,-3.64127526044269,0.00104711669943031
"Cvel_15717",-4.21556094705862,1.05450225568638e-06,-3.43409486504197,1.75635719091425e-10
"Cvel_842",-2.26503497005208,3.96133142319858e-10,-4.19823927464554,2.83464662559475e-38
"Cvel_21540",-3.87142863916203,1.01611339221366e-35,-4.19170320055129,3.11222647622527e-52
"Cvel_19022",-4.16278798143077,7.90073371666132e-07,-3.42589898493155,1.75858593511265e-13
"Cvel_5500",-2.86733680845944,3.02016325841784e-10,-4.11250223979591,2.3239749978253e-15
"Cvel_22476",-4.10046924036729,8.37406433541367e-15,-2.7066706826209,0.00772682060559382
"Cvel_18765",-3.90892895805055,0.0237339245348359,-4.0977667388934,1.55372802169107e-07
"Cvel_2510",-4.03942113633656,1.32839861415921e-24,-4.09635969541487,7.20996387777292e-56
"Cvel_8025",-4.07952621152304,5.00462694076075e-08,-4.09118573240259,9.39188479392717e-16
"Cvel_5384",-4.08412517090522,7.5072877622392e-05,-2.00888266580434,0.00801657318073871
"Cvel_755",-4.04884018351543,4.35695023862395e-18,-4.07606749251383,2.70773466037577e-18
"Cvel_8159",-3.00029240617868,0.000111773747755669,-4.07535224686596,1.84603152979332e-11
"Cvel_4455",-1.93985215060001,0.0010082192381818,-4.07032593596292,2.35986395718725e-24
"Cvel_28626",-2.45000264065695,0.00867900412908419,-4.06262733515918,0.000970293003282798
"Cvel_12359",-4.02031548408526,9.96129290540701e-08,-4.05765176932966,0.000146387488220694
"Cvel_34178",-4.05308808343911,0.000912942241026994,-3.95245702155343,0.00303851807272689
"Cvel_8451",-4.02091798483509,2.2254992849195e-27,-4.04061862034705,1.01387069799214e-83
"Cvel_12884",-4.03974139025198,1.26074937877582e-28,-3.06267654057147,4.8106314005668e-13
"Cvel_12835",-4.02647797602009,2.33894182622647e-06,-3.3552919531709,0.0102711684743141
"Cvel_16463",-4.02090897302752,0.000490698995732754,-2.25276451955396,0.00135582251891212
"Cvel_17031",-2.01633480076167,0.00107652302215284,-4.02075404268977,1.88345215380018e-08
"Cvel_6497",-4.00360010950648,0.000203438064142014,-3.66355675704328,0.000472850840999755
"Cvel_22659",-3.99381703254074,1.02764681409471e-06,-3.30216362715165,5.51704223647408e-08
"Cvel_19222",-3.99377212612517,1.76069104504404e-06,-3.65049953704192,1.26369459427996e-06
"Cvel_26618",-1.93238251284763,0.00131656361997278,-3.98301817020806,5.64983230885622e-22
"Cvel_19085",-3.98265969180757,0.00538874808082919,-2.60255997296543,0.0122608877417569
"Cvel_20570",-2.94016025738342,1.07122290280585e-05,-3.97270629419617,0.00305673082892923
"Cvel_10937",-3.65797737253363,0.000207471094636012,-3.96066089134849,0.000283770595452503
"Cvel_30032",-3.83279211988347,9.74499289127043e-47,-3.96049881841961,3.31631498745252e-48
"Cvel_21355",-3.93835600698104,2.25583354827014e-47,-3.86288116903877,4.11066118194203e-42
"Cvel_12837",-2.33357789303357,1.35211904517302e-10,-3.93539559882118,6.04512045546907e-40
"Cvel_2338",-3.69528118135891,1.77493492008497e-30,-3.93495002872133,3.02053977524981e-17
"Cvel_31001",-3.93392551482989,1.78956860019799e-31,-3.25811185271824,1.78103148045488e-10
"Cvel_19568",-3.16650125892273,0.0316187968120669,-3.92895805071963,0.00135582251891212
"Cvel_10088",-3.92424280450776,2.16550250229589e-08,-3.21586856929718,1.26674012995833e-06
"Cvel_8980",-3.54789722703354,5.07037135075651e-06,-3.91343603900796,0.000864049053285388
"Cvel_16610",-3.90367497413435,8.81273790481588e-05,-3.74367674866195,1.42359727890825e-09
"Cvel_21498",-3.90296916915591,1.0388110093315e-16,-3.62866896971237,3.68698683993749e-32
"Cvel_5719",-2.91508308915135,0.0330692008517688,-3.89887381993165,3.32575752474673e-09
"Cvel_4389",-3.89401034840047,3.5882083886445e-08,-2.83343831807947,7.3773777467729e-09
"Cvel_15424",-3.43691837070854,3.24734624062511e-05,-3.879465045486,0.0256416994297821
"Cvel_9850",-3.87620611211964,1.24514282081377e-40,-3.57779320426187,8.46979770997682e-69
"Cvel_23268",-3.16904000172142,0.0463232498867125,-3.86867275912105,0.000418291304933555
"Cvel_36503",-3.33376090027119,5.89037682284362e-47,-3.85305010749091,1.28032252159193e-53
"Cvel_13781",-3.83822858615119,0.00245143993709537,-2.81150841909917,0.0283850351779517
"Cvel_33983",-3.63316523717918,1.73258155977547e-24,-3.83371900367553,9.25601367572373e-26
"Cvel_2527",-2.2283370599093,1.26483746205548e-32,-3.81970004997093,1.29798168979539e-30
"Cvel_11684",-2.28194082550132,0.000392136269267926,-3.81203767761958,7.39462492778656e-16
"Cvel_11596",-3.79527477522553,0.0022201908783496,-2.7531862260802,0.0453615763362778
"Cvel_6309",-2.93600605850117,0.0366511095932361,-3.78509237676256,0.0120659415263174
"Cvel_20033",-2.80757538810446,7.85789360357022e-39,-3.77505827915722,1.02378508247544e-31
"Cvel_25858",-3.76866137947293,0.00258711545591766,-3.4298825497676,0.00147025851142265
"Cvel_13970",-3.76650315802964,5.81672595465107e-21,-3.65536883830149,1.07701148742028e-09
"Cvel_13676",-3.75690818975704,2.04783956188436e-22,-2.95055403543961,3.92659518837637e-10
"Cvel_17442",-3.21368719062036,0.0477285463447938,-3.75518016198487,0.00123208071176307
"Cvel_25480",-3.30872660368392,1.63866066957201e-61,-3.73949833567948,4.30352087030091e-61
"Cvel_4694",-1.66955730270754,1.59781053826635e-11,-3.73268074691155,7.57325935119347e-45
"Cvel_33087",-3.7297353913629,1.76756155543475e-105,-3.14997533943048,5.01843780463313e-21
"Cvel_14019",-3.16451151523045,0.000830066936892078,-3.70560879678525,0.042471042337348
"Cvel_22693",-2.554795122242,4.78115508564138e-05,-3.70317948125217,1.04339470204765e-26
"Cvel_13682",-3.69575118827634,3.99002862754513e-06,-2.73588052322089,3.17970042493591e-05
"Cvel_13579",-2.45820650342308,4.30992676390559e-30,-3.67024281575106,3.72522455893235e-83
"Cvel_2158",-2.94877145419103,0.00342075712747389,-3.66738034451255,7.25881827783978e-07
"Cvel_13996",-2.65329687118463,0.000126751274173929,-3.66315393658165,1.09539766646491e-05
"Cvel_4782",-3.64988654041004,3.0952189987538e-16,-2.84623486738631,0.000815801753497109
"Cvel_17969",-3.64004784496154,1.59867521312209e-07,-2.66842259388562,8.74031714654257e-11
"Cvel_33969",-3.64003251071696,0.00886955907622583,-2.68355485787969,8.80627977741686e-10
"Cvel_20144",-1.67106342127099,3.55058349524148e-08,-3.62436833585306,1.92263259814729e-32
"Cvel_34340",-3.62399794060476,0.00106479229890831,-3.54953539234174,9.36198849147858e-06
"Cvel_7752",-3.60623492789293,5.79902766886941e-20,-2.52757855412143,0.0217586861455125
"Cvel_23122",-3.60284412824515,0.0270828767626485,-2.05072327684665,0.0349435632271882
"Cvel_10030",-3.05418120502561,1.58338708793061e-18,-3.5876830480385,1.55963234912214e-55
"Cvel_14230",-3.5689762489011,6.18840196998513e-21,-3.48312814012878,8.59511175568423e-08
"Cvel_28721",-3.56599086958837,0.000550939790238895,-2.10856658351858,0.0398685142718358
"Cvel_15329",-3.56238838442362,1.2143686065454e-09,-2.61841031166272,0.0012713753381877
"Cvel_7685",-3.5551127844545,1.03970341731752e-08,-2.04562208756222,0.0276243302917705
"Cvel_14313",-2.46045757711436,0.000239755531141079,-3.54808946263313,1.03414431699231e-09
"Cvel_5367",-3.54021386738467,5.16489967491984e-11,-3.33600002436059,0.00525978143900875
"Cvel_27093",-3.04350744667397,6.68572852713424e-15,-3.53563505269944,4.26360095436281e-17
"Cvel_28519",-2.7050947994053,6.80862259392858e-05,-3.53488953921047,1.1512794887244e-09
"Cvel_32483",-3.53246546180483,2.35438159838555e-09,-2.95001222429502,3.64003866564148e-06
"Cvel_29861",-3.52860727294704,3.12580833660528e-61,-2.7330979380634,1.59412048610006e-24
"Cvel_14468",-3.51672338144835,0.000182384538633934,-3.45187138749249,0.000104011279102264
"Cvel_8102",-3.50147327704783,2.2903218393814e-06,-1.87674448117751,0.0202085966747005
"Cvel_11954",-3.49382691348022,5.61386596560967e-29,-1.143866455453,0.000326187622617171
"Cvel_22423",-3.1550406144849,9.78160538772265e-10,-3.48614690794176,1.22114231356686e-22
"Cvel_11555",-3.47329447215581,0.00920011361487895,-2.30612261146343,7.58579295115973e-05
"Cvel_33872",-3.47071289699834,0.00211987546515807,-3.05830410554374,0.00773242370721003
"Cvel_25588",-3.35980665639664,5.67033165824282e-16,-3.4687343175309,5.17233186142349e-12
"Cvel_12276",-1.34124595514961,0.00479666278453011,-3.46861018656484,1.22145477006017e-25
"Cvel_12040",-3.46671134557946,1.83502689940126e-30,-3.26116922177429,1.73768376943723e-53
"Cvel_5368",-3.28938514616712,6.16399043935911e-12,-3.4610522910231,1.07259938884226e-05
"Cvel_11695",-1.80871849160897,0.0491446153364411,-3.45265156868076,0.00070204487588027
"Cvel_22909",-3.08875334415205,0.000116192741205044,-3.45259391628873,4.92509101938865e-06
"Cvel_14797",-2.55319394922965,1.3397654429942e-16,-3.44006608035481,4.60351361499562e-24
"Cvel_26123",-3.43836157745597,1.55449315761055e-10,-2.29627521233437,3.70224912616954e-05
"Cvel_19408",-2.61661456420671,0.000308406452605956,-3.4369233013198,4.8388765566699e-12
"Cvel_14231",-3.42435188784176,3.67408691661821e-12,-3.00463350589361,6.33561284000159e-12
"Cvel_33870",-1.81232822128936,2.36481090354824e-10,-3.42053679907271,4.7145780879625e-96
"Cvel_13734",-2.87003079686502,0.0095024648562456,-3.41733417469015,0.0216178400487797
"Cvel_18932",-2.08810751031567,7.85339468180373e-15,-3.41731877747683,7.12225670497428e-11
"Cvel_2576",-2.01474735075732,8.45664524700046e-09,-3.39914785572076,1.27852922834052e-14
"Cvel_12624",-3.39472894953214,5.23614908249447e-12,-1.02105383720569,0.0313680464341084
"Cvel_15550",-3.38749975915094,1.34082764393128e-11,-1.82282220587792,0.00376051405242614
"Cvel_15327",-3.38279436715096,0.00111586869129733,-2.18280318713305,0.0133436528534372
"Cvel_17018",-3.37936555308539,1.06264395969591e-11,-2.81458877713693,6.64991420006111e-11
"Cvel_10207",-2.79130264395764,1.52345931374254e-17,-3.37575942885585,3.92481808615635e-22
"Cvel_5366",-3.36195290618603,9.53150318625723e-22,-3.06045153689216,1.13511710102631e-06
"Cvel_6876",-3.35916528339885,8.30368399970928e-15,-2.61880252700782,1.01576611150357e-08
"Cvel_3416",-3.35587837704634,0.00103834692189746,-3.24680565065461,0.00704421050167645
"Cvel_36150",-2.35064568292331,1.88471519811804e-05,-3.33884349187103,4.28421047052354e-18
"Cvel_46",-3.31417491620772,1.65660827640937e-08,-2.58589895739074,2.67959693845029e-10
"Cvel_22660",-3.31408697956226,7.2051868232413e-05,-3.28945123426191,0.00324484108710269
"Cvel_1073",-3.09896214026504,0.000405890472190112,-3.30563712936855,5.66588914941013e-05
"Cvel_396",-2.91908951849489,2.19222378750974e-05,-3.30509280110876,1.15255386564034e-08
"Cvel_18799",-3.30131388513772,7.89613381552839e-14,-3.04539843570114,7.36949590794737e-16
"Cvel_12733",-3.29722040366183,0.000221597903456499,-1.76881739738501,0.0335690747439732
"Cvel_28627",-2.6534057046688,0.000950456594260709,-3.27836171085137,3.95070638755786e-07
"Cvel_5933",-3.27740081172159,0.000209520307652154,-1.9265769279617,0.0440799962359485
"Cvel_2705",-3.27551598651223,4.12004426799106e-26,-2.42125506591174,1.16338985796915e-12
"Cvel_9718",-3.27145286781378,0.000112393151090323,-2.3112627185938,0.00566792901098892
"Cvel_11683",-2.23291096374999,5.07106643661261e-18,-3.25208908535333,1.35952423373865e-86
"Cvel_21459",-3.2493434543854,1.61298046652189e-33,-3.05135116772759,5.22978923117723e-31
"Cvel_34411",-2.72611670833278,9.66699024387912e-22,-3.24811645883339,1.12984279893854e-43
"Cvel_10059",-3.0265711548376,1.10898281377298e-15,-3.23305901158328,3.2938314113866e-18
"Cvel_9329",-1.43080329039476,1.06860682149857e-10,-3.22276196078204,1.51148247403924e-30
"Cvel_26791",-2.64148154578837,9.27249059334226e-22,-3.22238400983802,7.59759743360083e-22
"Cvel_3219",-2.64835779448415,7.23861507079916e-13,-3.20304534382567,1.60077319724809e-21
"Cvel_10206",-2.66481631264782,6.67355326329746e-14,-3.19172412289055,1.34972765813516e-15
"Cvel_22307",-2.41541687357328,4.02480456331358e-36,-3.18925917537007,1.16765389326777e-34
"Cvel_17618",-2.06522236784526,4.22530210501913e-18,-3.18812537160366,6.34564843105802e-08
"Cvel_19021",-3.18728768026738,2.39758372764725e-32,-1.90020934786639,5.20989551387656e-19
"Cvel_2555",-2.5633157432081,0.00222116735693306,-3.15088602200442,0.000180141690377165
"Cvel_18931",-2.06939066773375,4.6302723298995e-08,-3.1446592424133,1.34920387096623e-06
"Cvel_28324",-2.04971016495301,0.0190122884063444,-3.13967089278386,9.47938816742078e-15
"Cvel_31587",-3.13678596866117,1.76423059393195e-09,-2.04211218382494,1.79226839196788e-12
"Cvel_18530",-3.13060769164459,5.85790826962411e-41,-2.43240620000232,1.8016776654404e-21
"Cvel_28056",-3.12529587310442,9.05094225190736e-05,-1.91331993961114,0.000198709617790704
"Cvel_32218",-2.61523907604095,3.1094722338956e-06,-3.1215955534701,2.63421387124301e-10
"Cvel_20668",-3.12077751416422,0.00162299420865195,-2.7959346038534,0.0006157182418512
"Cvel_22971",-2.98785600742722,1.02519105839306e-21,-3.11363972281283,1.19870894766855e-32
"Cvel_7734",-3.09388110919084,4.55698573750136e-30,-3.0921988508252,1.26336526929868e-08
"Cvel_33836",-3.09057148531638,1.22345814799492e-05,-2.79559234955653,9.08071238494705e-10
"Cvel_13935",-2.46246613448798,1.06704912213246e-08,-3.08798230088721,1.06769118370889e-10
"Cvel_19456",-3.08136414857234,0.00914051777131584,-2.39660787158186,0.00086633238175347
"Cvel_15718",-2.83203784169389,9.94787762111922e-49,-3.08009298958967,3.22699534661109e-44
"Cvel_18092",-2.93325761874085,0.00170949348651949,-3.07905890045983,0.000463338826635205
"Cvel_33652",-3.07699080899927,2.02628562719142e-06,-1.96979773149744,9.56364138885265e-05
"Cvel_13893",-2.63575503385627,6.31689875811587e-35,-3.07559280513607,1.46144140753428e-41
"Cvel_20143",-1.51148720543709,2.92609255106342e-14,-3.07372288019466,7.89210121938906e-38
"Cvel_22414",-2.82131160681209,5.73856652829555e-27,-3.05875011419,1.00833668000539e-63
"Cvel_7327",-2.87692820083215,0.000187560177917851,-3.03735385771394,8.50483908401174e-07
"Cvel_896",-1.39517967035396,0.000801743897662688,-3.03444210853839,2.77075830000289e-16
"Cvel_30425",-2.0880221694913,3.44721703590509e-09,-3.02693675159293,1.91963196060691e-25
"Cvel_18576",-3.01606873081639,9.35981065023674e-05,-2.36986046320924,0.0145749312673451
"Cvel_1072",-2.64360914151874,0.0208789377194952,-3.01119819936272,0.0145082374638911
"Cvel_23673",-2.57976215937973,1.80530711818139e-18,-3.00933422438642,6.39266218146705e-09
"Cvel_1673",-3.00889835985092,0.000193371584907643,-2.3362001932257,0.0074445018764774
"Cvel_8407",-1.48030204181178,0.00250233847637628,-2.99416654762403,0.000480129864570907
"Cvel_15151",-2.99311145183521,1.38555416162188e-10,-2.97446523346929,1.32673515392012e-28
"Cvel_25671",-2.31039447249039,2.25891035847089e-14,-2.98763285548254,4.37436095397945e-61
"Cvel_14981",-2.77474595188565,7.82773966626383e-06,-2.97565108059896,0.00231424477009641
"Cvel_12949",-1.82006456413674,3.92113037254454e-09,-2.97323740712914,8.13097911296993e-20
"Cvel_13687",-2.58378466422423,2.97408582747397e-15,-2.96330504544201,8.03114225750267e-09
"Cvel_2267",-2.96128151619238,0.000228429245447209,-1.55288966296615,0.0191412036521462
"Cvel_19208",-2.13393075090985,2.16483015750387e-06,-2.95194480138378,6.80600318958965e-06
"Cvel_24455",-1.12263861279469,3.25164816781461e-06,-2.95194283232782,1.28441981984777e-24
"Cvel_19344",-2.54309102301425,8.69943589620787e-10,-2.94746038128236,4.28299772208386e-11
"Cvel_25229",-2.9448887965199,1.16926382401583e-06,-2.60456699357014,1.08348087193129e-05
"Cvel_11595",-2.94012145309911,2.45133909819762e-05,-2.90272142046963,0.00368248887345936
"Cvel_29718",-2.93986074425659,0.00397275001364641,-2.64918791014585,0.00126257944430287
"Cvel_27283",-2.73906241981356,3.84709877678569e-22,-2.93831760642708,1.26510661676881e-24
"Cvel_21872",-2.93647019011474,1.771211805318e-15,-2.8811258159104,4.87220598008558e-25
"Cvel_2455",-1.00329348975996,0.0442161271198856,-2.92224086249578,1.77885267896633e-16
"Cvel_14925",-2.89011466382345,1.54746931440208e-11,-2.90762611209679,1.54489879059444e-22
"Cvel_36637",-2.89234850973967,6.80705633387827e-12,-2.31929178221963,1.89132597242116e-09
"Cvel_32039",-2.86682251068635,1.90986090733788e-15,-2.7088232754279,4.68445408179907e-09
"Cvel_15253",-2.86592293204965,0.000305391774027396,-1.12457139953469,0.0349233423316156
"Cvel_24866",-2.85521813869367,3.41680120989784e-16,-1.97415679956288,0.00262350042123722
"Cvel_15989",-2.7896099287216,0.0479073326375925,-2.83018795026072,0.0445979455479806
"Cvel_16992",-1.06490613653639,0.0155015195369079,-2.81187662140281,1.90584924742615e-22
"Cvel_14950",-2.80914986654828,2.14730658050644e-17,-1.57078994731092,0.000448072598637203
"Cvel_22544",-1.36557211681705,0.0477497551962082,-2.80030433403496,1.66688329895701e-05
"Cvel_16497",-2.79275634448539,4.99665933595729e-07,-2.22280964717493,1.90118420020976e-05
"Cvel_33464",-2.79080612090467,1.42035736750491e-07,-2.42292001904642,1.49849315186971e-07
"Cvel_22108",-2.37374838050233,1.08566631893948e-31,-2.78817397003851,3.74200238101531e-41
"Cvel_22846",-2.24755836957953,8.39940725771848e-06,-2.781187188396,1.4289582929453e-18
"Cvel_5412",-2.35599182491541,2.58899946228443e-07,-2.77165533589708,1.64445780015941e-12
"Cvel_29675",-1.30520453922237,1.00179263120798e-07,-2.76164784043825,5.54581792351031e-19
"Cvel_16911",-2.75195320679819,8.48029883878022e-24,-2.76048970041227,5.43469250834035e-11
"Cvel_8464",-1.89520421151923,0.000123556258592688,-2.75899340375653,1.65523633706412e-21
"Cvel_3933",-2.68983621083142,7.57982312849018e-08,-2.36826517512468,1.40407839025809e-13
"Cvel_28586",-2.46480336867588,1.26926973095984e-09,-2.68834028221412,6.07788886220148e-12
"Cvel_17001",-2.68358906575882,0.000854269039599977,-2.21017428526813,0.00443203437461732
"Cvel_34927",-2.67631330364474,7.77086600807689e-14,-2.66649099326716,2.78044968839372e-08
"Cvel_19572",-2.66615568454466,5.74280588192205e-26,-2.45051117630625,1.90283568022599e-09
"Cvel_33306",-1.28903683550469,1.43658242676489e-08,-2.65143565370367,8.11861375590339e-14
"Cvel_721",-1.47663031919838,5.95102964707693e-09,-2.65046821815077,2.87689793401425e-16
"Cvel_19396",-2.64667093062481,0.00104448721356154,-2.07866130331942,5.21954746253868e-09
"Cvel_4517",-2.36110729372506,5.4023639955486e-05,-2.64005524371254,0.000128155396095689
"Cvel_28905",-1.75766434447945,0.0332959617847727,-2.63300236568183,0.00149144710019646
"Cvel_36197",-2.62875427105728,2.29249985346778e-06,-1.69006174410859,0.0103062979571622
"Cvel_3918",-2.62017764417541,3.98740716208762e-42,-2.19960703007965,1.26281056093761e-11
"Cvel_26352",-2.32445341852177,2.38668480919342e-16,-2.61449622530933,1.29778639991954e-30
"Cvel_24785",-2.06338085549377,0.00136864181202146,-2.60803700435707,0.0244057846223165
"Cvel_27682",-2.58977609453166,0.000124462626473044,-2.49953417135838,0.000191267691500298
"Cvel_12325",-2.0770994422921,0.0195431917243954,-2.58941241186931,2.51114166756008e-05
"Cvel_7451",-2.08344202672091,0.0203888765336756,-2.58340553402914,4.72715619584469e-08
"Cvel_23582",-1.30736813129353,6.93363379837061e-07,-2.58083808758753,3.00763943272558e-07
"Cvel_14397",-1.21450095691974,4.31612604640179e-06,-2.56256004233467,1.71619574706627e-11
"Cvel_10463",-1.08794497277819,0.00470246585366394,-2.55845496729792,1.52139797423663e-68
"Cvel_13934",-2.20706317859821,3.48304595475009e-10,-2.55634710534026,1.12302066847741e-14
"Cvel_36147",-2.47342626529815,0.00897562158372245,-2.55319946466615,0.00216457325873148
"Cvel_12836",-2.54607904075488,0.000426990399632171,-2.5370449917049,0.00269078777744133
"Cvel_20061",-2.54526512859849,0.000204173527740688,-1.71045456697796,0.000209168258786505
"Cvel_8031",-1.61889683488905,1.26793304249134e-06,-2.54404328249958,7.68377228499172e-07
"Cvel_3195",-2.35720216764259,1.54460115900944e-05,-2.53869259845882,0.00579371896125919
"Cvel_15688",-2.52527593415247,5.56513249882577e-18,-2.14412533188938,5.2114528669472e-06
"Cvel_16789",-2.51015518933958,1.62659394755434e-05,-2.04542707569781,3.99380768856237e-12
"Cvel_14440",-1.6741631448927,3.9001943375043e-11,-2.50524819158966,3.45105069560457e-13
"Cvel_14037",-2.49991565166507,3.68839345530982e-08,-2.28403239006403,4.62940271844305e-05
"Cvel_20667",-2.35501337383433,0.000194130236385624,-2.49652616039516,8.61283273806991e-09
"Cvel_8370",-1.94381113260929,0.00876522106167391,-2.4954067591242,3.87245005042507e-05
"Cvel_28987",-2.48781508580252,6.52392499071281e-12,-1.89612468183175,1.15521101927543e-08
"Cvel_5498",-1.27801487019596,4.49167719861544e-05,-2.48758029712011,4.65823483700041e-19
"Cvel_19005",-1.91790401907316,4.00657888918105e-05,-2.48611682498921,3.43560369786222e-07
"Cvel_21813",-2.24372494720998,3.42573688324262e-05,-2.48344763095071,7.19047940010376e-09
"Cvel_31088",-2.48263662935834,0.000681082874701731,-2.40955413879195,0.00109231762151079
"Cvel_13688",-2.11714573076509,5.8008082927887e-11,-2.47605673729338,1.17777615411884e-11
"Cvel_7232",-1.65042409646113,0.00840575418663383,-2.46358285409198,0.0386956125926208
"Cvel_8500",-2.44650687173728,0.00728446159969042,-2.22860690227072,0.0133729525840481
"Cvel_27092",-1.95406977005968,0.0211637841848151,-2.43649099550313,0.00202279268527093
"Cvel_20313",-2.43487123618439,1.53709409833673e-06,-2.16725834359408,1.49894883347927e-06
"Cvel_7100",-2.12175437031846,4.01726211819878e-13,-2.41911088306482,4.74382040894754e-39
"Cvel_9007",-2.40819265318334,1.20167114230763e-05,-1.05037191900589,0.00641018242827295
"Cvel_19880",-2.40654107646504,8.91167489716474e-18,-1.6264681364521,0.0472187175176754
"Cvel_18607",-2.39665021606655,1.59704680926197e-17,-1.61149571938783,3.56952340605205e-05
"Cvel_17526",-2.3955628839017,0.00910447871173982,-1.14137648597685,0.0315650430004166
"Cvel_31651",-2.39209946648997,0.00402634134756815,-2.12986952748051,0.00419100382838745
"Cvel_12881",-2.38929840614369,0.00091807131574524,-1.79443918481627,0.0221252094644467
"Cvel_12888",-1.1219219470744,0.0195428900821371,-2.35485844806414,9.87178362241982e-08
"Cvel_27183",-2.33943248703223,1.17554735521063e-35,-2.35217700472213,2.97337450350429e-14
"Cvel_620",-1.63549266165985,1.46869705976229e-06,-2.34535804009971,1.06467254853076e-13
"Cvel_13234",-1.68665827123441,0.00578079210265819,-2.34414657266593,0.0110970005146412
"Cvel_28325",-1.67458377920531,0.0130154192682479,-2.34171924308981,3.93961996676236e-08
"Cvel_7735",-2.33865944896965,6.4798917333616e-21,-2.1945901052287,0.000577049811492639
"Cvel_20978",-2.24859408249549,5.07123721943321e-07,-2.30106212636214,5.63774067976143e-09
"Cvel_19369",-2.29809476883295,8.08279233245473e-09,-1.86013654014638,0.00734548805184584
"Cvel_17861",-2.23963680531432,3.95974924375884e-12,-2.28314008973437,1.08076649658114e-19
"Cvel_28018",-2.02884911578029,4.46203106570013e-13,-2.28245664374518,6.24121025709832e-09
"Cvel_14722",-2.05649724195474,2.69518622991474e-09,-2.281900802287,7.51117027972275e-13
"Cvel_16443",-1.73755073491797,0.0285862421922252,-2.28082647836653,4.18035867755657e-05
"Cvel_22198",-2.1762271416079,0.00350634833821296,-2.27204516362434,1.67384987352007e-05
"Cvel_12041",-2.25964090059771,7.93414158480628e-15,-2.17287430193163,2.31721547472447e-32
"Cvel_14918",-1.27030695460587,8.26302524865677e-08,-2.25253824301164,1.27223464278105e-10
"Cvel_34290",-1.11078905321338,1.45474088699686e-06,-2.24308821695114,1.01974303998491e-39
"Cvel_15892",-2.24240664536879,4.88771141225262e-11,-2.00526827747919,0.00108747425925586
"Cvel_3314",-1.77538505754742,0.000140109860715122,-2.24214359451775,2.06690257454196e-10
"Cvel_15049",-2.22374793321224,0.00405898640903817,-1.50249219712374,0.00778178584632711
"Cvel_15518",-2.21047223294718,0.000213433324034113,-1.56161816473716,9.06098576344742e-06
"Cvel_35299",-2.20780625058635,2.55761157973356e-12,-1.85714023792552,1.20677341847064e-07
"Cvel_21392",-2.20287341710667,1.41008748916298e-32,-1.08694116567956,0.000525078098678819
"Cvel_6642",-1.38379528925411,0.00313350164712578,-2.20224518069011,1.42421684895558e-05
"Cvel_29256",-2.20201883321886,1.41454233084482e-13,-2.06791544069749,7.26280320743426e-12
"Cvel_17625",-2.17218420300789,0.00920038729188857,-1.93161190072628,4.00284892911546e-09
"Cvel_4585",-1.73769351330623,0.00250785005983504,-2.17048220620281,4.83709967450472e-09
"Cvel_32267",-2.12168225375907,1.40220471498797e-14,-2.16206919094529,2.73890419057523e-15
"Cvel_7639",-2.05441433891971,1.15777846726931e-12,-2.15927647955495,8.45615654834178e-35
"Cvel_11533",-2.15314031864061,7.99595936993544e-11,-1.84250883476966,8.35399010673567e-06
"Cvel_11172",-2.13646756961037,0.000199438730717227,-2.07329235575818,1.12270142443303e-08
"Cvel_24633",-1.08984152948148,0.00669347251240529,-2.13182940816719,5.28117432179527e-07
"Cvel_9097",-2.12317707469444,1.07487961939689e-20,-2.01439141449581,1.5104808673911e-12
"Cvel_19968",-2.10771117141906,0.000175318208264669,-1.98002312001517,0.00457490104346459
"Cvel_24110",-1.21041463538165,3.19203548067403e-06,-2.10746841188394,1.62061679186092e-11
"Cvel_21272",-2.0873994252165,0.0170397155753804,-1.40610934212839,0.0338101901770623
"Cvel_23450",-1.67632840381574,2.30764191180444e-09,-2.07601628748561,3.73330525314598e-09
"Cvel_22318",-1.44162313547076,2.35201649407904e-05,-2.07435809217273,1.42623528165274e-06
"Cvel_29067",-1.16458057809651,4.5821044309017e-05,-2.07405204023499,2.23140277065496e-09
"Cvel_34366",-1.98864638970354,6.44025114185786e-09,-2.07011405907113,1.08699348259295e-07
"Cvel_10192",-2.05943635322331,0.00019616008912153,-1.22922895430469,0.0417971057880376
"Cvel_15723",-2.05102118855336,3.4702987424146e-06,-2.05918735497901,5.39551806184873e-05
"Cvel_8974",-2.05756985800737,0.000939952363838016,-1.79403233077883,0.0346086884104439
"Cvel_32350",-2.05221877075198,0.000305184701431811,-1.61513573591137,0.0001493784814105
"Cvel_6788",-1.00952934874621,2.01742295763195e-09,-2.05174439792846,2.88828865467146e-21
"Cvel_5673",-2.04398940529604,0.00638285344064625,-1.56546167033886,0.0343006665597872
"Cvel_7418",-2.04295531195301,0.00114139383985839,-1.58637330704313,0.0250571502418345
"Cvel_7099",-1.58884934476144,3.12774565905975e-16,-2.03825537584686,9.02253828380939e-30
"Cvel_9367",-2.02993497638016,1.09275295956304e-12,-1.49281113482498,1.74960319366401e-09
"Cvel_19006",-1.72225689737484,7.00404448754981e-06,-2.0254559811245,6.52740693841627e-12
"Cvel_28986",-2.02174521604306,1.7350180892433e-05,-1.85397110980835,0.000403757204405139
"Cvel_21393",-2.01965587723207,6.65565459487995e-22,-1.20229742909988,8.95153443476541e-07
"Cvel_941",-1.95280299941153,7.20441517875949e-16,-2.01636897745214,2.30791892041768e-10
"Cvel_28757",-1.64430038986348,0.00144076362824385,-2.01467698667645,0.00343028502804255
"Cvel_24077",-1.9995452299813,6.07407062867007e-10,-1.40839357937522,6.69939965943271e-08
"Cvel_35667",-1.99714246705503,9.16950974985882e-15,-1.70503761720883,1.97371353862825e-16
"Cvel_3307",-1.99331474887459,0.00180604761552712,-1.72045816378535,0.00193541415797206
"Cvel_35005",-1.9909032544926,1.55397091142951e-07,-1.12194071397518,0.0181902637013337
"Cvel_4392",-1.99087826566986,3.69355161305611e-06,-1.05787267144385,0.0068079171716789
"Cvel_13851",-1.98393053900644,6.95427712342826e-10,-1.6952716497829,1.03324481533338e-06
"Cvel_26140",-1.97928382747663,2.30318144584012e-09,-1.16203990086202,9.83970420929699e-06
"Cvel_32624",-1.97904973077196,8.7850490997612e-17,-1.90726312716632,1.55452675273374e-07
"Cvel_24477",-1.97082386643146,4.45687480922737e-09,-1.43729531719858,0.010157399897089
"Cvel_25045",-1.89659468252067,8.66990095722284e-11,-1.97051021598673,0.000125489184469278
"Cvel_22772",-1.355687833858,0.00703539130329504,-1.95662753340505,5.56692665306256e-05
"Cvel_14731",-1.24069109701452,0.00587014943230532,-1.94753200274972,1.16457390887972e-12
"Cvel_27450",-1.94312056307673,2.13050592591169e-12,-1.41876994198213,2.81772273055381e-14
"Cvel_20450",-1.93515673764797,1.1312189215243e-05,-1.01371918194528,0.00485259505944465
"Cvel_23935",-1.11556017057371,2.03194421843063e-06,-1.93110691107735,5.58371421012626e-14
"Cvel_28756",-1.31340219599521,0.000115581360115708,-1.92641325909175,5.92146448767979e-05
"Cvel_17944",-1.9260545695672,7.40124310655535e-05,-1.67356834914982,0.00299303095557022
"Cvel_12495",-1.92434304996747,2.04168324427281e-13,-1.77948604261164,4.3972209944849e-05
"Cvel_20187",-1.01081426380039,0.00256918364248352,-1.91547345068599,1.67254676448268e-11
"Cvel_32287",-1.90832243652245,6.19895562955779e-12,-1.78523034661435,1.32845187802464e-10
"Cvel_13868",-1.90614489481166,1.56354461962509e-18,-1.53596563063459,3.87069722976821e-06
"Cvel_15209",-1.89630637047195,1.01814557477083e-11,-1.78774438447588,5.80889939751301e-05
"Cvel_34768",-1.16330215256772,0.00228221404281062,-1.89584974410833,2.81428156500582e-08
"Cvel_21905",-1.64506907338756,0.000196309391423696,-1.89359132720822,8.83743627625579e-06
"Cvel_11415",-1.87565820224677,0.00191089319090853,-1.31518146954855,7.26351556045308e-08
"Cvel_14228",-1.45024269996743,6.82855626641217e-05,-1.87339051382383,0.00217287744859069
"Cvel_23145",-1.8688116908052,1.1103188950459e-19,-1.38300441813479,2.96512110196847e-07
"Cvel_15367",-1.51539761544478,7.11222322513339e-07,-1.86456543814487,8.6175867723138e-14
"Cvel_6944",-1.2630788385006,0.0138460288915108,-1.85446201488013,2.90083403540753e-09
"Cvel_27658",-1.84369838325003,3.61575774016225e-07,-1.26461180768519,0.000145894720887466
"Cvel_12513",-1.84302926551599,2.50097810309473e-08,-1.81635785639384,3.19518736098482e-09
"Cvel_13025",-1.8424707919885,4.39406286778667e-28,-1.54535760950196,1.54014780421854e-05
"Cvel_21916",-1.1990984213792,9.62771607128081e-08,-1.83387494266511,1.7714960745111e-07
"Cvel_2986",-1.40672711503582,3.27335144636413e-13,-1.82781357878714,5.52384328937394e-19
"Cvel_21939",-1.82704356222323,1.9598319066243e-16,-1.17402451918239,0.000540807728775497
"Cvel_13744",-1.24066910171877,1.67625949699089e-06,-1.8259084169709,1.90932130731696e-08
"Cvel_27659",-1.82045144838577,6.83155361838643e-11,-1.25036473544727,7.80001923112863e-05
"Cvel_16946",-1.03752380782206,0.000887349888072299,-1.81730955934326,5.74757473361245e-06
"Cvel_15419",-1.81050211286156,0.0159796737405191,-1.72800216796379,0.0211655962716315
"Cvel_33669",-1.8034906145193,0.00262134126690885,-1.0602586437928,0.00628635474556741
"Cvel_22253",-1.29086692548968,0.0178079954881275,-1.79598225424253,0.0419824024972603
"Cvel_33207",-1.63394427805771,0.00856709282176499,-1.79050209324573,7.35428584934318e-06
"Cvel_15268",-1.26132492268066,3.96280627380254e-11,-1.78840430775981,2.79332063159134e-20
"Cvel_24029",-1.77432382869663,1.19520069795316e-13,-1.78104667870812,6.46842169773136e-10
"Cvel_28447",-1.77906150078555,3.82371532593966e-09,-1.35143581712515,0.0172772222294105
"Cvel_20397",-1.77871304256748,8.14662107245413e-13,-1.32430313386572,2.62478153369152e-08
"Cvel_25248",-1.508984839117,4.32660331326259e-10,-1.77522451009367,2.46153659160798e-18
"Cvel_18588",-1.17794155548314,0.00560239557663625,-1.77515011421045,1.26454250204678e-08
"Cvel_11556",-1.77456667321134,1.26614529217244e-11,-1.379483396366,4.14200631510314e-06
"Cvel_9939",-1.02740704861747,0.00530940052809361,-1.77416513443636,0.000340351982439697
"Cvel_13869",-1.76663236969313,0.000390497811433262,-1.30675568893044,0.000660479960101205
"Cvel_19688",-1.76335069364176,1.52235224098134e-12,-1.45199894905226,2.50623910077981e-06
"Cvel_30157",-1.75762069213049,9.47836814829838e-13,-1.31712132359508,3.63802673525058e-06
"Cvel_5660",-1.75580069220372,1.78441460813009e-22,-1.55398273613693,1.4860069375681e-13
"Cvel_26778",-1.75125726893428,5.15171598711883e-06,-1.47232187262024,3.47551972365891e-06
"Cvel_15969",-1.34258463696477,1.12940713875774e-05,-1.74352282279175,2.68710432910225e-14
"Cvel_15218",-1.74300536462378,0.00712546579749062,-1.12477417186691,0.0333440683504777
"Cvel_21296",-1.7375085204711,1.01673921383595e-14,-1.01557436671624,0.0043044674345356
"Cvel_22847",-1.45637421433968,2.1460335062538e-06,-1.73639491172484,2.27332913943438e-10
"Cvel_21251",-1.72597722245777,4.33968652188237e-10,-1.19570027293728,0.00276692790583549
"Cvel_16080",-1.07140611708375,0.0201117420463404,-1.72386679803481,5.78610440249352e-19
"Cvel_2216",-1.30583077706622,6.10899233492408e-05,-1.72069191962088,8.32799823783556e-09
"Cvel_8184",-1.54841296692851,5.57710145427454e-08,-1.71869759165692,7.47605867579381e-07
"Cvel_22716",-1.71849745305615,1.67107239942884e-05,-1.57593988341004,0.000914457740334193
"Cvel_21769",-1.40113446117595,0.0317821989452333,-1.71549546134132,4.56094491902065e-05
"Cvel_36390",-1.68744900251423,1.77002407329451e-09,-1.71410608830401,1.18118120215019e-13
"Cvel_13537",-1.00824269422622,6.1359538735157e-07,-1.69311098864538,7.15192212493680e-11
"Cvel_22293",-1.63472477853233,8.14298603528607e-05,-1.69035378911052,0.00337562564106559
"Cvel_10902",-1.45721023091491,5.38191606135952e-07,-1.68754010025668,1.53900613964639e-25
"Cvel_7419",-1.68394678673745,0.0027242875533943,-1.21269046668846,0.0452733305757844
"Cvel_23308",-1.29790910449816,4.68010824352072e-08,-1.68381331939687,3.54164785633605e-05
"Cvel_36237",-1.67553088521856,1.28114069122696e-06,-1.40909018180026,6.6414643856682e-09
"Cvel_162",-1.67160033877286,2.91528159312867e-15,-1.47466987081574,1.34358391051352e-11
"Cvel_6298",-1.66966933704588,0.0146922802059581,-1.10317937105352,1.07409282874825e-05
"Cvel_3741",-1.66866975234145,6.83155361838643e-11,-1.59270131318222,2.51205962322704e-10
"Cvel_32280",-1.04453927060761,1.06181354922062e-06,-1.66232481597609,2.81826407421841e-19
"Cvel_19328",-1.17861181200364,1.88820633211879e-06,-1.66167773748233,5.11329746904626e-15
"Cvel_15497",-1.6604221354361,3.62380883544483e-09,-1.1354556917597,0.000100868605884821
"Cvel_15508",-1.65458575638595,1.70596554171177e-08,-1.37051949991416,0.00562850386791932
"Cvel_33567",-1.65221976388232,5.76597571643622e-06,-1.49150098235124,0.000158999789903065
"Cvel_31818",-1.64854889841596,3.19490315345629e-10,-1.31176882717331,5.67926254755357e-07
"Cvel_35819",-1.64616046488028,4.27726114343506e-08,-1.35440537547706,3.80994645754187e-07
"Cvel_27527",-1.64449534754293,1.56297592066772e-30,-1.14335889601715,6.76649507177485e-09
"Cvel_6882",-1.64198895786141,0.000323216961552197,-1.24634420888501,3.8016223855522e-07
"Cvel_12236",-1.03879098491933,0.0106678674915495,-1.64022454701256,1.07134171402384e-09
"Cvel_22308",-1.36191077252188,8.46433649208114e-07,-1.63959625975341,1.65854647381095e-14
"Cvel_2463",-1.56971030142682,1.95749532398615e-05,-1.63903967680164,0.00112341473360559
"Cvel_7634",-1.32713332561226,1.19720620949247e-16,-1.63746382797884,1.53847317575385e-10
"Cvel_9060",-1.63409964928918,6.84822505700635e-05,-1.1638820056016,0.00475859845422134
"Cvel_15440",-1.36295780783867,9.33303573550359e-08,-1.63352672849149,4.95345532143094e-07
"Cvel_23870",-1.15256181895802,0.0178423277745825,-1.62516430550388,4.76278644289128e-05
"Cvel_735",-1.11901599551136,3.29284006518108e-05,-1.61552458164099,2.42946308654246e-17
"Cvel_6620",-1.60874192328375,6.19789071568928e-07,-1.10330519121711,1.07752701249656e-05
"Cvel_13417",-1.54895605972518,2.27821180811832e-05,-1.60751963251126,0.000251437143651941
"Cvel_18432",-1.56610839174263,9.2998911634713e-11,-1.60695793132203,7.86754872843241e-09
"Cvel_30682",-1.60560954020135,0.0102208020310608,-1.32074247178061,3.93359244312718e-08
"Cvel_24054",-1.4931696589421,1.05023933035354e-08,-1.60073491120453,6.07639786626289e-09
"Cvel_15498",-1.59135881734596,2.27521823101555e-11,-1.31185153673482,2.61253458893286e-06
"Cvel_10215",-1.58903984935913,7.61942949996583e-08,-1.07103848088422,0.0273793557295366
"Cvel_15210",-1.58823430952647,1.58512742094293e-08,-1.49377000178627,1.36052237951705e-05
"Cvel_20208",-1.53868299499719,3.6681709242876e-20,-1.58643438337022,2.92871427239713e-10
"Cvel_6137",-1.27506185506524,0.00529904501597124,-1.58495996102699,0.000448486459761307
"Cvel_8393",-1.5848832228981,0.00719723476309392,-1.40893017624034,0.047720092385006
"Cvel_20435",-1.49355306154436,4.50659086435012e-20,-1.57965129276302,2.76762912633465e-13
"Cvel_12032",-1.57805989687934,6.69186493146838e-20,-1.21859213647322,7.22575453725918e-10
"Cvel_3477",-1.46603565400249,0.000346118065636633,-1.57668815366447,0.000630972135781134
"Cvel_9347",-1.54681956736683,2.58437296854974e-09,-1.57420822809381,2.93924432431364e-05
"Cvel_13416",-1.57203125928709,0.000131685270610145,-1.48850794873956,0.000168565261283456
"Cvel_15639",-1.57153168669632,4.64440199795199e-07,-1.45887680090052,1.28289942544281e-09
"Cvel_12578",-1.56824649850674,0.0156429535924303,-1.20643189445331,0.000193756832546807
"Cvel_31061",-1.56816977483374,4.01588108543779e-06,-1.29696420713563,5.4918554412466e-05
"Cvel_6176",-1.56319332117746,7.12991179931456e-08,-1.28023402647901,1.16155146269343e-08
"Cvel_20209",-1.0898000105822,0.000457923873236467,-1.5569481105548,0.001868290401378
"Cvel_7493",-1.29469242291806,2.89069309685953e-07,-1.54223253864234,2.33015953157312e-08
"Cvel_29359",-1.53050225475652,0.000392091532010665,-1.08947418553371,7.77422387980443e-05
"Cvel_9342",-1.52845358663686,6.60991014681831e-07,-1.05256970643896,9.0785259594271e-09
"Cvel_31317",-1.0679593302156,0.000556082676681529,-1.5274190351823,2.37680760997753e-10
"Cvel_7022",-1.05260407752831,0.0180462040561482,-1.51835405464309,0.000529529425560176
"Cvel_16608",-1.51687662395222,5.18580613438085e-07,-1.42655258112314,1.12912778178416e-06
"Cvel_2740",-1.12283771274825,1.1725177577993e-09,-1.50993395265983,3.65001515110996e-06
"Cvel_13472",-1.50989726982898,1.66070975618858e-05,-1.27435758894712,0.000654288923996933
"Cvel_10132",-1.24802518285545,2.13397411277895e-05,-1.50549600707915,2.28763066576788e-05
"Cvel_28446",-1.50157063172746,9.57713818352032e-15,-1.46279372572425,0.000490096035889494
"Cvel_19743",-1.50051657799042,1.11551120343052e-12,-1.33526854943914,0.000575189402724594
"Cvel_9840",-1.49796397532069,0.00862177745718832,-1.03267848277384,0.00493362670288406
"Cvel_17845",-1.48667205705418,0.000317790485318698,-1.27820787984056,0.00101908615111676
"Cvel_16782",-1.47913675026687,0.00201658213062919,-1.08441666224372,0.0109300813362316
"Cvel_4836",-1.47182743462555,0.00164925085673394,-1.41261490982976,0.000642271593671493
"Cvel_21792",-1.4711488663484,1.30056585804039e-23,-1.20777451759892,0.0034979072566951
"Cvel_14252",-1.13555355549224,1.68903975609747e-07,-1.46898065646806,8.18957708971897e-07
"Cvel_28759",-1.3304182678668,0.000297412985580839,-1.46762746960056,0.00158662337948459
"Cvel_15546",-1.46128511074771,0.000158404881121901,-1.38035748824632,0.00810071970564114
"Cvel_13404",-1.27088355601629,9.41623820907287e-08,-1.45735824520827,1.38783531758579e-05
"Cvel_7064",-1.45179281048255,0.00263815015415595,-1.01305847607461,0.0133179417065233
"Cvel_23664",-1.44846172138942,7.68134334751594e-05,-1.22595328025722,4.46120929719629e-07
"Cvel_21709",-1.00407148951395,0.00497774220954817,-1.44606481282626,4.39399369576257e-07
"Cvel_926",-1.44567519632689,1.78614981172523e-05,-1.05446616874099,0.001773762450037
"Cvel_13070",-1.06705074083481,7.59475681894502e-09,-1.43635604939038,6.7942129507364e-10
"Cvel_36391",-1.3345407571942,1.40170512703317e-11,-1.43553443178061,1.61088411286821e-09
"Cvel_10867",-1.43302950369504,0.0246044490438714,-1.10390073327472,0.0161590767127426
"Cvel_17987",-1.42708606264702,0.00279790676057948,-1.39790887747529,0.000159308837881174
"Cvel_11357",-1.23007616704652,1.40000312289136e-07,-1.42377506723674,0.000103952395609297
"Cvel_16575",-1.40754505250696,2.67638838524516e-09,-1.42037694343396,6.19410185343404e-08
"Cvel_8487",-1.40750408109792,0.00257674227730678,-1.36284507449253,0.000282457908195444
"Cvel_2566",-1.40322266560168,9.97893466408233e-11,-1.30094169255815,0.00166192017477298
"Cvel_25219",-1.39621498502235,0.000721798122542254,-1.05695196180281,1.32123807071674e-05
"Cvel_13641",-1.39345805394334,7.92585624317115e-05,-1.17744775703473,0.044472330474574
"Cvel_13653",-1.01875185437423,0.00048143260587649,-1.3917946155096,2.07515558110919e-12
"Cvel_29347",-1.3897338433339,0.00110672219998895,-1.12390668970094,0.000315064681630015
"Cvel_21523",-1.3876939758651,0.00668307830492311,-1.0510251166201,0.00489444608029722
"Cvel_17862",-1.38656293294662,2.70493322183823e-06,-1.03455510316489,0.00705346564465031
"Cvel_15582",-1.31654739075012,0.00164828002112356,-1.36313149127719,1.01162996146171e-06
"Cvel_27948",-1.36001793032879,3.43891202100974e-05,-1.35839915662986,1.52398214573192e-06
"Cvel_21349",-1.35870431014869,4.14203556205809e-10,-1.3500060002018,1.32349726801329e-11
"Cvel_31249",-1.35411669343942,2.76972286320973e-11,-1.24232620359133,5.01020484667343e-07
"Cvel_24648",-1.35401729833264,1.58347252381245e-10,-1.10732113488361,0.000625882238207291
"Cvel_18626",-1.25648765839182,5.3314445853316e-06,-1.34784432543733,1.70644496477946e-12
"Cvel_27571",-1.20012792374247,5.04400496312393e-11,-1.34493257378757,4.01196569790089e-09
"Cvel_9345",-1.19864937847152,8.11789396904979e-09,-1.34326378348892,8.57759647107167e-06
"Cvel_13642",-1.3425559368227,6.6490001081127e-09,-1.19655203176192,0.00731285527159681
"Cvel_26745",-1.33960971067213,0.0262627513143376,-1.09050233382779,0.00596692130650275
"Cvel_16740",-1.33876121372269,3.68024568304057e-06,-1.16975261011682,2.54459160487877e-05
"Cvel_27367",-1.33753259196168,0.000185782788757036,-1.17653443199369,7.37572174071276e-06
"Cvel_34796",-1.3301778019538,0.000278406887016356,-1.18123343230643,6.25949217855823e-07
"Cvel_12903",-1.33016487750341,1.58652116426886e-06,-1.19999243208618,0.00462424471252253
"Cvel_24265",-1.3261699969127,0.000325240576195905,-1.01267114600172,2.29290046268141e-06
"Cvel_17236",-1.32420744734475,4.84942852331188e-07,-1.15678055077374,0.000411952410578384
"Cvel_24576",-1.18787542175828,0.00128767699738865,-1.32324552730098,6.95713058115888e-26
"Cvel_32592",-1.11027841619539,2.33660049172978e-09,-1.31956158795008,1.67769372121983e-06
"Cvel_27660",-1.29139480404373,6.52091741743358e-11,-1.31434164666337,9.81388862339549e-08
"Cvel_11674",-1.31140563368776,2.50685224551981e-09,-1.04156083999449,1.51458011335951e-05
"Cvel_34757",-1.22640208562745,0.00171326805176604,-1.30805801778962,8.45982843867015e-08
"Cvel_21398",-1.26661486927392,0.0171055513534285,-1.30770565396713,7.67989359667457e-05
"Cvel_11082",-1.00229148474261,3.13343606765412e-09,-1.3074048050619,8.68845501618034e-10
"Cvel_14220",-1.30264015052331,2.18872609031474e-05,-1.18449784370752,0.000559663778265803
"Cvel_30012",-1.11541987335507,0.00308772060065878,-1.29536762792014,0.0251538764837873
"Cvel_11898",-1.28887760181428,0.006936815350789,-1.0856721385539,0.00207477652415695
"Cvel_21216",-1.28656577807967,0.000198977497741328,-1.27008005000124,0.00157382395816278
"Cvel_16292",-1.28296034655361,0.00118831420501857,-1.15657674724146,0.0126749385122899
"Cvel_18591",-1.28285269285677,1.11343093172024e-05,-1.25138304367635,0.00398930932871523
"Cvel_963",-1.23395419248778,0.0434729108391229,-1.28264550208564,0.0117134060614809
"Cvel_23135",-1.2814571684078,9.6432946408835e-07,-1.25615052276398,1.04830738862902e-07
"Cvel_11563",-1.28140119010471,2.45063380642416e-08,-1.13640560938054,1.2886868837718e-06
"Cvel_11568",-1.12603502658739,1.07331184523749e-05,-1.27437232695082,1.30700430257038e-05
"Cvel_23481",-1.27406909953487,1.02338417665821e-07,-1.13537323635807,1.46618883093197e-09
"Cvel_9515",-1.27402155438368,0.00107750922805456,-1.14978223426363,0.00221857857614306
"Cvel_16734",-1.268611686725,2.37374858535256e-14,-1.04021968894212,1.18474602221274e-12
"Cvel_12089",-1.26588915760492,1.40652584430534e-05,-1.11892623602971,4.20043528782651e-05
"Cvel_4833",-1.12238006585533,4.5711109433754e-07,-1.2655624121225,9.57134086393288e-06
"Cvel_25929",-1.25624787152899,9.33536291838971e-06,-1.22031158455484,3.78203251059615e-08
"Cvel_17138",-1.00987403486353,2.36311523976731e-13,-1.25401542460135,9.95091222914921e-20
"Cvel_29473",-1.0465788794161,0.0025682005887055,-1.25142272329896,1.35608160749519e-09
"Cvel_31247",-1.12209311904064,8.3180104748968e-06,-1.24056885430756,0.0027364050982271
"Cvel_8005",-1.23258702446956,3.05898569610463e-12,-1.01032419483665,0.0231447206591536
"Cvel_27920",-1.22866974825184,0.0061839063017509,-1.04581767142945,0.00105411934255326
"Cvel_4530",-1.22198703198025,0.000259049505957904,-1.08539629190457,4.5426912826519e-06
"Cvel_8004",-1.09868655226941,5.35743115935153e-06,-1.22113287880387,1.09543751565925e-06
"Cvel_6977",-1.21055380717648,1.49352511666526e-08,-1.21726257415819,1.42359727890825e-09
"Cvel_22799",-1.21436972610128,4.05173790743299e-06,-1.20801286116517,0.00116524080810268
"Cvel_18625",-1.03714805171265,3.34971272503374e-05,-1.19921734318248,3.98158948294545e-14
"Cvel_11240",-1.14861864065249,0.000721938720837994,-1.18832253583988,9.39333503579242e-10
"Cvel_1400",-1.12092085271219,0.00037038764355798,-1.15778966103717,9.33406554088389e-05
"Cvel_25706",-1.14805922092216,0.000159672996206591,-1.06630863594385,0.0190321451097514
"Cvel_23512",-1.0706591246989,0.00795095300797162,-1.1468772233189,0.000309504206280703
"Cvel_13352",-1.09778327109314,0.0112946904936353,-1.13564989463308,1.29067916667593e-05
"Cvel_26675",-1.12008940284753,5.1051520434659e-05,-1.04437933723376,0.00310794746373827
"Cvel_28636",-1.10169593047819,8.32702544520007e-06,-1.04252851544859,5.29173583629253e-06
"Cvel_23624",-1.09965891469147,2.380381718372e-06,-1.07093273873802,0.000695067620906154
"Cvel_5734",-1.09372768409845,1.92881198450612e-06,-1.04423497727858,0.00246034741229552
"Cvel_24002",-1.01393356032513,0.000232810428133788,-1.08823620864264,0.000624221184175696
"Cvel_16549",-1.0113006908227,0.000173156413241099,-1.06815350000043,0.000150812957527747
